id,source,team,category,updated_at,content,game_date,game_time,stadium_code,stadium_name_raw,away_team_code,home_team_code,away_score,home_score,status_code,game_type,evidence_type,status_tag
schedule_bde52a01944bc7ab,https://gw.tving.com/bff/sports/v2/kbo/schedule?date=20260328&screenCode=CSSD0100&osCode=CSOD0900,롯데삼성,schedule,2026-09-07 13:48:22,2026 시즌 KBO 경기 일정입니다. 2026-03-28 14:00에 대구구장에서 롯데 원정팀과 삼성 홈팀이 경기를 진행합니다. 경기 상태는 경기 종료입니다. 최종 스코어는 롯데 6 - 삼성 3로 롯데가 승리했습니다.,2026-03-28,14:00,DAEGU,대구,LOTTE,SAMSUNG,6,3,END,REGULAR,THIRD_PARTY_API,CONFIRMED
schedule_2cc86dbf16795d3f,https://gw.tving.com/bff/sports/v2/kbo/schedule?date=20260328&screenCode=CSSD0100&osCode=CSOD0900,키움한화,schedule,2026-09-07 13:48:22,2026 시즌 KBO 경기 일정입니다. 2026-03-28 14:00에 대전구장에서 키움 원정팀과 한화 홈팀이 경기를 진행합니다. 경기 상태는 경기 종료입니다. 최종 스코어는 키움 9 - 한화 10로 한화가 승리했습니다.,2026-03-28,14:00,DAEJEON,대전,KIWOOM,HANWHA,9,10,END,REGULAR,THIRD_PARTY_API,CONFIRMED
schedule_9f977331daa35898,https://gw.tving.com/bff/sports/v2/kbo/schedule?date=20260328&screenCode=CSSD0100&osCode=CSOD0900,두산NC,schedule,2026-09-07 13:48:22,2026 시즌 KBO 경기 일정입니다. 2026-03-28 14:00에 창원구장에서 두산 원정팀과 NC 홈팀이 경기를 진행합니다. 경기 상태는 경기 종료입니다. 최종 스코어는 두산 0 - NC 6로 NC가 승리했습니다.,2026-03-28,14:00,CHANGWON,창원,DOOSAN,NC,0,6,END,REGULAR,THIRD_PARTY_API,CONFIRMED
schedule_0a32b92598352caf,https://gw.tving.com/bff/sports/v2/kbo/schedule?date=20260328&screenCode=CSSD0100&osCode=CSOD0900,KIASSG,schedule,2026-09-07 13:48:22,2026 시즌 KBO 경기 일정입니다. 2026-03-28 14:00에 문학구장에서 KIA 원정팀과 SSG 홈팀이 경기를 진행합니다. 경기 상태는 경기 종료입니다. 최종 스코어는 KIA 6 - SSG 7로 SSG가 승리했습니다.,2026-03-28,14:00,MUNHAK,문학,KIA,SSG,6,7,END,REGULAR,THIRD_PARTY_API,CONFIRMED
schedule_bef75f95e944fc37,https://gw.tving.com/bff/sports/v2/kbo/schedule?date=20260328&screenCode=CSSD0100&osCode=CSOD0900,KTLG,schedule,2026-09-07 13:48:22,2026 시즌 KBO 경기 일정입니다. 2026-03-28 14:00에 잠실구장에서 KT 원정팀과 LG 홈팀이 경기를 진행합니다. 경기 상태는 경기 종료입니다. 최종 스코어는 KT 11 - LG 7로 KT가 승리했습니다.,2026-03-28,14:00,JAMSIL,잠실,KT,LG,11,7,END,REGULAR,THIRD_PARTY_API,CONFIRMED
schedule_64b414aba0b8bbce,https://gw.tving.com/bff/sports/v2/kbo/schedule?date=20260329&screenCode=CSSD0100&osCode=CSOD0900,키움한화,schedule,2026-09-07 13:48:22,2026 시즌 KBO 경기 일정입니다. 2026-03-29 14:00에 대전구장에서 키움 원정팀과 한화 홈팀이 경기를 진행합니다. 경기 상태는 경기 종료입니다. 최종 스코어는 키움 4 - 한화 10로 한화가 승리했습니다.,2026-03-29,14:00,DAEJEON,대전,KIWOOM,HANWHA,4,10,END,REGULAR,THIRD_PARTY_API,CONFIRMED
schedule_a2bee7331544fc13,https://gw.tving.com/bff/sports/v2/kbo/schedule?date=20260329&screenCode=CSSD0100&osCode=CSOD0900,KTLG,schedule,2026-09-07 13:48:22,2026 시즌 KBO 경기 일정입니다. 2026-03-29 14:00에 잠실구장에서 KT 원정팀과 LG 홈팀이 경기를 진행합니다. 경기 상태는 경기 종료입니다. 최종 스코어는 KT 6 - LG 5로 KT가 승리했습니다.,2026-03-29,14:00,JAMSIL,잠실,KT,LG,6,5,END,REGULAR,THIRD_PARTY_API,CONFIRMED
schedule_9b6db046ca8ff47c,https://gw.tving.com/bff/sports/v2/kbo/schedule?date=20260329&screenCode=CSSD0100&osCode=CSOD0900,KIASSG,schedule,2026-09-07 13:48:22,2026 시즌 KBO 경기 일정입니다. 2026-03-29 14:00에 문학구장에서 KIA 원정팀과 SSG 홈팀이 경기를 진행합니다. 경기 상태는 경기 종료입니다. 최종 스코어는 KIA 6 - SSG 11로 SSG가 승리했습니다.,2026-03-29,14:00,MUNHAK,문학,KIA,SSG,6,11,END,REGULAR,THIRD_PARTY_API,CONFIRMED
schedule_6864e0a964e0da8c,https://gw.tving.com/bff/sports/v2/kbo/schedule?date=20260329&screenCode=CSSD0100&osCode=CSOD0900,롯데삼성,schedule,2026-09-07 13:48:22,2026 시즌 KBO 경기 일정입니다. 2026-03-29 14:00에 대구구장에서 롯데 원정팀과 삼성 홈팀이 경기를 진행합니다. 경기 상태는 경기 종료입니다. 최종 스코어는 롯데 6 - 삼성 2로 롯데가 승리했습니다.,2026-03-29,14:00,DAEGU,대구,LOTTE,SAMSUNG,6,2,END,REGULAR,THIRD_PARTY_API,CONFIRMED
schedule_4020fe6f0fb89155,https://gw.tving.com/bff/sports/v2/kbo/schedule?date=20260329&screenCode=CSSD0100&osCode=CSOD0900,두산NC,schedule,2026-09-07 13:48:22,2026 시즌 KBO 경기 일정입니다. 2026-03-29 14:00에 창원구장에서 두산 원정팀과 NC 홈팀이 경기를 진행합니다. 경기 상태는 경기 종료입니다. 최종 스코어는 두산 9 - NC 6로 두산이 승리했습니다.,2026-03-29,14:00,CHANGWON,창원,DOOSAN,NC,9,6,END,REGULAR,THIRD_PARTY_API,CONFIRMED
schedule_b4dbb1353fc25ed1,https://gw.tving.com/bff/sports/v2/kbo/schedule?date=20260331&screenCode=CSSD0100&osCode=CSOD0900,KIALG,schedule,2026-09-07 13:48:22,2026 시즌 KBO 경기 일정입니다. 2026-03-31 18:30에 잠실구장에서 KIA 원정팀과 LG 홈팀이 경기를 진행합니다. 경기 상태는 경기 종료입니다. 최종 스코어는 KIA 7 - LG 2로 KIA가 승리했습니다.,2026-03-31,18:30,JAMSIL,잠실,KIA,LG,7,2,END,REGULAR,THIRD_PARTY_API,CONFIRMED
schedule_4bd0ad6298286c36,https://gw.tving.com/bff/sports/v2/kbo/schedule?date=20260331&screenCode=CSSD0100&osCode=CSOD0900,KT한화,schedule,2026-09-07 13:48:22,2026 시즌 KBO 경기 일정입니다. 2026-03-31 18:30에 대전구장에서 KT 원정팀과 한화 홈팀이 경기를 진행합니다. 경기 상태는 경기 종료입니다. 최종 스코어는 KT 9 - 한화 4로 KT가 승리했습니다.,2026-03-31,18:30,DAEJEON,대전,KT,HANWHA,9,4,END,REGULAR,THIRD_PARTY_API,CONFIRMED
schedule_1728aeacac8b1cc6,https://gw.tving.com/bff/sports/v2/kbo/schedule?date=20260331&screenCode=CSSD0100&osCode=CSOD0900,롯데NC,schedule,2026-09-07 13:48:22,2026 시즌 KBO 경기 일정입니다. 2026-03-31 18:30에 창원구장에서 롯데 원정팀과 NC 홈팀이 경기를 진행합니다. 경기 상태는 경기 종료입니다. 최종 스코어는 롯데 2 - NC 9로 NC가 승리했습니다.,2026-03-31,18:30,CHANGWON,창원,LOTTE,NC,2,9,END,REGULAR,THIRD_PARTY_API,CONFIRMED
schedule_52101f7ea2d01e25,https://gw.tving.com/bff/sports/v2/kbo/schedule?date=20260331&screenCode=CSSD0100&osCode=CSOD0900,두산삼성,schedule,2026-09-07 13:48:22,2026 시즌 KBO 경기 일정입니다. 2026-03-31 18:30에 대구구장에서 두산 원정팀과 삼성 홈팀이 경기를 진행합니다. 경기 상태는 경기 종료입니다. 최종 스코어는 두산 5 - 삼성 5로 무승부로 종료됐습니다.,2026-03-31,18:30,DAEGU,대구,DOOSAN,SAMSUNG,5,5,END,REGULAR,THIRD_PARTY_API,CONFIRMED
schedule_c7c968047046b575,https://gw.tving.com/bff/sports/v2/kbo/schedule?date=20260331&screenCode=CSSD0100&osCode=CSOD0900,키움SSG,schedule,2026-09-07 13:48:22,2026 시즌 KBO 경기 일정입니다. 2026-03-31 18:30에 문학구장에서 키움 원정팀과 SSG 홈팀이 경기를 진행합니다. 경기 상태는 경기 종료입니다. 최종 스코어는 키움 3 - SSG 9로 SSG가 승리했습니다.,2026-03-31,18:30,MUNHAK,문학,KIWOOM,SSG,3,9,END,REGULAR,THIRD_PARTY_API,CONFIRMED
schedule_59d3864818cc024a,https://gw.tving.com/bff/sports/v2/kbo/schedule?date=20260401&screenCode=CSSD0100&osCode=CSOD0900,KT한화,schedule,2026-09-07 13:48:22,2026 시즌 KBO 경기 일정입니다. 2026-04-01 18:30에 대전구장에서 KT 원정팀과 한화 홈팀이 경기를 진행합니다. 경기 상태는 경기 종료입니다. 최종 스코어는 KT 14 - 한화 11로 KT가 승리했습니다.,2026-04-01,18:30,DAEJEON,대전,KT,HANWHA,14,11,END,REGULAR,THIRD_PARTY_API,CONFIRMED
schedule_7cda93333e89cf5d,https://gw.tving.com/bff/sports/v2/kbo/schedule?date=20260401&screenCode=CSSD0100&osCode=CSOD0900,두산삼성,schedule,2026-09-07 13:48:22,2026 시즌 KBO 경기 일정입니다. 2026-04-01 18:30에 대구구장에서 두산 원정팀과 삼성 홈팀이 경기를 진행합니다. 경기 상태는 경기 종료입니다. 최종 스코어는 두산 3 - 삼성 13로 삼성이 승리했습니다.,2026-04-01,18:30,DAEGU,대구,DOOSAN,SAMSUNG,3,13,END,REGULAR,THIRD_PARTY_API,CONFIRMED
schedule_1f16006b947de8b7,https://gw.tving.com/bff/sports/v2/kbo/schedule?date=20260401&screenCode=CSSD0100&osCode=CSOD0900,롯데NC,schedule,2026-09-07 13:48:22,2026 시즌 KBO 경기 일정입니다. 2026-04-01 18:30에 창원구장에서 롯데 원정팀과 NC 홈팀이 경기를 진행합니다. 경기 상태는 경기 종료입니다. 최종 스코어는 롯데 4 - NC 5로 NC가 승리했습니다.,2026-04-01,18:30,CHANGWON,창원,LOTTE,NC,4,5,END,REGULAR,THIRD_PARTY_API,CONFIRMED
schedule_8009955a0f4e6228,https://gw.tving.com/bff/sports/v2/kbo/schedule?date=20260401&screenCode=CSSD0100&osCode=CSOD0900,키움SSG,schedule,2026-09-07 13:48:22,2026 시즌 KBO 경기 일정입니다. 2026-04-01 18:30에 문학구장에서 키움 원정팀과 SSG 홈팀이 경기를 진행합니다. 경기 상태는 경기 종료입니다. 최종 스코어는 키움 11 - SSG 2로 키움이 승리했습니다.,2026-04-01,18:30,MUNHAK,문학,KIWOOM,SSG,11,2,END,REGULAR,THIRD_PARTY_API,CONFIRMED
schedule_ca2f374c385af434,https://gw.tving.com/bff/sports/v2/kbo/schedule?date=20260401&screenCode=CSSD0100&osCode=CSOD0900,KIALG,schedule,2026-09-07 13:48:22,2026 시즌 KBO 경기 일정입니다. 2026-04-01 18:30에 잠실구장에서 KIA 원정팀과 LG 홈팀이 경기를 진행합니다. 경기 상태는 경기 종료입니다. 최종 스코어는 KIA 2 - LG 7로 LG가 승리했습니다.,2026-04-01,18:30,JAMSIL,잠실,KIA,LG,2,7,END,REGULAR,THIRD_PARTY_API,CONFIRMED
schedule_ea1dc348ba3cad1a,https://gw.tving.com/bff/sports/v2/kbo/schedule?date=20260402&screenCode=CSSD0100&osCode=CSOD0900,KT한화,schedule,2026-09-07 13:48:22,2026 시즌 KBO 경기 일정입니다. 2026-04-02 18:30에 대전구장에서 KT 원정팀과 한화 홈팀이 경기를 진행합니다. 경기 상태는 경기 종료입니다. 최종 스코어는 KT 13 - 한화 8로 KT가 승리했습니다.,2026-04-02,18:30,DAEJEON,대전,KT,HANWHA,13,8,END,REGULAR,THIRD_PARTY_API,CONFIRMED
schedule_98c6bc40e135de8f,https://gw.tving.com/bff/sports/v2/kbo/schedule?date=20260402&screenCode=CSSD0100&osCode=CSOD0900,롯데NC,schedule,2026-09-07 13:48:22,2026 시즌 KBO 경기 일정입니다. 2026-04-02 18:30에 창원구장에서 롯데 원정팀과 NC 홈팀이 경기를 진행합니다. 경기 상태는 경기 종료입니다. 최종 스코어는 롯데 4 - NC 8로 NC가 승리했습니다.,2026-04-02,18:30,CHANGWON,창원,LOTTE,NC,4,8,END,REGULAR,THIRD_PARTY_API,CONFIRMED
schedule_ef01c50593a7bb1b,https://gw.tving.com/bff/sports/v2/kbo/schedule?date=20260402&screenCode=CSSD0100&osCode=CSOD0900,KIALG,schedule,2026-09-07 13:48:22,2026 시즌 KBO 경기 일정입니다. 2026-04-02 18:30에 잠실구장에서 KIA 원정팀과 LG 홈팀이 경기를 진행합니다. 경기 상태는 경기 종료입니다. 최종 스코어는 KIA 1 - LG 2로 LG가 승리했습니다.,2026-04-02,18:30,JAMSIL,잠실,KIA,LG,1,2,END,REGULAR,THIRD_PARTY_API,CONFIRMED
schedule_56a15e1823317659,https://gw.tving.com/bff/sports/v2/kbo/schedule?date=20260402&screenCode=CSSD0100&osCode=CSOD0900,키움SSG,schedule,2026-09-07 13:48:22,2026 시즌 KBO 경기 일정입니다. 2026-04-02 18:30에 문학구장에서 키움 원정팀과 SSG 홈팀이 경기를 진행합니다. 경기 상태는 경기 종료입니다. 최종 스코어는 키움 1 - SSG 11로 SSG가 승리했습니다.,2026-04-02,18:30,MUNHAK,문학,KIWOOM,SSG,1,11,END,REGULAR,THIRD_PARTY_API,CONFIRMED
schedule_f7df6e78af3a1317,https://gw.tving.com/bff/sports/v2/kbo/schedule?date=20260402&screenCode=CSSD0100&osCode=CSOD0900,두산삼성,schedule,2026-09-07 13:48:22,2026 시즌 KBO 경기 일정입니다. 2026-04-02 18:30에 대구구장에서 두산 원정팀과 삼성 홈팀이 경기를 진행합니다. 경기 상태는 경기 종료입니다. 최종 스코어는 두산 2 - 삼성 5로 삼성이 승리했습니다.,2026-04-02,18:30,DAEGU,대구,DOOSAN,SAMSUNG,2,5,END,REGULAR,THIRD_PARTY_API,CONFIRMED
schedule_0f336a76ce4454b6,https://gw.tving.com/bff/sports/v2/kbo/schedule?date=20260403&screenCode=CSSD0100&osCode=CSOD0900,한화두산,schedule,2026-09-07 13:48:22,2026 시즌 KBO 경기 일정입니다. 2026-04-03 18:30에 잠실구장에서 한화 원정팀과 두산 홈팀이 경기를 진행합니다. 경기 상태는 경기 종료입니다. 최종 스코어는 한화 11 - 두산 6로 한화가 승리했습니다.,2026-04-03,18:30,JAMSIL,잠실,HANWHA,DOOSAN,11,6,END,REGULAR,THIRD_PARTY_API,CONFIRMED
schedule_613dd1b46e93c1c0,https://gw.tving.com/bff/sports/v2/kbo/schedule?date=20260403&screenCode=CSSD0100&osCode=CSOD0900,삼성KT,schedule,2026-09-07 13:48:22,2026 시즌 KBO 경기 일정입니다. 2026-04-03 18:30에 수원구장에서 삼성 원정팀과 KT 홈팀이 경기를 진행합니다. 경기 상태는 경기 종료입니다. 최종 스코어는 삼성 2 - KT 1로 삼성이 승리했습니다.,2026-04-03,18:30,SUWON,수원,SAMSUNG,KT,2,1,END,REGULAR,THIRD_PARTY_API,CONFIRMED
schedule_6c335ed07931e885,https://gw.tving.com/bff/sports/v2/kbo/schedule?date=20260403&screenCode=CSSD0100&osCode=CSOD0900,SSG롯데,schedule,2026-09-07 13:48:22,2026 시즌 KBO 경기 일정입니다. 2026-04-03 18:30에 사직구장에서 SSG 원정팀과 롯데 홈팀이 경기를 진행합니다. 경기 상태는 경기 종료입니다. 최종 스코어는 SSG 17 - 롯데 2로 SSG가 승리했습니다.,2026-04-03,18:30,SAJIK,사직,SSG,LOTTE,17,2,END,REGULAR,THIRD_PARTY_API,CONFIRMED
schedule_0e5a8bbcc8eb1b87,https://gw.tving.com/bff/sports/v2/kbo/schedule?date=20260403&screenCode=CSSD0100&osCode=CSOD0900,NCKIA,schedule,2026-09-07 13:48:22,2026 시즌 KBO 경기 일정입니다. 2026-04-03 18:30에 광주구장에서 NC 원정팀과 KIA 홈팀이 경기를 진행합니다. 경기 상태는 경기 종료입니다. 최종 스코어는 NC 5 - KIA 2로 NC가 승리했습니다.,2026-04-03,18:30,GWANGJU,광주,NC,KIA,5,2,END,REGULAR,THIRD_PARTY_API,CONFIRMED
schedule_7734774697285d6d,https://gw.tving.com/bff/sports/v2/kbo/schedule?date=20260403&screenCode=CSSD0100&osCode=CSOD0900,LG키움,schedule,2026-09-07 13:48:22,2026 시즌 KBO 경기 일정입니다. 2026-04-03 18:30에 고척구장에서 LG 원정팀과 키움 홈팀이 경기를 진행합니다. 경기 상태는 경기 종료입니다. 최종 스코어는 LG 2 - 키움 5로 키움이 승리했습니다.,2026-04-03,18:30,GOCHEOK,고척,LG,KIWOOM,2,5,END,REGULAR,THIRD_PARTY_API,CONFIRMED
schedule_4b69c0ad25b23854,https://gw.tving.com/bff/sports/v2/kbo/schedule?date=20260404&screenCode=CSSD0100&osCode=CSOD0900,한화두산,schedule,2026-09-07 13:48:22,2026 시즌 KBO 경기 일정입니다. 2026-04-04 14:00에 잠실구장에서 한화 원정팀과 두산 홈팀이 경기를 진행합니다. 경기 상태는 경기 종료입니다. 최종 스코어는 한화 9 - 두산 3로 한화가 승리했습니다.,2026-04-04,14:00,JAMSIL,잠실,HANWHA,DOOSAN,9,3,END,REGULAR,THIRD_PARTY_API,CONFIRMED
schedule_89e8ce16af7f2db6,https://gw.tving.com/bff/sports/v2/kbo/schedule?date=20260404&screenCode=CSSD0100&osCode=CSOD0900,NCKIA,schedule,2026-09-07 13:48:22,2026 시즌 KBO 경기 일정입니다. 2026-04-04 17:00에 광주구장에서 NC 원정팀과 KIA 홈팀이 경기를 진행합니다. 경기 상태는 경기 종료입니다. 최종 스코어는 NC 6 - KIA 0로 NC가 승리했습니다.,2026-04-04,17:00,GWANGJU,광주,NC,KIA,6,0,END,REGULAR,THIRD_PARTY_API,CONFIRMED
schedule_331640f618bb9b32,https://gw.tving.com/bff/sports/v2/kbo/schedule?date=20260404&screenCode=CSSD0100&osCode=CSOD0900,SSG롯데,schedule,2026-09-07 13:48:22,2026 시즌 KBO 경기 일정입니다. 2026-04-04 17:00에 사직구장에서 SSG 원정팀과 롯데 홈팀이 경기를 진행합니다. 경기 상태는 경기 종료입니다. 최종 스코어는 SSG 7 - 롯데 6로 SSG가 승리했습니다.,2026-04-04,17:00,SAJIK,사직,SSG,LOTTE,7,6,END,REGULAR,THIRD_PARTY_API,CONFIRMED
schedule_0261486d042e0604,https://gw.tving.com/bff/sports/v2/kbo/schedule?date=20260404&screenCode=CSSD0100&osCode=CSOD0900,LG키움,schedule,2026-09-07 13:48:22,2026 시즌 KBO 경기 일정입니다. 2026-04-04 17:00에 고척구장에서 LG 원정팀과 키움 홈팀이 경기를 진행합니다. 경기 상태는 경기 종료입니다. 최종 스코어는 LG 6 - 키움 4로 LG가 승리했습니다.,2026-04-04,17:00,GOCHEOK,고척,LG,KIWOOM,6,4,END,REGULAR,THIRD_PARTY_API,CONFIRMED
schedule_67241c2b49610a3a,https://gw.tving.com/bff/sports/v2/kbo/schedule?date=20260404&screenCode=CSSD0100&osCode=CSOD0900,삼성KT,schedule,2026-09-07 13:48:22,2026 시즌 KBO 경기 일정입니다. 2026-04-04 17:00에 수원구장에서 삼성 원정팀과 KT 홈팀이 경기를 진행합니다. 경기 상태는 경기 종료입니다. 최종 스코어는 삼성 8 - KT 6로 삼성이 승리했습니다.,2026-04-04,17:00,SUWON,수원,SAMSUNG,KT,8,6,END,REGULAR,THIRD_PARTY_API,CONFIRMED
schedule_acbb0e5d88b4a49e,https://gw.tving.com/bff/sports/v2/kbo/schedule?date=20260405&screenCode=CSSD0100&osCode=CSOD0900,SSG롯데,schedule,2026-09-07 13:48:22,2026 시즌 KBO 경기 일정입니다. 2026-04-05 14:00에 사직구장에서 SSG 원정팀과 롯데 홈팀이 경기를 진행합니다. 경기 상태는 경기 종료입니다. 최종 스코어는 SSG 4 - 롯데 3로 SSG가 승리했습니다.,2026-04-05,14:00,SAJIK,사직,SSG,LOTTE,4,3,END,REGULAR,THIRD_PARTY_API,CONFIRMED
schedule_db2c85e69902118b,https://gw.tving.com/bff/sports/v2/kbo/schedule?date=20260405&screenCode=CSSD0100&osCode=CSOD0900,LG키움,schedule,2026-09-07 13:48:22,2026 시즌 KBO 경기 일정입니다. 2026-04-05 14:00에 고척구장에서 LG 원정팀과 키움 홈팀이 경기를 진행합니다. 경기 상태는 경기 종료입니다. 최종 스코어는 LG 6 - 키움 5로 LG가 승리했습니다.,2026-04-05,14:00,GOCHEOK,고척,LG,KIWOOM,6,5,END,REGULAR,THIRD_PARTY_API,CONFIRMED
schedule_e9bfe148e705dd0b,https://gw.tving.com/bff/sports/v2/kbo/schedule?date=20260405&screenCode=CSSD0100&osCode=CSOD0900,NCKIA,schedule,2026-09-07 13:48:22,2026 시즌 KBO 경기 일정입니다. 2026-04-05 14:00에 광주구장에서 NC 원정팀과 KIA 홈팀이 경기를 진행합니다. 경기 상태는 경기 종료입니다. 최종 스코어는 NC 0 - KIA 3로 KIA가 승리했습니다.,2026-04-05,14:00,GWANGJU,광주,NC,KIA,0,3,END,REGULAR,THIRD_PARTY_API,CONFIRMED
schedule_b8fe4659dd72a250,https://gw.tving.com/bff/sports/v2/kbo/schedule?date=20260405&screenCode=CSSD0100&osCode=CSOD0900,삼성KT,schedule,2026-09-07 13:48:22,2026 시즌 KBO 경기 일정입니다. 2026-04-05 14:00에 수원구장에서 삼성 원정팀과 KT 홈팀이 경기를 진행합니다. 경기 상태는 경기 종료입니다. 최종 스코어는 삼성 0 - KT 2로 KT가 승리했습니다.,2026-04-05,14:00,SUWON,수원,SAMSUNG,KT,0,2,END,REGULAR,THIRD_PARTY_API,CONFIRMED
schedule_358aaf37ed351d65,https://gw.tving.com/bff/sports/v2/kbo/schedule?date=20260405&screenCode=CSSD0100&osCode=CSOD0900,한화두산,schedule,2026-09-07 13:48:22,2026 시즌 KBO 경기 일정입니다. 2026-04-05 14:00에 잠실구장에서 한화 원정팀과 두산 홈팀이 경기를 진행합니다. 경기 상태는 경기 종료입니다. 최종 스코어는 한화 0 - 두산 8로 두산이 승리했습니다.,2026-04-05,14:00,JAMSIL,잠실,HANWHA,DOOSAN,0,8,END,REGULAR,THIRD_PARTY_API,CONFIRMED
schedule_aa7ca6fbdf0b2b64,https://gw.tving.com/bff/sports/v2/kbo/schedule?date=20260407&screenCode=CSSD0100&osCode=CSOD0900,삼성KIA,schedule,2026-09-07 13:48:22,2026 시즌 KBO 경기 일정입니다. 2026-04-07 18:30에 광주구장에서 삼성 원정팀과 KIA 홈팀이 경기를 진행합니다. 경기 상태는 경기 종료입니다. 최종 스코어는 삼성 10 - KIA 3로 삼성이 승리했습니다.,2026-04-07,18:30,GWANGJU,광주,SAMSUNG,KIA,10,3,END,REGULAR,THIRD_PARTY_API,CONFIRMED
schedule_4691402062e839de,https://gw.tving.com/bff/sports/v2/kbo/schedule?date=20260407&screenCode=CSSD0100&osCode=CSOD0900,LGNC,schedule,2026-09-07 13:48:22,2026 시즌 KBO 경기 일정입니다. 2026-04-07 18:30에 창원구장에서 LG 원정팀과 NC 홈팀이 경기를 진행합니다. 경기 상태는 경기 종료입니다. 최종 스코어는 LG 2 - NC 0로 LG가 승리했습니다.,2026-04-07,18:30,CHANGWON,창원,LG,NC,2,0,END,REGULAR,THIRD_PARTY_API,CONFIRMED
schedule_a390c2592c8d6026,https://gw.tving.com/bff/sports/v2/kbo/schedule?date=20260407&screenCode=CSSD0100&osCode=CSOD0900,KT롯데,schedule,2026-09-07 13:48:22,2026 시즌 KBO 경기 일정입니다. 2026-04-07 18:30에 사직구장에서 KT 원정팀과 롯데 홈팀이 경기를 진행합니다. 경기 상태는 경기 종료입니다. 최종 스코어는 KT 7 - 롯데 3로 KT가 승리했습니다.,2026-04-07,18:30,SAJIK,사직,KT,LOTTE,7,3,END,REGULAR,THIRD_PARTY_API,CONFIRMED
schedule_13db1b63f719d0a6,https://gw.tving.com/bff/sports/v2/kbo/schedule?date=20260407&screenCode=CSSD0100&osCode=CSOD0900,한화SSG,schedule,2026-09-07 13:48:22,2026 시즌 KBO 경기 일정입니다. 2026-04-07 18:30에 문학구장에서 한화 원정팀과 SSG 홈팀이 경기를 진행합니다. 경기 상태는 경기 종료입니다. 최종 스코어는 한화 6 - SSG 2로 한화가 승리했습니다.,2026-04-07,18:30,MUNHAK,문학,HANWHA,SSG,6,2,END,REGULAR,THIRD_PARTY_API,CONFIRMED
schedule_fa56e88205fd0e93,https://gw.tving.com/bff/sports/v2/kbo/schedule?date=20260407&screenCode=CSSD0100&osCode=CSOD0900,키움두산,schedule,2026-09-07 13:48:22,2026 시즌 KBO 경기 일정입니다. 2026-04-07 18:30에 잠실구장에서 키움 원정팀과 두산 홈팀이 경기를 진행합니다. 경기 상태는 경기 종료입니다. 최종 스코어는 키움 5 - 두산 2로 키움이 승리했습니다.,2026-04-07,18:30,JAMSIL,잠실,KIWOOM,DOOSAN,5,2,END,REGULAR,THIRD_PARTY_API,CONFIRMED
schedule_7cb2d5f0dbb2528e,https://gw.tving.com/bff/sports/v2/kbo/schedule?date=20260408&screenCode=CSSD0100&osCode=CSOD0900,KT롯데,schedule,2026-09-07 13:48:22,2026 시즌 KBO 경기 일정입니다. 2026-04-08 18:30에 사직구장에서 KT 원정팀과 롯데 홈팀이 경기를 진행합니다. 경기 상태는 경기 종료입니다. 최종 스코어는 KT 1 - 롯데 6로 롯데가 승리했습니다.,2026-04-08,18:30,SAJIK,사직,KT,LOTTE,1,6,END,REGULAR,THIRD_PARTY_API,CONFIRMED
schedule_85996879db68b4e1,https://gw.tving.com/bff/sports/v2/kbo/schedule?date=20260408&screenCode=CSSD0100&osCode=CSOD0900,삼성KIA,schedule,2026-09-07 13:48:22,2026 시즌 KBO 경기 일정입니다. 2026-04-08 18:30에 광주구장에서 삼성 원정팀과 KIA 홈팀이 경기를 진행합니다. 경기 상태는 경기 종료입니다. 최종 스코어는 삼성 5 - KIA 15로 KIA가 승리했습니다.,2026-04-08,18:30,GWANGJU,광주,SAMSUNG,KIA,5,15,END,REGULAR,THIRD_PARTY_API,CONFIRMED
schedule_4de25b58188a175e,https://gw.tving.com/bff/sports/v2/kbo/schedule?date=20260408&screenCode=CSSD0100&osCode=CSOD0900,LGNC,schedule,2026-09-07 13:48:22,2026 시즌 KBO 경기 일정입니다. 2026-04-08 18:30에 창원구장에서 LG 원정팀과 NC 홈팀이 경기를 진행합니다. 경기 상태는 경기 종료입니다. 최종 스코어는 LG 5 - NC 4로 LG가 승리했습니다.,2026-04-08,18:30,CHANGWON,창원,LG,NC,5,4,END,REGULAR,THIRD_PARTY_API,CONFIRMED
schedule_2326f0f0bdb1f0d3,https://gw.tving.com/bff/sports/v2/kbo/schedule?date=20260408&screenCode=CSSD0100&osCode=CSOD0900,키움두산,schedule,2026-09-07 13:48:22,2026 시즌 KBO 경기 일정입니다. 2026-04-08 18:30에 잠실구장에서 키움 원정팀과 두산 홈팀이 경기를 진행합니다. 경기 상태는 경기 종료입니다. 최종 스코어는 키움 3 - 두산 7로 두산이 승리했습니다.,2026-04-08,18:30,JAMSIL,잠실,KIWOOM,DOOSAN,3,7,END,REGULAR,THIRD_PARTY_API,CONFIRMED
schedule_5059515a54901204,https://gw.tving.com/bff/sports/v2/kbo/schedule?date=20260408&screenCode=CSSD0100&osCode=CSOD0900,한화SSG,schedule,2026-09-07 13:48:22,2026 시즌 KBO 경기 일정입니다. 2026-04-08 18:30에 문학구장에서 한화 원정팀과 SSG 홈팀이 경기를 진행합니다. 경기 상태는 경기 종료입니다. 최종 스코어는 한화 4 - SSG 3로 한화가 승리했습니다.,2026-04-08,18:30,MUNHAK,문학,HANWHA,SSG,4,3,END,REGULAR,THIRD_PARTY_API,CONFIRMED
schedule_e37bb493c89ee3f1,https://gw.tving.com/bff/sports/v2/kbo/schedule?date=20260409&screenCode=CSSD0100&osCode=CSOD0900,키움두산,schedule,2026-09-07 13:48:22,2026 시즌 KBO 경기 일정입니다. 2026-04-09 18:30에 잠실구장에서 키움 원정팀과 두산 홈팀의 경기가 예정되어 있었으나 취소되었습니다.,2026-04-09,18:30,JAMSIL,잠실,KIWOOM,DOOSAN,,,CANCEL,REGULAR,THIRD_PARTY_API,CONFIRMED
schedule_6f307db9bb006285,https://gw.tving.com/bff/sports/v2/kbo/schedule?date=20260409&screenCode=CSSD0100&osCode=CSOD0900,삼성KIA,schedule,2026-09-07 13:48:22,2026 시즌 KBO 경기 일정입니다. 2026-04-09 18:30에 광주구장에서 삼성 원정팀과 KIA 홈팀의 경기가 예정되어 있었으나 취소되었습니다.,2026-04-09,18:30,GWANGJU,광주,SAMSUNG,KIA,,,CANCEL,REGULAR,THIRD_PARTY_API,CONFIRMED
schedule_f302fc816bdf5f4e,https://gw.tving.com/bff/sports/v2/kbo/schedule?date=20260409&screenCode=CSSD0100&osCode=CSOD0900,LGNC,schedule,2026-09-07 13:48:22,2026 시즌 KBO 경기 일정입니다. 2026-04-09 18:30에 창원구장에서 LG 원정팀과 NC 홈팀의 경기가 예정되어 있었으나 취소되었습니다.,2026-04-09,18:30,CHANGWON,창원,LG,NC,,,CANCEL,REGULAR,THIRD_PARTY_API,CONFIRMED
schedule_63a32c93f8417685,https://gw.tving.com/bff/sports/v2/kbo/schedule?date=20260409&screenCode=CSSD0100&osCode=CSOD0900,KT롯데,schedule,2026-09-07 13:48:22,2026 시즌 KBO 경기 일정입니다. 2026-04-09 18:30에 사직구장에서 KT 원정팀과 롯데 홈팀의 경기가 예정되어 있었으나 취소되었습니다.,2026-04-09,18:30,SAJIK,사직,KT,LOTTE,,,CANCEL,REGULAR,THIRD_PARTY_API,CONFIRMED
schedule_07552186a5a70da5,https://gw.tving.com/bff/sports/v2/kbo/schedule?date=20260409&screenCode=CSSD0100&osCode=CSOD0900,한화SSG,schedule,2026-09-07 13:48:22,2026 시즌 KBO 경기 일정입니다. 2026-04-09 18:30에 문학구장에서 한화 원정팀과 SSG 홈팀의 경기가 예정되어 있었으나 취소되었습니다.,2026-04-09,18:30,MUNHAK,문학,HANWHA,SSG,,,CANCEL,REGULAR,THIRD_PARTY_API,CONFIRMED
schedule_f2cd373c072bf5cc,https://gw.tving.com/bff/sports/v2/kbo/schedule?date=20260410&screenCode=CSSD0100&osCode=CSOD0900,KIA한화,schedule,2026-09-07 13:48:22,2026 시즌 KBO 경기 일정입니다. 2026-04-10 18:30에 대전구장에서 KIA 원정팀과 한화 홈팀이 경기를 진행합니다. 경기 상태는 경기 종료입니다. 최종 스코어는 KIA 6 - 한화 5로 KIA가 승리했습니다.,2026-04-10,18:30,DAEJEON,대전,KIA,HANWHA,6,5,END,REGULAR,THIRD_PARTY_API,CONFIRMED
schedule_7e2d506c686d209e,https://gw.tving.com/bff/sports/v2/kbo/schedule?date=20260410&screenCode=CSSD0100&osCode=CSOD0900,두산KT,schedule,2026-09-07 13:48:22,2026 시즌 KBO 경기 일정입니다. 2026-04-10 18:30에 수원구장에서 두산 원정팀과 KT 홈팀이 경기를 진행합니다. 경기 상태는 경기 종료입니다. 최종 스코어는 두산 8 - KT 7로 두산이 승리했습니다.,2026-04-10,18:30,SUWON,수원,DOOSAN,KT,8,7,END,REGULAR,THIRD_PARTY_API,CONFIRMED
schedule_81f0d206d88b6da8,https://gw.tving.com/bff/sports/v2/kbo/schedule?date=20260410&screenCode=CSSD0100&osCode=CSOD0900,NC삼성,schedule,2026-09-07 13:48:22,2026 시즌 KBO 경기 일정입니다. 2026-04-10 18:30에 대구구장에서 NC 원정팀과 삼성 홈팀이 경기를 진행합니다. 경기 상태는 경기 종료입니다. 최종 스코어는 NC 5 - 삼성 8로 삼성이 승리했습니다.,2026-04-10,18:30,DAEGU,대구,NC,SAMSUNG,5,8,END,REGULAR,THIRD_PARTY_API,CONFIRMED
schedule_effdb79021f81205,https://gw.tving.com/bff/sports/v2/kbo/schedule?date=20260410&screenCode=CSSD0100&osCode=CSOD0900,롯데키움,schedule,2026-09-07 13:48:22,2026 시즌 KBO 경기 일정입니다. 2026-04-10 18:30에 고척구장에서 롯데 원정팀과 키움 홈팀이 경기를 진행합니다. 경기 상태는 경기 종료입니다. 최종 스코어는 롯데 3 - 키움 1로 롯데가 승리했습니다.,2026-04-10,18:30,GOCHEOK,고척,LOTTE,KIWOOM,3,1,END,REGULAR,THIRD_PARTY_API,CONFIRMED
schedule_b41845acadae12d5,https://gw.tving.com/bff/sports/v2/kbo/schedule?date=20260410&screenCode=CSSD0100&osCode=CSOD0900,SSGLG,schedule,2026-09-07 13:48:22,2026 시즌 KBO 경기 일정입니다. 2026-04-10 18:30에 잠실구장에서 SSG 원정팀과 LG 홈팀이 경기를 진행합니다. 경기 상태는 경기 종료입니다. 최종 스코어는 SSG 2 - LG 10로 LG가 승리했습니다.,2026-04-10,18:30,JAMSIL,잠실,SSG,LG,2,10,END,REGULAR,THIRD_PARTY_API,CONFIRMED
schedule_a3a196051e8930ac,https://gw.tving.com/bff/sports/v2/kbo/schedule?date=20260411&screenCode=CSSD0100&osCode=CSOD0900,KIA한화,schedule,2026-09-07 13:48:22,2026 시즌 KBO 경기 일정입니다. 2026-04-11 14:00에 대전구장에서 KIA 원정팀과 한화 홈팀이 경기를 진행합니다. 경기 상태는 경기 종료입니다. 최종 스코어는 KIA 6 - 한화 5로 KIA가 승리했습니다.,2026-04-11,14:00,DAEJEON,대전,KIA,HANWHA,6,5,END,REGULAR,THIRD_PARTY_API,CONFIRMED
schedule_b48ab29a548c684f,https://gw.tving.com/bff/sports/v2/kbo/schedule?date=20260411&screenCode=CSSD0100&osCode=CSOD0900,두산KT,schedule,2026-09-07 13:48:22,2026 시즌 KBO 경기 일정입니다. 2026-04-11 17:00에 수원구장에서 두산 원정팀과 KT 홈팀이 경기를 진행합니다. 경기 상태는 경기 종료입니다. 최종 스코어는 두산 4 - KT 6로 KT가 승리했습니다.,2026-04-11,17:00,SUWON,수원,DOOSAN,KT,4,6,END,REGULAR,THIRD_PARTY_API,CONFIRMED
schedule_f8042174b44dba44,https://gw.tving.com/bff/sports/v2/kbo/schedule?date=20260411&screenCode=CSSD0100&osCode=CSOD0900,NC삼성,schedule,2026-09-07 13:48:22,2026 시즌 KBO 경기 일정입니다. 2026-04-11 17:00에 대구구장에서 NC 원정팀과 삼성 홈팀이 경기를 진행합니다. 경기 상태는 경기 종료입니다. 최종 스코어는 NC 4 - 삼성 5로 삼성이 승리했습니다.,2026-04-11,17:00,DAEGU,대구,NC,SAMSUNG,4,5,END,REGULAR,THIRD_PARTY_API,CONFIRMED
schedule_067807810fa7ef53,https://gw.tving.com/bff/sports/v2/kbo/schedule?date=20260411&screenCode=CSSD0100&osCode=CSOD0900,SSGLG,schedule,2026-09-07 13:48:22,2026 시즌 KBO 경기 일정입니다. 2026-04-11 17:00에 잠실구장에서 SSG 원정팀과 LG 홈팀이 경기를 진행합니다. 경기 상태는 경기 종료입니다. 최종 스코어는 SSG 3 - LG 4로 LG가 승리했습니다.,2026-04-11,17:00,JAMSIL,잠실,SSG,LG,3,4,END,REGULAR,THIRD_PARTY_API,CONFIRMED
schedule_35a41f64f1b0d921,https://gw.tving.com/bff/sports/v2/kbo/schedule?date=20260411&screenCode=CSSD0100&osCode=CSOD0900,롯데키움,schedule,2026-09-07 13:48:22,2026 시즌 KBO 경기 일정입니다. 2026-04-11 17:00에 고척구장에서 롯데 원정팀과 키움 홈팀이 경기를 진행합니다. 경기 상태는 경기 종료입니다. 최종 스코어는 롯데 3 - 키움 1로 롯데가 승리했습니다.,2026-04-11,17:00,GOCHEOK,고척,LOTTE,KIWOOM,3,1,END,REGULAR,THIRD_PARTY_API,CONFIRMED
schedule_0a23725a124e8f10,https://gw.tving.com/bff/sports/v2/kbo/schedule?date=20260412&screenCode=CSSD0100&osCode=CSOD0900,NC삼성,schedule,2026-09-07 13:48:22,2026 시즌 KBO 경기 일정입니다. 2026-04-12 14:00에 대구구장에서 NC 원정팀과 삼성 홈팀이 경기를 진행합니다. 경기 상태는 경기 종료입니다. 최종 스코어는 NC 3 - 삼성 9로 삼성이 승리했습니다.,2026-04-12,14:00,DAEGU,대구,NC,SAMSUNG,3,9,END,REGULAR,THIRD_PARTY_API,CONFIRMED
schedule_f275b0875fc5b0b8,https://gw.tving.com/bff/sports/v2/kbo/schedule?date=20260412&screenCode=CSSD0100&osCode=CSOD0900,롯데키움,schedule,2026-09-07 13:48:22,2026 시즌 KBO 경기 일정입니다. 2026-04-12 14:00에 고척구장에서 롯데 원정팀과 키움 홈팀이 경기를 진행합니다. 경기 상태는 경기 종료입니다. 최종 스코어는 롯데 0 - 키움 2로 키움이 승리했습니다.,2026-04-12,14:00,GOCHEOK,고척,LOTTE,KIWOOM,0,2,END,REGULAR,THIRD_PARTY_API,CONFIRMED
schedule_a12936eb68329eee,https://gw.tving.com/bff/sports/v2/kbo/schedule?date=20260412&screenCode=CSSD0100&osCode=CSOD0900,두산KT,schedule,2026-09-07 13:48:22,2026 시즌 KBO 경기 일정입니다. 2026-04-12 14:00에 수원구장에서 두산 원정팀과 KT 홈팀이 경기를 진행합니다. 경기 상태는 경기 종료입니다. 최종 스코어는 두산 1 - KT 6로 KT가 승리했습니다.,2026-04-12,14:00,SUWON,수원,DOOSAN,KT,1,6,END,REGULAR,THIRD_PARTY_API,CONFIRMED
schedule_005040f596f5d3d9,https://gw.tving.com/bff/sports/v2/kbo/schedule?date=20260412&screenCode=CSSD0100&osCode=CSOD0900,KIA한화,schedule,2026-09-07 13:48:22,2026 시즌 KBO 경기 일정입니다. 2026-04-12 14:00에 대전구장에서 KIA 원정팀과 한화 홈팀이 경기를 진행합니다. 경기 상태는 경기 종료입니다. 최종 스코어는 KIA 9 - 한화 3로 KIA가 승리했습니다.,2026-04-12,14:00,DAEJEON,대전,KIA,HANWHA,9,3,END,REGULAR,THIRD_PARTY_API,CONFIRMED
schedule_3923f479d9d6823a,https://gw.tving.com/bff/sports/v2/kbo/schedule?date=20260412&screenCode=CSSD0100&osCode=CSOD0900,SSGLG,schedule,2026-09-07 13:48:22,2026 시즌 KBO 경기 일정입니다. 2026-04-12 14:00에 잠실구장에서 SSG 원정팀과 LG 홈팀이 경기를 진행합니다. 경기 상태는 경기 종료입니다. 최종 스코어는 SSG 1 - LG 9로 LG가 승리했습니다.,2026-04-12,14:00,JAMSIL,잠실,SSG,LG,1,9,END,REGULAR,THIRD_PARTY_API,CONFIRMED
schedule_0a0ac663adc89dbc,https://gw.tving.com/bff/sports/v2/kbo/schedule?date=20260414&screenCode=CSSD0100&osCode=CSOD0900,삼성한화,schedule,2026-09-07 13:48:22,2026 시즌 KBO 경기 일정입니다. 2026-04-14 18:30에 대전구장에서 삼성 원정팀과 한화 홈팀이 경기를 진행합니다. 경기 상태는 경기 종료입니다. 최종 스코어는 삼성 6 - 한화 5로 삼성이 승리했습니다.,2026-04-14,18:30,DAEJEON,대전,SAMSUNG,HANWHA,6,5,END,REGULAR,THIRD_PARTY_API,CONFIRMED
schedule_a8b3f77bb2ce1b05,https://gw.tving.com/bff/sports/v2/kbo/schedule?date=20260414&screenCode=CSSD0100&osCode=CSOD0900,키움KIA,schedule,2026-09-07 13:48:22,2026 시즌 KBO 경기 일정입니다. 2026-04-14 18:30에 광주구장에서 키움 원정팀과 KIA 홈팀이 경기를 진행합니다. 경기 상태는 경기 종료입니다. 최종 스코어는 키움 2 - KIA 6로 KIA가 승리했습니다.,2026-04-14,18:30,GWANGJU,광주,KIWOOM,KIA,2,6,END,REGULAR,THIRD_PARTY_API,CONFIRMED
schedule_a37f6c39dc795849,https://gw.tving.com/bff/sports/v2/kbo/schedule?date=20260414&screenCode=CSSD0100&osCode=CSOD0900,KTNC,schedule,2026-09-07 13:48:22,2026 시즌 KBO 경기 일정입니다. 2026-04-14 18:30에 창원구장에서 KT 원정팀과 NC 홈팀이 경기를 진행합니다. 경기 상태는 경기 종료입니다. 최종 스코어는 KT 4 - NC 7로 NC가 승리했습니다.,2026-04-14,18:30,CHANGWON,창원,KT,NC,4,7,END,REGULAR,THIRD_PARTY_API,CONFIRMED
schedule_6af09c13837f9227,https://gw.tving.com/bff/sports/v2/kbo/schedule?date=20260414&screenCode=CSSD0100&osCode=CSOD0900,두산SSG,schedule,2026-09-07 13:48:22,2026 시즌 KBO 경기 일정입니다. 2026-04-14 18:30에 문학구장에서 두산 원정팀과 SSG 홈팀이 경기를 진행합니다. 경기 상태는 경기 종료입니다. 최종 스코어는 두산 11 - SSG 3로 두산이 승리했습니다.,2026-04-14,18:30,MUNHAK,문학,DOOSAN,SSG,11,3,END,REGULAR,THIRD_PARTY_API,CONFIRMED
schedule_b7e1cbd7a1f77e83,https://gw.tving.com/bff/sports/v2/kbo/schedule?date=20260414&screenCode=CSSD0100&osCode=CSOD0900,롯데LG,schedule,2026-09-07 13:48:22,2026 시즌 KBO 경기 일정입니다. 2026-04-14 18:30에 잠실구장에서 롯데 원정팀과 LG 홈팀이 경기를 진행합니다. 경기 상태는 경기 종료입니다. 최종 스코어는 롯데 1 - LG 2로 LG가 승리했습니다.,2026-04-14,18:30,JAMSIL,잠실,LOTTE,LG,1,2,END,REGULAR,THIRD_PARTY_API,CONFIRMED
schedule_b2cf48d36aa9e5a8,https://gw.tving.com/bff/sports/v2/kbo/schedule?date=20260415&screenCode=CSSD0100&osCode=CSOD0900,삼성한화,schedule,2026-09-07 13:48:22,2026 시즌 KBO 경기 일정입니다. 2026-04-15 18:30에 대전구장에서 삼성 원정팀과 한화 홈팀이 경기를 진행합니다. 경기 상태는 경기 종료입니다. 최종 스코어는 삼성 13 - 한화 5로 삼성이 승리했습니다.,2026-04-15,18:30,DAEJEON,대전,SAMSUNG,HANWHA,13,5,END,REGULAR,THIRD_PARTY_API,CONFIRMED
schedule_e5c5c8ffbc7d8f1b,https://gw.tving.com/bff/sports/v2/kbo/schedule?date=20260415&screenCode=CSSD0100&osCode=CSOD0900,KTNC,schedule,2026-09-07 13:48:22,2026 시즌 KBO 경기 일정입니다. 2026-04-15 18:30에 창원구장에서 KT 원정팀과 NC 홈팀이 경기를 진행합니다. 경기 상태는 경기 종료입니다. 최종 스코어는 KT 10 - NC 2로 KT가 승리했습니다.,2026-04-15,18:30,CHANGWON,창원,KT,NC,10,2,END,REGULAR,THIRD_PARTY_API,CONFIRMED
schedule_d39a49c8a036020b,https://gw.tving.com/bff/sports/v2/kbo/schedule?date=20260415&screenCode=CSSD0100&osCode=CSOD0900,두산SSG,schedule,2026-09-07 13:48:22,2026 시즌 KBO 경기 일정입니다. 2026-04-15 18:30에 문학구장에서 두산 원정팀과 SSG 홈팀이 경기를 진행합니다. 경기 상태는 경기 종료입니다. 최종 스코어는 두산 0 - SSG 6로 SSG가 승리했습니다.,2026-04-15,18:30,MUNHAK,문학,DOOSAN,SSG,0,6,END,REGULAR,THIRD_PARTY_API,CONFIRMED
schedule_5b7698ab3d8efb2c,https://gw.tving.com/bff/sports/v2/kbo/schedule?date=20260415&screenCode=CSSD0100&osCode=CSOD0900,롯데LG,schedule,2026-09-07 13:48:22,2026 시즌 KBO 경기 일정입니다. 2026-04-15 18:30에 잠실구장에서 롯데 원정팀과 LG 홈팀이 경기를 진행합니다. 경기 상태는 경기 종료입니다. 최종 스코어는 롯데 2 - LG 0로 롯데가 승리했습니다.,2026-04-15,18:30,JAMSIL,잠실,LOTTE,LG,2,0,END,REGULAR,THIRD_PARTY_API,CONFIRMED
schedule_f1cde91105325f66,https://gw.tving.com/bff/sports/v2/kbo/schedule?date=20260415&screenCode=CSSD0100&osCode=CSOD0900,키움KIA,schedule,2026-09-07 13:48:22,2026 시즌 KBO 경기 일정입니다. 2026-04-15 18:30에 광주구장에서 키움 원정팀과 KIA 홈팀이 경기를 진행합니다. 경기 상태는 경기 종료입니다. 최종 스코어는 키움 5 - KIA 7로 KIA가 승리했습니다.,2026-04-15,18:30,GWANGJU,광주,KIWOOM,KIA,5,7,END,REGULAR,THIRD_PARTY_API,CONFIRMED
schedule_a024b89ee4c6f8b5,https://gw.tving.com/bff/sports/v2/kbo/schedule?date=20260416&screenCode=CSSD0100&osCode=CSOD0900,키움KIA,schedule,2026-09-07 13:48:22,2026 시즌 KBO 경기 일정입니다. 2026-04-16 18:30에 광주구장에서 키움 원정팀과 KIA 홈팀이 경기를 진행합니다. 경기 상태는 경기 종료입니다. 최종 스코어는 키움 1 - KIA 5로 KIA가 승리했습니다.,2026-04-16,18:30,GWANGJU,광주,KIWOOM,KIA,1,5,END,REGULAR,THIRD_PARTY_API,CONFIRMED
schedule_5ac094f1b030d212,https://gw.tving.com/bff/sports/v2/kbo/schedule?date=20260416&screenCode=CSSD0100&osCode=CSOD0900,삼성한화,schedule,2026-09-07 13:48:22,2026 시즌 KBO 경기 일정입니다. 2026-04-16 18:30에 대전구장에서 삼성 원정팀과 한화 홈팀이 경기를 진행합니다. 경기 상태는 경기 종료입니다. 최종 스코어는 삼성 6 - 한화 1로 삼성이 승리했습니다.,2026-04-16,18:30,DAEJEON,대전,SAMSUNG,HANWHA,6,1,END,REGULAR,THIRD_PARTY_API,CONFIRMED
schedule_86019b08390a02ed,https://gw.tving.com/bff/sports/v2/kbo/schedule?date=20260416&screenCode=CSSD0100&osCode=CSOD0900,두산SSG,schedule,2026-09-07 13:48:22,2026 시즌 KBO 경기 일정입니다. 2026-04-16 18:30에 문학구장에서 두산 원정팀과 SSG 홈팀이 경기를 진행합니다. 경기 상태는 경기 종료입니다. 최종 스코어는 두산 1 - SSG 2로 SSG가 승리했습니다.,2026-04-16,18:30,MUNHAK,문학,DOOSAN,SSG,1,2,END,REGULAR,THIRD_PARTY_API,CONFIRMED
schedule_331d921a260a1676,https://gw.tving.com/bff/sports/v2/kbo/schedule?date=20260416&screenCode=CSSD0100&osCode=CSOD0900,KTNC,schedule,2026-09-07 13:48:22,2026 시즌 KBO 경기 일정입니다. 2026-04-16 18:30에 창원구장에서 KT 원정팀과 NC 홈팀이 경기를 진행합니다. 경기 상태는 경기 종료입니다. 최종 스코어는 KT 4 - NC 3로 KT가 승리했습니다.,2026-04-16,18:30,CHANGWON,창원,KT,NC,4,3,END,REGULAR,THIRD_PARTY_API,CONFIRMED
schedule_eacc1ccf1080a3fe,https://gw.tving.com/bff/sports/v2/kbo/schedule?date=20260416&screenCode=CSSD0100&osCode=CSOD0900,롯데LG,schedule,2026-09-07 13:48:22,2026 시즌 KBO 경기 일정입니다. 2026-04-16 18:30에 잠실구장에서 롯데 원정팀과 LG 홈팀이 경기를 진행합니다. 경기 상태는 경기 종료입니다. 최종 스코어는 롯데 4 - LG 7로 LG가 승리했습니다.,2026-04-16,18:30,JAMSIL,잠실,LOTTE,LG,4,7,END,REGULAR,THIRD_PARTY_API,CONFIRMED
schedule_ba4624fddad0421e,https://gw.tving.com/bff/sports/v2/kbo/schedule?date=20260417&screenCode=CSSD0100&osCode=CSOD0900,한화롯데,schedule,2026-09-07 13:48:22,2026 시즌 KBO 경기 일정입니다. 2026-04-17 18:30에 사직구장에서 한화 원정팀과 롯데 홈팀의 경기가 예정되어 있었으나 취소되었습니다.,2026-04-17,18:30,SAJIK,사직,HANWHA,LOTTE,,,CANCEL,REGULAR,THIRD_PARTY_API,CONFIRMED
schedule_b28a4edfafbbbb67,https://gw.tving.com/bff/sports/v2/kbo/schedule?date=20260417&screenCode=CSSD0100&osCode=CSOD0900,LG삼성,schedule,2026-09-07 13:48:22,2026 시즌 KBO 경기 일정입니다. 2026-04-17 18:30에 대구구장에서 LG 원정팀과 삼성 홈팀의 경기가 예정되어 있었으나 취소되었습니다.,2026-04-17,18:30,DAEGU,대구,LG,SAMSUNG,,,CANCEL,REGULAR,THIRD_PARTY_API,CONFIRMED
schedule_5bd7f36d92bdf344,https://gw.tving.com/bff/sports/v2/kbo/schedule?date=20260417&screenCode=CSSD0100&osCode=CSOD0900,SSGNC,schedule,2026-09-07 13:48:22,2026 시즌 KBO 경기 일정입니다. 2026-04-17 18:30에 창원구장에서 SSG 원정팀과 NC 홈팀의 경기가 예정되어 있었으나 취소되었습니다.,2026-04-17,18:30,CHANGWON,창원,SSG,NC,,,CANCEL,REGULAR,THIRD_PARTY_API,CONFIRMED
schedule_63aca707eeac6272,https://gw.tving.com/bff/sports/v2/kbo/schedule?date=20260417&screenCode=CSSD0100&osCode=CSOD0900,키움KT,schedule,2026-09-07 13:48:22,2026 시즌 KBO 경기 일정입니다. 2026-04-17 18:30에 수원구장에서 키움 원정팀과 KT 홈팀이 경기를 진행합니다. 경기 상태는 경기 종료입니다. 최종 스코어는 키움 0 - KT 5로 KT가 승리했습니다.,2026-04-17,18:30,SUWON,수원,KIWOOM,KT,0,5,END,REGULAR,THIRD_PARTY_API,CONFIRMED
schedule_578d5c93686923c3,https://gw.tving.com/bff/sports/v2/kbo/schedule?date=20260417&screenCode=CSSD0100&osCode=CSOD0900,KIA두산,schedule,2026-09-07 13:48:22,2026 시즌 KBO 경기 일정입니다. 2026-04-17 18:30에 잠실구장에서 KIA 원정팀과 두산 홈팀이 경기를 진행합니다. 경기 상태는 경기 종료입니다. 최종 스코어는 KIA 7 - 두산 3로 KIA가 승리했습니다.,2026-04-17,18:30,JAMSIL,잠실,KIA,DOOSAN,7,3,END,REGULAR,THIRD_PARTY_API,CONFIRMED
schedule_96f025a4b51201e1,https://gw.tving.com/bff/sports/v2/kbo/schedule?date=20260418&screenCode=CSSD0100&osCode=CSOD0900,LG삼성,schedule,2026-09-07 13:48:22,2026 시즌 KBO 경기 일정입니다. 2026-04-18 14:00에 대구구장에서 LG 원정팀과 삼성 홈팀이 경기를 진행합니다. 경기 상태는 경기 종료입니다. 최종 스코어는 LG 2 - 삼성 7로 삼성이 승리했습니다.,2026-04-18,14:00,DAEGU,대구,LG,SAMSUNG,2,7,END,REGULAR,THIRD_PARTY_API,CONFIRMED
schedule_17f3c3eb49f47d65,https://gw.tving.com/bff/sports/v2/kbo/schedule?date=20260418&screenCode=CSSD0100&osCode=CSOD0900,KIA두산,schedule,2026-09-07 13:48:22,2026 시즌 KBO 경기 일정입니다. 2026-04-18 17:00에 잠실구장에서 KIA 원정팀과 두산 홈팀이 경기를 진행합니다. 경기 상태는 경기 종료입니다. 최종 스코어는 KIA 4 - 두산 5로 두산이 승리했습니다.,2026-04-18,17:00,JAMSIL,잠실,KIA,DOOSAN,4,5,END,REGULAR,THIRD_PARTY_API,CONFIRMED
schedule_63a0222d05aa2e66,https://gw.tving.com/bff/sports/v2/kbo/schedule?date=20260418&screenCode=CSSD0100&osCode=CSOD0900,키움KT,schedule,2026-09-07 13:48:22,2026 시즌 KBO 경기 일정입니다. 2026-04-18 17:00에 수원구장에서 키움 원정팀과 KT 홈팀이 경기를 진행합니다. 경기 상태는 경기 종료입니다. 최종 스코어는 키움 2 - KT 4로 KT가 승리했습니다.,2026-04-18,17:00,SUWON,수원,KIWOOM,KT,2,4,END,REGULAR,THIRD_PARTY_API,CONFIRMED
schedule_253f03a0cc494f80,https://gw.tving.com/bff/sports/v2/kbo/schedule?date=20260418&screenCode=CSSD0100&osCode=CSOD0900,SSGNC,schedule,2026-09-07 13:48:22,2026 시즌 KBO 경기 일정입니다. 2026-04-18 17:00에 창원구장에서 SSG 원정팀과 NC 홈팀이 경기를 진행합니다. 경기 상태는 경기 종료입니다. 최종 스코어는 SSG 11 - NC 3로 SSG가 승리했습니다.,2026-04-18,17:00,CHANGWON,창원,SSG,NC,11,3,END,REGULAR,THIRD_PARTY_API,CONFIRMED
schedule_145ba4cf77d6a93a,https://gw.tving.com/bff/sports/v2/kbo/schedule?date=20260418&screenCode=CSSD0100&osCode=CSOD0900,한화롯데,schedule,2026-09-07 13:48:22,2026 시즌 KBO 경기 일정입니다. 2026-04-18 17:00에 사직구장에서 한화 원정팀과 롯데 홈팀이 경기를 진행합니다. 경기 상태는 경기 종료입니다. 최종 스코어는 한화 5 - 롯데 0로 한화가 승리했습니다.,2026-04-18,17:00,SAJIK,사직,HANWHA,LOTTE,5,0,END,REGULAR,THIRD_PARTY_API,CONFIRMED
schedule_95c353793099b002,https://gw.tving.com/bff/sports/v2/kbo/schedule?date=20260419&screenCode=CSSD0100&osCode=CSOD0900,SSGNC,schedule,2026-09-07 13:48:22,2026 시즌 KBO 경기 일정입니다. 2026-04-19 14:00에 창원구장에서 SSG 원정팀과 NC 홈팀이 경기를 진행합니다. 경기 상태는 경기 종료입니다. 최종 스코어는 SSG 2 - NC 9로 NC가 승리했습니다.,2026-04-19,14:00,CHANGWON,창원,SSG,NC,2,9,END,REGULAR,THIRD_PARTY_API,CONFIRMED
schedule_6c00d8a3f7b40948,https://gw.tving.com/bff/sports/v2/kbo/schedule?date=20260419&screenCode=CSSD0100&osCode=CSOD0900,KIA두산,schedule,2026-09-07 13:48:22,2026 시즌 KBO 경기 일정입니다. 2026-04-19 14:00에 잠실구장에서 KIA 원정팀과 두산 홈팀이 경기를 진행합니다. 경기 상태는 경기 종료입니다. 최종 스코어는 KIA 3 - 두산 6로 두산이 승리했습니다.,2026-04-19,14:00,JAMSIL,잠실,KIA,DOOSAN,3,6,END,REGULAR,THIRD_PARTY_API,CONFIRMED
schedule_486c7dae60823de8,https://gw.tving.com/bff/sports/v2/kbo/schedule?date=20260419&screenCode=CSSD0100&osCode=CSOD0900,한화롯데,schedule,2026-09-07 13:48:22,2026 시즌 KBO 경기 일정입니다. 2026-04-19 14:00에 사직구장에서 한화 원정팀과 롯데 홈팀이 경기를 진행합니다. 경기 상태는 경기 종료입니다. 최종 스코어는 한화 9 - 롯데 1로 한화가 승리했습니다.,2026-04-19,14:00,SAJIK,사직,HANWHA,LOTTE,9,1,END,REGULAR,THIRD_PARTY_API,CONFIRMED
schedule_31c5ea434d4661c7,https://gw.tving.com/bff/sports/v2/kbo/schedule?date=20260419&screenCode=CSSD0100&osCode=CSOD0900,LG삼성,schedule,2026-09-07 13:48:22,2026 시즌 KBO 경기 일정입니다. 2026-04-19 14:00에 대구구장에서 LG 원정팀과 삼성 홈팀이 경기를 진행합니다. 경기 상태는 경기 종료입니다. 최종 스코어는 LG 5 - 삼성 0로 LG가 승리했습니다.,2026-04-19,14:00,DAEGU,대구,LG,SAMSUNG,5,0,END,REGULAR,THIRD_PARTY_API,CONFIRMED
schedule_6e04447f57e28c30,https://gw.tving.com/bff/sports/v2/kbo/schedule?date=20260419&screenCode=CSSD0100&osCode=CSOD0900,키움KT,schedule,2026-09-07 13:48:22,2026 시즌 KBO 경기 일정입니다. 2026-04-19 17:00에 수원구장에서 키움 원정팀과 KT 홈팀이 경기를 진행합니다. 경기 상태는 경기 종료입니다. 최종 스코어는 키움 3 - KT 1로 키움이 승리했습니다.,2026-04-19,17:00,SUWON,수원,KIWOOM,KT,3,1,END,REGULAR,THIRD_PARTY_API,CONFIRMED
schedule_1d82d0c7a8e63cde,https://gw.tving.com/bff/sports/v2/kbo/schedule?date=20260421&screenCode=CSSD0100&osCode=CSOD0900,한화LG,schedule,2026-09-07 13:48:22,2026 시즌 KBO 경기 일정입니다. 2026-04-21 18:30에 잠실구장에서 한화 원정팀과 LG 홈팀이 경기를 진행합니다. 경기 상태는 경기 종료입니다. 최종 스코어는 한화 5 - LG 6로 LG가 승리했습니다.,2026-04-21,18:30,JAMSIL,잠실,HANWHA,LG,5,6,END,REGULAR,THIRD_PARTY_API,CONFIRMED
schedule_a2a2b1cf8d0851b3,https://gw.tving.com/bff/sports/v2/kbo/schedule?date=20260421&screenCode=CSSD0100&osCode=CSOD0900,NC키움,schedule,2026-09-07 13:48:22,2026 시즌 KBO 경기 일정입니다. 2026-04-21 18:30에 고척구장에서 NC 원정팀과 키움 홈팀이 경기를 진행합니다. 경기 상태는 경기 종료입니다. 최종 스코어는 NC 1 - 키움 2로 키움이 승리했습니다.,2026-04-21,18:30,GOCHEOK,고척,NC,KIWOOM,1,2,END,REGULAR,THIRD_PARTY_API,CONFIRMED
schedule_259b07b4e1283235,https://gw.tving.com/bff/sports/v2/kbo/schedule?date=20260421&screenCode=CSSD0100&osCode=CSOD0900,KIAKT,schedule,2026-09-07 13:48:22,2026 시즌 KBO 경기 일정입니다. 2026-04-21 18:30에 수원구장에서 KIA 원정팀과 KT 홈팀이 경기를 진행합니다. 경기 상태는 경기 종료입니다. 최종 스코어는 KIA 5 - KT 6로 KT가 승리했습니다.,2026-04-21,18:30,SUWON,수원,KIA,KT,5,6,END,REGULAR,THIRD_PARTY_API,CONFIRMED
schedule_2db513c21d84c5c6,https://gw.tving.com/bff/sports/v2/kbo/schedule?date=20260421&screenCode=CSSD0100&osCode=CSOD0900,SSG삼성,schedule,2026-09-07 13:48:22,2026 시즌 KBO 경기 일정입니다. 2026-04-21 18:30에 대구구장에서 SSG 원정팀과 삼성 홈팀이 경기를 진행합니다. 경기 상태는 경기 종료입니다. 최종 스코어는 SSG 5 - 삼성 4로 SSG가 승리했습니다.,2026-04-21,18:30,DAEGU,대구,SSG,SAMSUNG,5,4,END,REGULAR,THIRD_PARTY_API,CONFIRMED
schedule_0d1d1b71c2ab03e5,https://gw.tving.com/bff/sports/v2/kbo/schedule?date=20260421&screenCode=CSSD0100&osCode=CSOD0900,두산롯데,schedule,2026-09-07 13:48:22,2026 시즌 KBO 경기 일정입니다. 2026-04-21 18:30에 사직구장에서 두산 원정팀과 롯데 홈팀이 경기를 진행합니다. 경기 상태는 경기 종료입니다. 최종 스코어는 두산 6 - 롯데 2로 두산이 승리했습니다.,2026-04-21,18:30,SAJIK,사직,DOOSAN,LOTTE,6,2,END,REGULAR,THIRD_PARTY_API,CONFIRMED
schedule_e3fe685781a13c21,https://gw.tving.com/bff/sports/v2/kbo/schedule?date=20260422&screenCode=CSSD0100&osCode=CSOD0900,SSG삼성,schedule,2026-09-07 13:48:22,2026 시즌 KBO 경기 일정입니다. 2026-04-22 18:30에 대구구장에서 SSG 원정팀과 삼성 홈팀이 경기를 진행합니다. 경기 상태는 경기 종료입니다. 최종 스코어는 SSG 3 - 삼성 2로 SSG가 승리했습니다.,2026-04-22,18:30,DAEGU,대구,SSG,SAMSUNG,3,2,END,REGULAR,THIRD_PARTY_API,CONFIRMED
schedule_8455378421a914f0,https://gw.tving.com/bff/sports/v2/kbo/schedule?date=20260422&screenCode=CSSD0100&osCode=CSOD0900,KIAKT,schedule,2026-09-07 13:48:22,2026 시즌 KBO 경기 일정입니다. 2026-04-22 18:30에 수원구장에서 KIA 원정팀과 KT 홈팀이 경기를 진행합니다. 경기 상태는 경기 종료입니다. 최종 스코어는 KIA 3 - KT 8로 KT가 승리했습니다.,2026-04-22,18:30,SUWON,수원,KIA,KT,3,8,END,REGULAR,THIRD_PARTY_API,CONFIRMED
schedule_3990a0d0d9370ae2,https://gw.tving.com/bff/sports/v2/kbo/schedule?date=20260422&screenCode=CSSD0100&osCode=CSOD0900,NC키움,schedule,2026-09-07 13:48:22,2026 시즌 KBO 경기 일정입니다. 2026-04-22 18:30에 고척구장에서 NC 원정팀과 키움 홈팀이 경기를 진행합니다. 경기 상태는 경기 종료입니다. 최종 스코어는 NC 0 - 키움 3로 키움이 승리했습니다.,2026-04-22,18:30,GOCHEOK,고척,NC,KIWOOM,0,3,END,REGULAR,THIRD_PARTY_API,CONFIRMED
schedule_f9d795d4b9203cc8,https://gw.tving.com/bff/sports/v2/kbo/schedule?date=20260422&screenCode=CSSD0100&osCode=CSOD0900,한화LG,schedule,2026-09-07 13:48:22,2026 시즌 KBO 경기 일정입니다. 2026-04-22 18:30에 잠실구장에서 한화 원정팀과 LG 홈팀이 경기를 진행합니다. 경기 상태는 경기 종료입니다. 최종 스코어는 한화 0 - LG 3로 LG가 승리했습니다.,2026-04-22,18:30,JAMSIL,잠실,HANWHA,LG,0,3,END,REGULAR,THIRD_PARTY_API,CONFIRMED
schedule_bad5f9ad378b12e2,https://gw.tving.com/bff/sports/v2/kbo/schedule?date=20260422&screenCode=CSSD0100&osCode=CSOD0900,두산롯데,schedule,2026-09-07 13:48:22,2026 시즌 KBO 경기 일정입니다. 2026-04-22 18:30에 사직구장에서 두산 원정팀과 롯데 홈팀이 경기를 진행합니다. 경기 상태는 경기 종료입니다. 최종 스코어는 두산 9 - 롯데 1로 두산이 승리했습니다.,2026-04-22,18:30,SAJIK,사직,DOOSAN,LOTTE,9,1,END,REGULAR,THIRD_PARTY_API,CONFIRMED
schedule_849043ba3d983801,https://gw.tving.com/bff/sports/v2/kbo/schedule?date=20260423&screenCode=CSSD0100&osCode=CSOD0900,두산롯데,schedule,2026-09-07 13:48:22,2026 시즌 KBO 경기 일정입니다. 2026-04-23 18:30에 사직구장에서 두산 원정팀과 롯데 홈팀이 경기를 진행합니다. 경기 상태는 경기 종료입니다. 최종 스코어는 두산 1 - 롯데 6로 롯데가 승리했습니다.,2026-04-23,18:30,SAJIK,사직,DOOSAN,LOTTE,1,6,END,REGULAR,THIRD_PARTY_API,CONFIRMED
schedule_f76b2fd4dc40c9b7,https://gw.tving.com/bff/sports/v2/kbo/schedule?date=20260423&screenCode=CSSD0100&osCode=CSOD0900,KIAKT,schedule,2026-09-07 13:48:22,2026 시즌 KBO 경기 일정입니다. 2026-04-23 18:30에 수원구장에서 KIA 원정팀과 KT 홈팀이 경기를 진행합니다. 경기 상태는 경기 종료입니다. 최종 스코어는 KIA 3 - KT 8로 KT가 승리했습니다.,2026-04-23,18:30,SUWON,수원,KIA,KT,3,8,END,REGULAR,THIRD_PARTY_API,CONFIRMED
schedule_895780ab34e36d25,https://gw.tving.com/bff/sports/v2/kbo/schedule?date=20260423&screenCode=CSSD0100&osCode=CSOD0900,SSG삼성,schedule,2026-09-07 13:48:22,2026 시즌 KBO 경기 일정입니다. 2026-04-23 18:30에 대구구장에서 SSG 원정팀과 삼성 홈팀이 경기를 진행합니다. 경기 상태는 경기 종료입니다. 최종 스코어는 SSG 8 - 삼성 2로 SSG가 승리했습니다.,2026-04-23,18:30,DAEGU,대구,SSG,SAMSUNG,8,2,END,REGULAR,THIRD_PARTY_API,CONFIRMED
schedule_5fb019ba0c721876,https://gw.tving.com/bff/sports/v2/kbo/schedule?date=20260423&screenCode=CSSD0100&osCode=CSOD0900,NC키움,schedule,2026-09-07 13:48:22,2026 시즌 KBO 경기 일정입니다. 2026-04-23 18:30에 고척구장에서 NC 원정팀과 키움 홈팀이 경기를 진행합니다. 경기 상태는 경기 종료입니다. 최종 스코어는 NC 12 - 키움 2로 NC가 승리했습니다.,2026-04-23,18:30,GOCHEOK,고척,NC,KIWOOM,12,2,END,REGULAR,THIRD_PARTY_API,CONFIRMED
schedule_806ecc6ef44ff6b5,https://gw.tving.com/bff/sports/v2/kbo/schedule?date=20260423&screenCode=CSSD0100&osCode=CSOD0900,한화LG,schedule,2026-09-07 13:48:22,2026 시즌 KBO 경기 일정입니다. 2026-04-23 18:30에 잠실구장에서 한화 원정팀과 LG 홈팀이 경기를 진행합니다. 경기 상태는 경기 종료입니다. 최종 스코어는 한화 8 - LG 4로 한화가 승리했습니다.,2026-04-23,18:30,JAMSIL,잠실,HANWHA,LG,8,4,END,REGULAR,THIRD_PARTY_API,CONFIRMED
schedule_4aaa7837bffa27c9,https://gw.tving.com/bff/sports/v2/kbo/schedule?date=20260424&screenCode=CSSD0100&osCode=CSOD0900,롯데KIA,schedule,2026-09-07 13:48:22,2026 시즌 KBO 경기 일정입니다. 2026-04-24 18:30에 광주구장에서 롯데 원정팀과 KIA 홈팀이 경기를 진행합니다. 경기 상태는 경기 종료입니다. 최종 스코어는 롯데 0 - KIA 4로 KIA가 승리했습니다.,2026-04-24,18:30,GWANGJU,광주,LOTTE,KIA,0,4,END,REGULAR,THIRD_PARTY_API,CONFIRMED
schedule_c811fde78b744170,https://gw.tving.com/bff/sports/v2/kbo/schedule?date=20260424&screenCode=CSSD0100&osCode=CSOD0900,NC한화,schedule,2026-09-07 13:48:22,2026 시즌 KBO 경기 일정입니다. 2026-04-24 18:30에 대전구장에서 NC 원정팀과 한화 홈팀이 경기를 진행합니다. 경기 상태는 경기 종료입니다. 최종 스코어는 NC 7 - 한화 3로 NC가 승리했습니다.,2026-04-24,18:30,DAEJEON,대전,NC,HANWHA,7,3,END,REGULAR,THIRD_PARTY_API,CONFIRMED
schedule_71b6de91c96529e3,https://gw.tving.com/bff/sports/v2/kbo/schedule?date=20260424&screenCode=CSSD0100&osCode=CSOD0900,LG두산,schedule,2026-09-07 13:48:22,2026 시즌 KBO 경기 일정입니다. 2026-04-24 18:30에 잠실구장에서 LG 원정팀과 두산 홈팀이 경기를 진행합니다. 경기 상태는 경기 종료입니다. 최종 스코어는 LG 4 - 두산 1로 LG가 승리했습니다.,2026-04-24,18:30,JAMSIL,잠실,LG,DOOSAN,4,1,END,REGULAR,THIRD_PARTY_API,CONFIRMED
schedule_c0c63347a7e1cf1e,https://gw.tving.com/bff/sports/v2/kbo/schedule?date=20260424&screenCode=CSSD0100&osCode=CSOD0900,삼성키움,schedule,2026-09-07 13:48:22,2026 시즌 KBO 경기 일정입니다. 2026-04-24 18:30에 고척구장에서 삼성 원정팀과 키움 홈팀이 경기를 진행합니다. 경기 상태는 경기 종료입니다. 최종 스코어는 삼성 4 - 키움 6로 키움이 승리했습니다.,2026-04-24,18:30,GOCHEOK,고척,SAMSUNG,KIWOOM,4,6,END,REGULAR,THIRD_PARTY_API,CONFIRMED
schedule_c66c2051120c9c81,https://gw.tving.com/bff/sports/v2/kbo/schedule?date=20260424&screenCode=CSSD0100&osCode=CSOD0900,KTSSG,schedule,2026-09-07 13:48:22,2026 시즌 KBO 경기 일정입니다. 2026-04-24 18:30에 문학구장에서 KT 원정팀과 SSG 홈팀이 경기를 진행합니다. 경기 상태는 경기 종료입니다. 최종 스코어는 KT 0 - SSG 5로 SSG가 승리했습니다.,2026-04-24,18:30,MUNHAK,문학,KT,SSG,0,5,END,REGULAR,THIRD_PARTY_API,CONFIRMED
schedule_77552d92caf9e448,https://gw.tving.com/bff/sports/v2/kbo/schedule?date=20260425&screenCode=CSSD0100&osCode=CSOD0900,LG두산,schedule,2026-09-07 13:48:22,2026 시즌 KBO 경기 일정입니다. 2026-04-25 14:00에 잠실구장에서 LG 원정팀과 두산 홈팀이 경기를 진행합니다. 경기 상태는 경기 종료입니다. 최종 스코어는 LG 7 - 두산 5로 LG가 승리했습니다.,2026-04-25,14:00,JAMSIL,잠실,LG,DOOSAN,7,5,END,REGULAR,THIRD_PARTY_API,CONFIRMED
schedule_b3c3b6fa101c350c,https://gw.tving.com/bff/sports/v2/kbo/schedule?date=20260425&screenCode=CSSD0100&osCode=CSOD0900,삼성키움,schedule,2026-09-07 13:48:22,2026 시즌 KBO 경기 일정입니다. 2026-04-25 17:00에 고척구장에서 삼성 원정팀과 키움 홈팀이 경기를 진행합니다. 경기 상태는 경기 종료입니다. 최종 스코어는 삼성 2 - 키움 4로 키움이 승리했습니다.,2026-04-25,17:00,GOCHEOK,고척,SAMSUNG,KIWOOM,2,4,END,REGULAR,THIRD_PARTY_API,CONFIRMED
schedule_73a80036af20aef8,https://gw.tving.com/bff/sports/v2/kbo/schedule?date=20260425&screenCode=CSSD0100&osCode=CSOD0900,NC한화,schedule,2026-09-07 13:48:22,2026 시즌 KBO 경기 일정입니다. 2026-04-25 17:00에 대전구장에서 NC 원정팀과 한화 홈팀이 경기를 진행합니다. 경기 상태는 경기 종료입니다. 최종 스코어는 NC 1 - 한화 8로 한화가 승리했습니다.,2026-04-25,17:00,DAEJEON,대전,NC,HANWHA,1,8,END,REGULAR,THIRD_PARTY_API,CONFIRMED
schedule_5a8ffa2cae2c7188,https://gw.tving.com/bff/sports/v2/kbo/schedule?date=20260425&screenCode=CSSD0100&osCode=CSOD0900,KTSSG,schedule,2026-09-07 13:48:22,2026 시즌 KBO 경기 일정입니다. 2026-04-25 17:00에 문학구장에서 KT 원정팀과 SSG 홈팀이 경기를 진행합니다. 경기 상태는 경기 종료입니다. 최종 스코어는 KT 1 - SSG 3로 SSG가 승리했습니다.,2026-04-25,17:00,MUNHAK,문학,KT,SSG,1,3,END,REGULAR,THIRD_PARTY_API,CONFIRMED
schedule_47909d88d7ce424c,https://gw.tving.com/bff/sports/v2/kbo/schedule?date=20260425&screenCode=CSSD0100&osCode=CSOD0900,롯데KIA,schedule,2026-09-07 13:48:22,2026 시즌 KBO 경기 일정입니다. 2026-04-25 17:00에 광주구장에서 롯데 원정팀과 KIA 홈팀이 경기를 진행합니다. 경기 상태는 경기 종료입니다. 최종 스코어는 롯데 3 - KIA 4로 KIA가 승리했습니다.,2026-04-25,17:00,GWANGJU,광주,LOTTE,KIA,3,4,END,REGULAR,THIRD_PARTY_API,CONFIRMED
schedule_696bc2a4323661f7,https://gw.tving.com/bff/sports/v2/kbo/schedule?date=20260426&screenCode=CSSD0100&osCode=CSOD0900,롯데KIA,schedule,2026-09-07 13:48:22,2026 시즌 KBO 경기 일정입니다. 2026-04-26 14:00에 광주구장에서 롯데 원정팀과 KIA 홈팀이 경기를 진행합니다. 경기 상태는 경기 종료입니다. 최종 스코어는 롯데 5 - KIA 5로 무승부로 종료됐습니다.,2026-04-26,14:00,GWANGJU,광주,LOTTE,KIA,5,5,END,REGULAR,THIRD_PARTY_API,CONFIRMED
schedule_d8be753070834526,https://gw.tving.com/bff/sports/v2/kbo/schedule?date=20260426&screenCode=CSSD0100&osCode=CSOD0900,KTSSG,schedule,2026-09-07 13:48:22,2026 시즌 KBO 경기 일정입니다. 2026-04-26 14:00에 문학구장에서 KT 원정팀과 SSG 홈팀이 경기를 진행합니다. 경기 상태는 경기 종료입니다. 최종 스코어는 KT 12 - SSG 2로 KT가 승리했습니다.,2026-04-26,14:00,MUNHAK,문학,KT,SSG,12,2,END,REGULAR,THIRD_PARTY_API,CONFIRMED
schedule_466057e666ce8cf1,https://gw.tving.com/bff/sports/v2/kbo/schedule?date=20260426&screenCode=CSSD0100&osCode=CSOD0900,삼성키움,schedule,2026-09-07 13:48:22,2026 시즌 KBO 경기 일정입니다. 2026-04-26 14:00에 고척구장에서 삼성 원정팀과 키움 홈팀이 경기를 진행합니다. 경기 상태는 경기 종료입니다. 최종 스코어는 삼성 0 - 키움 2로 키움이 승리했습니다.,2026-04-26,14:00,GOCHEOK,고척,SAMSUNG,KIWOOM,0,2,END,REGULAR,THIRD_PARTY_API,CONFIRMED
schedule_6d23fe647a0f2172,https://gw.tving.com/bff/sports/v2/kbo/schedule?date=20260426&screenCode=CSSD0100&osCode=CSOD0900,NC한화,schedule,2026-09-07 13:48:22,2026 시즌 KBO 경기 일정입니다. 2026-04-26 14:00에 대전구장에서 NC 원정팀과 한화 홈팀이 경기를 진행합니다. 경기 상태는 경기 종료입니다. 최종 스코어는 NC 5 - 한화 3로 NC가 승리했습니다.,2026-04-26,14:00,DAEJEON,대전,NC,HANWHA,5,3,END,REGULAR,THIRD_PARTY_API,CONFIRMED
schedule_baf86f50a87b703c,https://gw.tving.com/bff/sports/v2/kbo/schedule?date=20260426&screenCode=CSSD0100&osCode=CSOD0900,LG두산,schedule,2026-09-07 13:48:22,2026 시즌 KBO 경기 일정입니다. 2026-04-26 14:00에 잠실구장에서 LG 원정팀과 두산 홈팀이 경기를 진행합니다. 경기 상태는 경기 종료입니다. 최종 스코어는 LG 3 - 두산 4로 두산이 승리했습니다.,2026-04-26,14:00,JAMSIL,잠실,LG,DOOSAN,3,4,END,REGULAR,THIRD_PARTY_API,CONFIRMED
schedule_02771a9f7d25d9cd,https://gw.tving.com/bff/sports/v2/kbo/schedule?date=20260428&screenCode=CSSD0100&osCode=CSOD0900,SSG한화,schedule,2026-09-07 13:48:22,2026 시즌 KBO 경기 일정입니다. 2026-04-28 18:30에 대전구장에서 SSG 원정팀과 한화 홈팀이 경기를 진행합니다. 경기 상태는 경기 종료입니다. 최종 스코어는 SSG 6 - 한화 7로 한화가 승리했습니다.,2026-04-28,18:30,DAEJEON,대전,SSG,HANWHA,6,7,END,REGULAR,THIRD_PARTY_API,CONFIRMED
schedule_d80b11f891ab7b75,https://gw.tving.com/bff/sports/v2/kbo/schedule?date=20260428&screenCode=CSSD0100&osCode=CSOD0900,키움롯데,schedule,2026-09-07 13:48:22,2026 시즌 KBO 경기 일정입니다. 2026-04-28 18:30에 사직구장에서 키움 원정팀과 롯데 홈팀이 경기를 진행합니다. 경기 상태는 경기 종료입니다. 최종 스코어는 키움 4 - 롯데 5로 롯데가 승리했습니다.,2026-04-28,18:30,SAJIK,사직,KIWOOM,LOTTE,4,5,END,REGULAR,THIRD_PARTY_API,CONFIRMED
schedule_291117c6058217b6,https://gw.tving.com/bff/sports/v2/kbo/schedule?date=20260428&screenCode=CSSD0100&osCode=CSOD0900,KIANC,schedule,2026-09-07 13:48:22,2026 시즌 KBO 경기 일정입니다. 2026-04-28 18:30에 창원구장에서 KIA 원정팀과 NC 홈팀이 경기를 진행합니다. 경기 상태는 경기 종료입니다. 최종 스코어는 KIA 4 - NC 5로 NC가 승리했습니다.,2026-04-28,18:30,CHANGWON,창원,KIA,NC,4,5,END,REGULAR,THIRD_PARTY_API,CONFIRMED
schedule_6f7826e7fc2d3453,https://gw.tving.com/bff/sports/v2/kbo/schedule?date=20260428&screenCode=CSSD0100&osCode=CSOD0900,LGKT,schedule,2026-09-07 13:48:22,2026 시즌 KBO 경기 일정입니다. 2026-04-28 18:30에 수원구장에서 LG 원정팀과 KT 홈팀이 경기를 진행합니다. 경기 상태는 경기 종료입니다. 최종 스코어는 LG 5 - KT 6로 KT가 승리했습니다.,2026-04-28,18:30,SUWON,수원,LG,KT,5,6,END,REGULAR,THIRD_PARTY_API,CONFIRMED
schedule_991e9cdfd3ca4638,https://gw.tving.com/bff/sports/v2/kbo/schedule?date=20260428&screenCode=CSSD0100&osCode=CSOD0900,삼성두산,schedule,2026-09-07 13:48:22,2026 시즌 KBO 경기 일정입니다. 2026-04-28 18:30에 잠실구장에서 삼성 원정팀과 두산 홈팀이 경기를 진행합니다. 경기 상태는 경기 종료입니다. 최종 스코어는 삼성 5 - 두산 4로 삼성이 승리했습니다.,2026-04-28,18:30,JAMSIL,잠실,SAMSUNG,DOOSAN,5,4,END,REGULAR,THIRD_PARTY_API,CONFIRMED
schedule_cd13fe8046e73855,https://gw.tving.com/bff/sports/v2/kbo/schedule?date=20260429&screenCode=CSSD0100&osCode=CSOD0900,SSG한화,schedule,2026-09-07 13:48:22,2026 시즌 KBO 경기 일정입니다. 2026-04-29 18:30에 대전구장에서 SSG 원정팀과 한화 홈팀이 경기를 진행합니다. 경기 상태는 경기 종료입니다. 최종 스코어는 SSG 6 - 한화 1로 SSG가 승리했습니다.,2026-04-29,18:30,DAEJEON,대전,SSG,HANWHA,6,1,END,REGULAR,THIRD_PARTY_API,CONFIRMED
schedule_d1629c3c77ddfff9,https://gw.tving.com/bff/sports/v2/kbo/schedule?date=20260429&screenCode=CSSD0100&osCode=CSOD0900,LGKT,schedule,2026-09-07 13:48:22,2026 시즌 KBO 경기 일정입니다. 2026-04-29 18:30에 수원구장에서 LG 원정팀과 KT 홈팀이 경기를 진행합니다. 경기 상태는 경기 종료입니다. 최종 스코어는 LG 4 - KT 5로 KT가 승리했습니다.,2026-04-29,18:30,SUWON,수원,LG,KT,4,5,END,REGULAR,THIRD_PARTY_API,CONFIRMED
schedule_3fe82a2be692987e,https://gw.tving.com/bff/sports/v2/kbo/schedule?date=20260429&screenCode=CSSD0100&osCode=CSOD0900,삼성두산,schedule,2026-09-07 13:48:22,2026 시즌 KBO 경기 일정입니다. 2026-04-29 18:30에 잠실구장에서 삼성 원정팀과 두산 홈팀이 경기를 진행합니다. 경기 상태는 경기 종료입니다. 최종 스코어는 삼성 0 - 두산 4로 두산이 승리했습니다.,2026-04-29,18:30,JAMSIL,잠실,SAMSUNG,DOOSAN,0,4,END,REGULAR,THIRD_PARTY_API,CONFIRMED
schedule_4d46f91725837951,https://gw.tving.com/bff/sports/v2/kbo/schedule?date=20260429&screenCode=CSSD0100&osCode=CSOD0900,KIANC,schedule,2026-09-07 13:48:22,2026 시즌 KBO 경기 일정입니다. 2026-04-29 18:30에 창원구장에서 KIA 원정팀과 NC 홈팀이 경기를 진행합니다. 경기 상태는 경기 종료입니다. 최종 스코어는 KIA 9 - NC 4로 KIA가 승리했습니다.,2026-04-29,18:30,CHANGWON,창원,KIA,NC,9,4,END,REGULAR,THIRD_PARTY_API,CONFIRMED
schedule_08187302d7502e38,https://gw.tving.com/bff/sports/v2/kbo/schedule?date=20260429&screenCode=CSSD0100&osCode=CSOD0900,키움롯데,schedule,2026-09-07 13:48:22,2026 시즌 KBO 경기 일정입니다. 2026-04-29 18:30에 사직구장에서 키움 원정팀과 롯데 홈팀이 경기를 진행합니다. 경기 상태는 경기 종료입니다. 최종 스코어는 키움 6 - 롯데 5로 키움이 승리했습니다.,2026-04-29,18:30,SAJIK,사직,KIWOOM,LOTTE,6,5,END,REGULAR,THIRD_PARTY_API,CONFIRMED
schedule_e677d64b569a4ec3,https://gw.tving.com/bff/sports/v2/kbo/schedule?date=20260430&screenCode=CSSD0100&osCode=CSOD0900,키움롯데,schedule,2026-09-07 13:48:22,2026 시즌 KBO 경기 일정입니다. 2026-04-30 18:30에 사직구장에서 키움 원정팀과 롯데 홈팀이 경기를 진행합니다. 경기 상태는 경기 종료입니다. 최종 스코어는 키움 1 - 롯데 3로 롯데가 승리했습니다.,2026-04-30,18:30,SAJIK,사직,KIWOOM,LOTTE,1,3,END,REGULAR,THIRD_PARTY_API,CONFIRMED
schedule_780bbc962fdb4a84,https://gw.tving.com/bff/sports/v2/kbo/schedule?date=20260430&screenCode=CSSD0100&osCode=CSOD0900,KIANC,schedule,2026-09-07 13:48:22,2026 시즌 KBO 경기 일정입니다. 2026-04-30 18:30에 창원구장에서 KIA 원정팀과 NC 홈팀이 경기를 진행합니다. 경기 상태는 경기 종료입니다. 최종 스코어는 KIA 2 - NC 7로 NC가 승리했습니다.,2026-04-30,18:30,CHANGWON,창원,KIA,NC,2,7,END,REGULAR,THIRD_PARTY_API,CONFIRMED
schedule_30cfe25698078bcd,https://gw.tving.com/bff/sports/v2/kbo/schedule?date=20260430&screenCode=CSSD0100&osCode=CSOD0900,LGKT,schedule,2026-09-07 13:48:22,2026 시즌 KBO 경기 일정입니다. 2026-04-30 18:30에 수원구장에서 LG 원정팀과 KT 홈팀이 경기를 진행합니다. 경기 상태는 경기 종료입니다. 최종 스코어는 LG 6 - KT 5로 LG가 승리했습니다.,2026-04-30,18:30,SUWON,수원,LG,KT,6,5,END,REGULAR,THIRD_PARTY_API,CONFIRMED
schedule_4484f175537b0510,https://gw.tving.com/bff/sports/v2/kbo/schedule?date=20260430&screenCode=CSSD0100&osCode=CSOD0900,SSG한화,schedule,2026-09-07 13:48:22,2026 시즌 KBO 경기 일정입니다. 2026-04-30 18:30에 대전구장에서 SSG 원정팀과 한화 홈팀이 경기를 진행합니다. 경기 상태는 경기 종료입니다. 최종 스코어는 SSG 14 - 한화 3로 SSG가 승리했습니다.,2026-04-30,18:30,DAEJEON,대전,SSG,HANWHA,14,3,END,REGULAR,THIRD_PARTY_API,CONFIRMED
schedule_807015ced3e67c3d,https://gw.tving.com/bff/sports/v2/kbo/schedule?date=20260430&screenCode=CSSD0100&osCode=CSOD0900,삼성두산,schedule,2026-09-07 13:48:22,2026 시즌 KBO 경기 일정입니다. 2026-04-30 18:30에 잠실구장에서 삼성 원정팀과 두산 홈팀이 경기를 진행합니다. 경기 상태는 경기 종료입니다. 최종 스코어는 삼성 5 - 두산 8로 두산이 승리했습니다.,2026-04-30,18:30,JAMSIL,잠실,SAMSUNG,DOOSAN,5,8,END,REGULAR,THIRD_PARTY_API,CONFIRMED
schedule_4d2c1fa4680deb08,https://gw.tving.com/bff/sports/v2/kbo/schedule?date=20260501&screenCode=CSSD0100&osCode=CSOD0900,한화삼성,schedule,2026-09-07 13:48:22,2026 시즌 KBO 경기 일정입니다. 2026-05-01 17:00에 대구구장에서 한화 원정팀과 삼성 홈팀이 경기를 진행합니다. 경기 상태는 경기 종료입니다. 최종 스코어는 한화 3 - 삼성 4로 삼성이 승리했습니다.,2026-05-01,17:00,DAEGU,대구,HANWHA,SAMSUNG,3,4,END,REGULAR,THIRD_PARTY_API,CONFIRMED
schedule_bf792805fa563482,https://gw.tving.com/bff/sports/v2/kbo/schedule?date=20260501&screenCode=CSSD0100&osCode=CSOD0900,두산키움,schedule,2026-09-07 13:48:22,2026 시즌 KBO 경기 일정입니다. 2026-05-01 17:00에 고척구장에서 두산 원정팀과 키움 홈팀이 경기를 진행합니다. 경기 상태는 경기 종료입니다. 최종 스코어는 두산 16 - 키움 6로 두산이 승리했습니다.,2026-05-01,17:00,GOCHEOK,고척,DOOSAN,KIWOOM,16,6,END,REGULAR,THIRD_PARTY_API,CONFIRMED
schedule_6d59d04c2616dcd3,https://gw.tving.com/bff/sports/v2/kbo/schedule?date=20260501&screenCode=CSSD0100&osCode=CSOD0900,롯데SSG,schedule,2026-09-07 13:48:22,2026 시즌 KBO 경기 일정입니다. 2026-05-01 17:00에 문학구장에서 롯데 원정팀과 SSG 홈팀이 경기를 진행합니다. 경기 상태는 경기 종료입니다. 최종 스코어는 롯데 10 - SSG 7로 롯데가 승리했습니다.,2026-05-01,17:00,MUNHAK,문학,LOTTE,SSG,10,7,END,REGULAR,THIRD_PARTY_API,CONFIRMED
schedule_1b18a379130d00b1,https://gw.tving.com/bff/sports/v2/kbo/schedule?date=20260501&screenCode=CSSD0100&osCode=CSOD0900,KTKIA,schedule,2026-09-07 13:48:22,2026 시즌 KBO 경기 일정입니다. 2026-05-01 17:00에 광주구장에서 KT 원정팀과 KIA 홈팀이 경기를 진행합니다. 경기 상태는 경기 종료입니다. 최종 스코어는 KT 4 - KIA 3로 KT가 승리했습니다.,2026-05-01,17:00,GWANGJU,광주,KT,KIA,4,3,END,REGULAR,THIRD_PARTY_API,CONFIRMED
schedule_114e84cca903d4f1,https://gw.tving.com/bff/sports/v2/kbo/schedule?date=20260501&screenCode=CSSD0100&osCode=CSOD0900,NCLG,schedule,2026-09-07 13:48:22,2026 시즌 KBO 경기 일정입니다. 2026-05-01 17:00에 잠실구장에서 NC 원정팀과 LG 홈팀이 경기를 진행합니다. 경기 상태는 경기 종료입니다. 최종 스코어는 NC 1 - LG 5로 LG가 승리했습니다.,2026-05-01,17:00,JAMSIL,잠실,NC,LG,1,5,END,REGULAR,THIRD_PARTY_API,CONFIRMED
schedule_a58e0351f124effc,https://gw.tving.com/bff/sports/v2/kbo/schedule?date=20260502&screenCode=CSSD0100&osCode=CSOD0900,롯데SSG,schedule,2026-09-07 13:48:22,2026 시즌 KBO 경기 일정입니다. 2026-05-02 14:00에 문학구장에서 롯데 원정팀과 SSG 홈팀이 경기를 진행합니다. 경기 상태는 경기 종료입니다. 최종 스코어는 롯데 7 - SSG 5로 롯데가 승리했습니다.,2026-05-02,14:00,MUNHAK,문학,LOTTE,SSG,7,5,END,REGULAR,THIRD_PARTY_API,CONFIRMED
schedule_b2003869838e8efb,https://gw.tving.com/bff/sports/v2/kbo/schedule?date=20260502&screenCode=CSSD0100&osCode=CSOD0900,두산키움,schedule,2026-09-07 13:48:22,2026 시즌 KBO 경기 일정입니다. 2026-05-02 17:00에 고척구장에서 두산 원정팀과 키움 홈팀이 경기를 진행합니다. 경기 상태는 경기 종료입니다. 최종 스코어는 두산 2 - 키움 4로 키움이 승리했습니다.,2026-05-02,17:00,GOCHEOK,고척,DOOSAN,KIWOOM,2,4,END,REGULAR,THIRD_PARTY_API,CONFIRMED
schedule_d61c18d173fc8af8,https://gw.tving.com/bff/sports/v2/kbo/schedule?date=20260502&screenCode=CSSD0100&osCode=CSOD0900,KTKIA,schedule,2026-09-07 13:48:22,2026 시즌 KBO 경기 일정입니다. 2026-05-02 17:00에 광주구장에서 KT 원정팀과 KIA 홈팀이 경기를 진행합니다. 경기 상태는 경기 종료입니다. 최종 스코어는 KT 0 - KIA 6로 KIA가 승리했습니다.,2026-05-02,17:00,GWANGJU,광주,KT,KIA,0,6,END,REGULAR,THIRD_PARTY_API,CONFIRMED
schedule_9ea72a83f4cd33f8,https://gw.tving.com/bff/sports/v2/kbo/schedule?date=20260502&screenCode=CSSD0100&osCode=CSOD0900,한화삼성,schedule,2026-09-07 13:48:22,2026 시즌 KBO 경기 일정입니다. 2026-05-02 17:00에 대구구장에서 한화 원정팀과 삼성 홈팀이 경기를 진행합니다. 경기 상태는 경기 종료입니다. 최종 스코어는 한화 13 - 삼성 3로 한화가 승리했습니다.,2026-05-02,17:00,DAEGU,대구,HANWHA,SAMSUNG,13,3,END,REGULAR,THIRD_PARTY_API,CONFIRMED
schedule_8d959c67ff63bef3,https://gw.tving.com/bff/sports/v2/kbo/schedule?date=20260502&screenCode=CSSD0100&osCode=CSOD0900,NCLG,schedule,2026-09-07 13:48:22,2026 시즌 KBO 경기 일정입니다. 2026-05-02 17:00에 잠실구장에서 NC 원정팀과 LG 홈팀이 경기를 진행합니다. 경기 상태는 경기 종료입니다. 최종 스코어는 NC 5 - LG 13로 LG가 승리했습니다.,2026-05-02,17:00,JAMSIL,잠실,NC,LG,5,13,END,REGULAR,THIRD_PARTY_API,CONFIRMED
schedule_7f43a79e89b98b25,https://gw.tving.com/bff/sports/v2/kbo/schedule?date=20260503&screenCode=CSSD0100&osCode=CSOD0900,한화삼성,schedule,2026-09-07 13:48:22,2026 시즌 KBO 경기 일정입니다. 2026-05-03 14:00에 대구구장에서 한화 원정팀과 삼성 홈팀이 경기를 진행합니다. 경기 상태는 경기 종료입니다. 최종 스코어는 한화 6 - 삼성 7로 삼성이 승리했습니다.,2026-05-03,14:00,DAEGU,대구,HANWHA,SAMSUNG,6,7,END,REGULAR,THIRD_PARTY_API,CONFIRMED
schedule_586b85bbe8b1ba75,https://gw.tving.com/bff/sports/v2/kbo/schedule?date=20260503&screenCode=CSSD0100&osCode=CSOD0900,NCLG,schedule,2026-09-07 13:48:22,2026 시즌 KBO 경기 일정입니다. 2026-05-03 14:00에 잠실구장에서 NC 원정팀과 LG 홈팀이 경기를 진행합니다. 경기 상태는 경기 종료입니다. 최종 스코어는 NC 10 - LG 3로 NC가 승리했습니다.,2026-05-03,14:00,JAMSIL,잠실,NC,LG,10,3,END,REGULAR,THIRD_PARTY_API,CONFIRMED
schedule_4e3bcfbc96416db3,https://gw.tving.com/bff/sports/v2/kbo/schedule?date=20260503&screenCode=CSSD0100&osCode=CSOD0900,두산키움,schedule,2026-09-07 13:48:22,2026 시즌 KBO 경기 일정입니다. 2026-05-03 14:00에 고척구장에서 두산 원정팀과 키움 홈팀이 경기를 진행합니다. 경기 상태는 경기 종료입니다. 최종 스코어는 두산 14 - 키움 3로 두산이 승리했습니다.,2026-05-03,14:00,GOCHEOK,고척,DOOSAN,KIWOOM,14,3,END,REGULAR,THIRD_PARTY_API,CONFIRMED
schedule_315d98a92a50ad85,https://gw.tving.com/bff/sports/v2/kbo/schedule?date=20260503&screenCode=CSSD0100&osCode=CSOD0900,KTKIA,schedule,2026-09-07 13:48:22,2026 시즌 KBO 경기 일정입니다. 2026-05-03 14:00에 광주구장에서 KT 원정팀과 KIA 홈팀이 경기를 진행합니다. 경기 상태는 경기 종료입니다. 최종 스코어는 KT 6 - KIA 4로 KT가 승리했습니다.,2026-05-03,14:00,GWANGJU,광주,KT,KIA,6,4,END,REGULAR,THIRD_PARTY_API,CONFIRMED
schedule_2e4bfaf2d86222a4,https://gw.tving.com/bff/sports/v2/kbo/schedule?date=20260503&screenCode=CSSD0100&osCode=CSOD0900,롯데SSG,schedule,2026-09-07 13:48:22,2026 시즌 KBO 경기 일정입니다. 2026-05-03 14:00에 문학구장에서 롯데 원정팀과 SSG 홈팀이 경기를 진행합니다. 경기 상태는 경기 종료입니다. 최종 스코어는 롯데 5 - SSG 2로 롯데가 승리했습니다.,2026-05-03,14:00,MUNHAK,문학,LOTTE,SSG,5,2,END,REGULAR,THIRD_PARTY_API,CONFIRMED
schedule_9ef188fb03312899,https://gw.tving.com/bff/sports/v2/kbo/schedule?date=20260505&screenCode=CSSD0100&osCode=CSOD0900,한화KIA,schedule,2026-09-07 13:48:22,2026 시즌 KBO 경기 일정입니다. 2026-05-05 14:00에 광주구장에서 한화 원정팀과 KIA 홈팀이 경기를 진행합니다. 경기 상태는 경기 종료입니다. 최종 스코어는 한화 7 - KIA 12로 KIA가 승리했습니다.,2026-05-05,14:00,GWANGJU,광주,HANWHA,KIA,7,12,END,REGULAR,THIRD_PARTY_API,CONFIRMED
schedule_1944d06cc1bfb94c,https://gw.tving.com/bff/sports/v2/kbo/schedule?date=20260505&screenCode=CSSD0100&osCode=CSOD0900,롯데KT,schedule,2026-09-07 13:48:22,2026 시즌 KBO 경기 일정입니다. 2026-05-05 14:00에 수원구장에서 롯데 원정팀과 KT 홈팀이 경기를 진행합니다. 경기 상태는 경기 종료입니다. 최종 스코어는 롯데 4 - KT 5로 KT가 승리했습니다.,2026-05-05,14:00,SUWON,수원,LOTTE,KT,4,5,END,REGULAR,THIRD_PARTY_API,CONFIRMED
schedule_13d592d64f925b8e,https://gw.tving.com/bff/sports/v2/kbo/schedule?date=20260505&screenCode=CSSD0100&osCode=CSOD0900,키움삼성,schedule,2026-09-07 13:48:22,2026 시즌 KBO 경기 일정입니다. 2026-05-05 14:00에 대구구장에서 키움 원정팀과 삼성 홈팀이 경기를 진행합니다. 경기 상태는 경기 종료입니다. 최종 스코어는 키움 1 - 삼성 11로 삼성이 승리했습니다.,2026-05-05,14:00,DAEGU,대구,KIWOOM,SAMSUNG,1,11,END,REGULAR,THIRD_PARTY_API,CONFIRMED
schedule_fa9f6fc02334830f,https://gw.tving.com/bff/sports/v2/kbo/schedule?date=20260505&screenCode=CSSD0100&osCode=CSOD0900,NCSSG,schedule,2026-09-07 13:48:22,2026 시즌 KBO 경기 일정입니다. 2026-05-05 14:00에 문학구장에서 NC 원정팀과 SSG 홈팀이 경기를 진행합니다. 경기 상태는 경기 종료입니다. 최종 스코어는 NC 7 - SSG 7로 무승부로 종료됐습니다.,2026-05-05,14:00,MUNHAK,문학,NC,SSG,7,7,END,REGULAR,THIRD_PARTY_API,CONFIRMED
schedule_2296e2e686664aea,https://gw.tving.com/bff/sports/v2/kbo/schedule?date=20260505&screenCode=CSSD0100&osCode=CSOD0900,두산LG,schedule,2026-09-07 13:48:22,2026 시즌 KBO 경기 일정입니다. 2026-05-05 14:00에 잠실구장에서 두산 원정팀과 LG 홈팀이 경기를 진행합니다. 경기 상태는 경기 종료입니다. 최종 스코어는 두산 1 - LG 2로 LG가 승리했습니다.,2026-05-05,14:00,JAMSIL,잠실,DOOSAN,LG,1,2,END,REGULAR,THIRD_PARTY_API,CONFIRMED
schedule_ddd8de7993ea2eea,https://gw.tving.com/bff/sports/v2/kbo/schedule?date=20260506&screenCode=CSSD0100&osCode=CSOD0900,NCSSG,schedule,2026-09-07 13:48:22,2026 시즌 KBO 경기 일정입니다. 2026-05-06 18:30에 문학구장에서 NC 원정팀과 SSG 홈팀이 경기를 진행합니다. 경기 상태는 경기 종료입니다. 최종 스코어는 NC 6 - SSG 7로 SSG가 승리했습니다.,2026-05-06,18:30,MUNHAK,문학,NC,SSG,6,7,END,REGULAR,THIRD_PARTY_API,CONFIRMED
schedule_8481f994a02db68e,https://gw.tving.com/bff/sports/v2/kbo/schedule?date=20260506&screenCode=CSSD0100&osCode=CSOD0900,한화KIA,schedule,2026-09-07 13:48:22,2026 시즌 KBO 경기 일정입니다. 2026-05-06 18:30에 광주구장에서 한화 원정팀과 KIA 홈팀이 경기를 진행합니다. 경기 상태는 경기 종료입니다. 최종 스코어는 한화 7 - KIA 2로 한화가 승리했습니다.,2026-05-06,18:30,GWANGJU,광주,HANWHA,KIA,7,2,END,REGULAR,THIRD_PARTY_API,CONFIRMED
schedule_7a99dd48e51b84e0,https://gw.tving.com/bff/sports/v2/kbo/schedule?date=20260506&screenCode=CSSD0100&osCode=CSOD0900,롯데KT,schedule,2026-09-07 13:48:22,2026 시즌 KBO 경기 일정입니다. 2026-05-06 18:30에 수원구장에서 롯데 원정팀과 KT 홈팀이 경기를 진행합니다. 경기 상태는 경기 종료입니다. 최종 스코어는 롯데 8 - KT 1로 롯데가 승리했습니다.,2026-05-06,18:30,SUWON,수원,LOTTE,KT,8,1,END,REGULAR,THIRD_PARTY_API,CONFIRMED
schedule_940d0e2dcbb65217,https://gw.tving.com/bff/sports/v2/kbo/schedule?date=20260506&screenCode=CSSD0100&osCode=CSOD0900,두산LG,schedule,2026-09-07 13:48:22,2026 시즌 KBO 경기 일정입니다. 2026-05-06 18:30에 잠실구장에서 두산 원정팀과 LG 홈팀이 경기를 진행합니다. 경기 상태는 경기 종료입니다. 최종 스코어는 두산 1 - LG 6로 LG가 승리했습니다.,2026-05-06,18:30,JAMSIL,잠실,DOOSAN,LG,1,6,END,REGULAR,THIRD_PARTY_API,CONFIRMED
schedule_61ca482cf1e667df,https://gw.tving.com/bff/sports/v2/kbo/schedule?date=20260506&screenCode=CSSD0100&osCode=CSOD0900,키움삼성,schedule,2026-09-07 13:48:22,2026 시즌 KBO 경기 일정입니다. 2026-05-06 18:30에 대구구장에서 키움 원정팀과 삼성 홈팀이 경기를 진행합니다. 경기 상태는 경기 종료입니다. 최종 스코어는 키움 1 - 삼성 2로 삼성이 승리했습니다.,2026-05-06,18:30,DAEGU,대구,KIWOOM,SAMSUNG,1,2,END,REGULAR,THIRD_PARTY_API,CONFIRMED
schedule_e72fe16267a74da7,https://gw.tving.com/bff/sports/v2/kbo/schedule?date=20260507&screenCode=CSSD0100&osCode=CSOD0900,롯데KT,schedule,2026-09-07 13:48:22,2026 시즌 KBO 경기 일정입니다. 2026-05-07 18:30에 수원구장에서 롯데 원정팀과 KT 홈팀의 경기가 예정되어 있었으나 취소되었습니다.,2026-05-07,18:30,SUWON,수원,LOTTE,KT,,,CANCEL,REGULAR,THIRD_PARTY_API,CONFIRMED
schedule_1d995c881c17759e,https://gw.tving.com/bff/sports/v2/kbo/schedule?date=20260507&screenCode=CSSD0100&osCode=CSOD0900,NCSSG,schedule,2026-09-07 13:48:22,2026 시즌 KBO 경기 일정입니다. 2026-05-07 18:30에 문학구장에서 NC 원정팀과 SSG 홈팀이 경기를 진행합니다. 경기 상태는 경기 종료입니다. 최종 스코어는 NC 10 - SSG 5로 NC가 승리했습니다.,2026-05-07,18:30,MUNHAK,문학,NC,SSG,10,5,END,REGULAR,THIRD_PARTY_API,CONFIRMED
schedule_024ed8f607662dcd,https://gw.tving.com/bff/sports/v2/kbo/schedule?date=20260507&screenCode=CSSD0100&osCode=CSOD0900,두산LG,schedule,2026-09-07 13:48:22,2026 시즌 KBO 경기 일정입니다. 2026-05-07 18:30에 잠실구장에서 두산 원정팀과 LG 홈팀이 경기를 진행합니다. 경기 상태는 경기 종료입니다. 최종 스코어는 두산 3 - LG 2로 두산이 승리했습니다.,2026-05-07,18:30,JAMSIL,잠실,DOOSAN,LG,3,2,END,REGULAR,THIRD_PARTY_API,CONFIRMED
schedule_350f44a1ac718a38,https://gw.tving.com/bff/sports/v2/kbo/schedule?date=20260507&screenCode=CSSD0100&osCode=CSOD0900,한화KIA,schedule,2026-09-07 13:48:22,2026 시즌 KBO 경기 일정입니다. 2026-05-07 18:30에 광주구장에서 한화 원정팀과 KIA 홈팀이 경기를 진행합니다. 경기 상태는 경기 종료입니다. 최종 스코어는 한화 11 - KIA 8로 한화가 승리했습니다.,2026-05-07,18:30,GWANGJU,광주,HANWHA,KIA,11,8,END,REGULAR,THIRD_PARTY_API,CONFIRMED
schedule_f6ee9c267ec6794f,https://gw.tving.com/bff/sports/v2/kbo/schedule?date=20260507&screenCode=CSSD0100&osCode=CSOD0900,키움삼성,schedule,2026-09-07 13:48:22,2026 시즌 KBO 경기 일정입니다. 2026-05-07 18:30에 대구구장에서 키움 원정팀과 삼성 홈팀이 경기를 진행합니다. 경기 상태는 경기 종료입니다. 최종 스코어는 키움 0 - 삼성 6로 삼성이 승리했습니다.,2026-05-07,18:30,DAEGU,대구,KIWOOM,SAMSUNG,0,6,END,REGULAR,THIRD_PARTY_API,CONFIRMED
schedule_bc5743100b8c15bd,https://gw.tving.com/bff/sports/v2/kbo/schedule?date=20260508&screenCode=CSSD0100&osCode=CSOD0900,KIA롯데,schedule,2026-09-07 13:48:22,2026 시즌 KBO 경기 일정입니다. 2026-05-08 18:30에 사직구장에서 KIA 원정팀과 롯데 홈팀이 경기를 진행합니다. 경기 상태는 경기 종료입니다. 최종 스코어는 KIA 8 - 롯데 2로 KIA가 승리했습니다.,2026-05-08,18:30,SAJIK,사직,KIA,LOTTE,8,2,END,REGULAR,THIRD_PARTY_API,CONFIRMED
schedule_864b41377b9c6d6b,https://gw.tving.com/bff/sports/v2/kbo/schedule?date=20260508&screenCode=CSSD0100&osCode=CSOD0900,LG한화,schedule,2026-09-07 13:48:22,2026 시즌 KBO 경기 일정입니다. 2026-05-08 18:30에 대전구장에서 LG 원정팀과 한화 홈팀이 경기를 진행합니다. 경기 상태는 경기 종료입니다. 최종 스코어는 LG 9 - 한화 8로 LG가 승리했습니다.,2026-05-08,18:30,DAEJEON,대전,LG,HANWHA,9,8,END,REGULAR,THIRD_PARTY_API,CONFIRMED
schedule_0fb02b4c2b6a8227,https://gw.tving.com/bff/sports/v2/kbo/schedule?date=20260508&screenCode=CSSD0100&osCode=CSOD0900,삼성NC,schedule,2026-09-07 13:48:22,2026 시즌 KBO 경기 일정입니다. 2026-05-08 18:30에 창원구장에서 삼성 원정팀과 NC 홈팀이 경기를 진행합니다. 경기 상태는 경기 종료입니다. 최종 스코어는 삼성 4 - NC 3로 삼성이 승리했습니다.,2026-05-08,18:30,CHANGWON,창원,SAMSUNG,NC,4,3,END,REGULAR,THIRD_PARTY_API,CONFIRMED
schedule_41a1cd2b44f9537e,https://gw.tving.com/bff/sports/v2/kbo/schedule?date=20260508&screenCode=CSSD0100&osCode=CSOD0900,SSG두산,schedule,2026-09-07 13:48:22,2026 시즌 KBO 경기 일정입니다. 2026-05-08 18:30에 잠실구장에서 SSG 원정팀과 두산 홈팀이 경기를 진행합니다. 경기 상태는 경기 종료입니다. 최종 스코어는 SSG 4 - 두산 1로 SSG가 승리했습니다.,2026-05-08,18:30,JAMSIL,잠실,SSG,DOOSAN,4,1,END,REGULAR,THIRD_PARTY_API,CONFIRMED
schedule_edf6dadcd2152d7e,https://gw.tving.com/bff/sports/v2/kbo/schedule?date=20260508&screenCode=CSSD0100&osCode=CSOD0900,KT키움,schedule,2026-09-07 13:48:22,2026 시즌 KBO 경기 일정입니다. 2026-05-08 18:30에 고척구장에서 KT 원정팀과 키움 홈팀이 경기를 진행합니다. 경기 상태는 경기 종료입니다. 최종 스코어는 KT 8 - 키움 0로 KT가 승리했습니다.,2026-05-08,18:30,GOCHEOK,고척,KT,KIWOOM,8,0,END,REGULAR,THIRD_PARTY_API,CONFIRMED
schedule_0193146628fab591,https://gw.tving.com/bff/sports/v2/kbo/schedule?date=20260509&screenCode=CSSD0100&osCode=CSOD0900,LG한화,schedule,2026-09-07 13:48:22,2026 시즌 KBO 경기 일정입니다. 2026-05-09 14:00에 대전구장에서 LG 원정팀과 한화 홈팀이 경기를 진행합니다. 경기 상태는 경기 종료입니다. 최종 스코어는 LG 3 - 한화 11로 한화가 승리했습니다.,2026-05-09,14:00,DAEJEON,대전,LG,HANWHA,3,11,END,REGULAR,THIRD_PARTY_API,CONFIRMED
schedule_707c7b1f99c0071e,https://gw.tving.com/bff/sports/v2/kbo/schedule?date=20260509&screenCode=CSSD0100&osCode=CSOD0900,삼성NC,schedule,2026-09-07 13:48:22,2026 시즌 KBO 경기 일정입니다. 2026-05-09 17:00에 창원구장에서 삼성 원정팀과 NC 홈팀이 경기를 진행합니다. 경기 상태는 경기 종료입니다. 최종 스코어는 삼성 5 - NC 4로 삼성이 승리했습니다.,2026-05-09,17:00,CHANGWON,창원,SAMSUNG,NC,5,4,END,REGULAR,THIRD_PARTY_API,CONFIRMED
schedule_466fd878bc9df3d7,https://gw.tving.com/bff/sports/v2/kbo/schedule?date=20260509&screenCode=CSSD0100&osCode=CSOD0900,KIA롯데,schedule,2026-09-07 13:48:22,2026 시즌 KBO 경기 일정입니다. 2026-05-09 17:00에 사직구장에서 KIA 원정팀과 롯데 홈팀이 경기를 진행합니다. 경기 상태는 경기 종료입니다. 최종 스코어는 KIA 3 - 롯데 1로 KIA가 승리했습니다.,2026-05-09,17:00,SAJIK,사직,KIA,LOTTE,3,1,END,REGULAR,THIRD_PARTY_API,CONFIRMED
schedule_1b5742888e15881b,https://gw.tving.com/bff/sports/v2/kbo/schedule?date=20260509&screenCode=CSSD0100&osCode=CSOD0900,KT키움,schedule,2026-09-07 13:48:22,2026 시즌 KBO 경기 일정입니다. 2026-05-09 17:00에 고척구장에서 KT 원정팀과 키움 홈팀이 경기를 진행합니다. 경기 상태는 경기 종료입니다. 최종 스코어는 KT 6 - 키움 6로 무승부로 종료됐습니다.,2026-05-09,17:00,GOCHEOK,고척,KT,KIWOOM,6,6,END,REGULAR,THIRD_PARTY_API,CONFIRMED
schedule_9607d9533a159ee0,https://gw.tving.com/bff/sports/v2/kbo/schedule?date=20260509&screenCode=CSSD0100&osCode=CSOD0900,SSG두산,schedule,2026-09-07 13:48:22,2026 시즌 KBO 경기 일정입니다. 2026-05-09 17:00에 잠실구장에서 SSG 원정팀과 두산 홈팀이 경기를 진행합니다. 경기 상태는 경기 종료입니다. 최종 스코어는 SSG 4 - 두산 9로 두산이 승리했습니다.,2026-05-09,17:00,JAMSIL,잠실,SSG,DOOSAN,4,9,END,REGULAR,THIRD_PARTY_API,CONFIRMED
schedule_75f9c7933c48a74e,https://gw.tving.com/bff/sports/v2/kbo/schedule?date=20260510&screenCode=CSSD0100&osCode=CSOD0900,KT키움,schedule,2026-09-07 13:48:22,2026 시즌 KBO 경기 일정입니다. 2026-05-10 14:00에 고척구장에서 KT 원정팀과 키움 홈팀이 경기를 진행합니다. 경기 상태는 경기 종료입니다. 최종 스코어는 KT 1 - 키움 5로 키움이 승리했습니다.,2026-05-10,14:00,GOCHEOK,고척,KT,KIWOOM,1,5,END,REGULAR,THIRD_PARTY_API,CONFIRMED
schedule_895e982564af33c1,https://gw.tving.com/bff/sports/v2/kbo/schedule?date=20260510&screenCode=CSSD0100&osCode=CSOD0900,삼성NC,schedule,2026-09-07 13:48:22,2026 시즌 KBO 경기 일정입니다. 2026-05-10 14:00에 창원구장에서 삼성 원정팀과 NC 홈팀이 경기를 진행합니다. 경기 상태는 경기 종료입니다. 최종 스코어는 삼성 11 - NC 1로 삼성이 승리했습니다.,2026-05-10,14:00,CHANGWON,창원,SAMSUNG,NC,11,1,END,REGULAR,THIRD_PARTY_API,CONFIRMED
schedule_caef470c28a66d0a,https://gw.tving.com/bff/sports/v2/kbo/schedule?date=20260510&screenCode=CSSD0100&osCode=CSOD0900,SSG두산,schedule,2026-09-07 13:48:22,2026 시즌 KBO 경기 일정입니다. 2026-05-10 14:00에 잠실구장에서 SSG 원정팀과 두산 홈팀이 경기를 진행합니다. 경기 상태는 경기 종료입니다. 최종 스코어는 SSG 1 - 두산 3로 두산이 승리했습니다.,2026-05-10,14:00,JAMSIL,잠실,SSG,DOOSAN,1,3,END,REGULAR,THIRD_PARTY_API,CONFIRMED
schedule_9c9eea4ebdc3b501,https://gw.tving.com/bff/sports/v2/kbo/schedule?date=20260510&screenCode=CSSD0100&osCode=CSOD0900,KIA롯데,schedule,2026-09-07 13:48:22,2026 시즌 KBO 경기 일정입니다. 2026-05-10 14:00에 사직구장에서 KIA 원정팀과 롯데 홈팀이 경기를 진행합니다. 경기 상태는 경기 종료입니다. 최종 스코어는 KIA 3 - 롯데 7로 롯데가 승리했습니다.,2026-05-10,14:00,SAJIK,사직,KIA,LOTTE,3,7,END,REGULAR,THIRD_PARTY_API,CONFIRMED
schedule_ce541129c584ea3c,https://gw.tving.com/bff/sports/v2/kbo/schedule?date=20260510&screenCode=CSSD0100&osCode=CSOD0900,LG한화,schedule,2026-09-07 13:48:22,2026 시즌 KBO 경기 일정입니다. 2026-05-10 14:00에 대전구장에서 LG 원정팀과 한화 홈팀이 경기를 진행합니다. 경기 상태는 경기 종료입니다. 최종 스코어는 LG 3 - 한화 9로 한화가 승리했습니다.,2026-05-10,14:00,DAEJEON,대전,LG,HANWHA,3,9,END,REGULAR,THIRD_PARTY_API,CONFIRMED
schedule_931285c76797bc9c,https://gw.tving.com/bff/sports/v2/kbo/schedule?date=20260512&screenCode=CSSD0100&osCode=CSOD0900,삼성LG,schedule,2026-09-07 13:48:22,2026 시즌 KBO 경기 일정입니다. 2026-05-12 18:30에 잠실구장에서 삼성 원정팀과 LG 홈팀이 경기를 진행합니다. 경기 상태는 경기 종료입니다. 최종 스코어는 삼성 9 - LG 1로 삼성이 승리했습니다.,2026-05-12,18:30,JAMSIL,잠실,SAMSUNG,LG,9,1,END,REGULAR,THIRD_PARTY_API,CONFIRMED
schedule_88b4754fece19490,https://gw.tving.com/bff/sports/v2/kbo/schedule?date=20260512&screenCode=CSSD0100&osCode=CSOD0900,한화키움,schedule,2026-09-07 13:48:22,2026 시즌 KBO 경기 일정입니다. 2026-05-12 18:30에 고척구장에서 한화 원정팀과 키움 홈팀이 경기를 진행합니다. 경기 상태는 경기 종료입니다. 최종 스코어는 한화 11 - 키움 5로 한화가 승리했습니다.,2026-05-12,18:30,GOCHEOK,고척,HANWHA,KIWOOM,11,5,END,REGULAR,THIRD_PARTY_API,CONFIRMED
schedule_1d39da870dc51b3d,https://gw.tving.com/bff/sports/v2/kbo/schedule?date=20260512&screenCode=CSSD0100&osCode=CSOD0900,두산KIA,schedule,2026-09-07 13:48:22,2026 시즌 KBO 경기 일정입니다. 2026-05-12 18:30에 광주구장에서 두산 원정팀과 KIA 홈팀이 경기를 진행합니다. 경기 상태는 경기 종료입니다. 최종 스코어는 두산 5 - KIA 1로 두산이 승리했습니다.,2026-05-12,18:30,GWANGJU,광주,DOOSAN,KIA,5,1,END,REGULAR,THIRD_PARTY_API,CONFIRMED
schedule_3ff62bcbaffded6c,https://gw.tving.com/bff/sports/v2/kbo/schedule?date=20260512&screenCode=CSSD0100&osCode=CSOD0900,SSGKT,schedule,2026-09-07 13:48:22,2026 시즌 KBO 경기 일정입니다. 2026-05-12 18:30에 수원구장에서 SSG 원정팀과 KT 홈팀이 경기를 진행합니다. 경기 상태는 경기 종료입니다. 최종 스코어는 SSG 5 - KT 1로 SSG가 승리했습니다.,2026-05-12,18:30,SUWON,수원,SSG,KT,5,1,END,REGULAR,THIRD_PARTY_API,CONFIRMED
schedule_d29835a46e55ff4d,https://gw.tving.com/bff/sports/v2/kbo/schedule?date=20260512&screenCode=CSSD0100&osCode=CSOD0900,NC롯데,schedule,2026-09-07 13:48:22,2026 시즌 KBO 경기 일정입니다. 2026-05-12 18:30에 사직구장에서 NC 원정팀과 롯데 홈팀이 경기를 진행합니다. 경기 상태는 경기 종료입니다. 최종 스코어는 NC 8 - 롯데 1로 NC가 승리했습니다.,2026-05-12,18:30,SAJIK,사직,NC,LOTTE,8,1,END,REGULAR,THIRD_PARTY_API,CONFIRMED
schedule_28484d38a9b0c125,https://gw.tving.com/bff/sports/v2/kbo/schedule?date=20260513&screenCode=CSSD0100&osCode=CSOD0900,한화키움,schedule,2026-09-07 13:48:22,2026 시즌 KBO 경기 일정입니다. 2026-05-13 18:30에 고척구장에서 한화 원정팀과 키움 홈팀이 경기를 진행합니다. 경기 상태는 경기 종료입니다. 최종 스코어는 한화 2 - 키움 3로 키움이 승리했습니다.,2026-05-13,18:30,GOCHEOK,고척,HANWHA,KIWOOM,2,3,END,REGULAR,THIRD_PARTY_API,CONFIRMED
schedule_c1640afa3d0a05f5,https://gw.tving.com/bff/sports/v2/kbo/schedule?date=20260513&screenCode=CSSD0100&osCode=CSOD0900,삼성LG,schedule,2026-09-07 13:48:22,2026 시즌 KBO 경기 일정입니다. 2026-05-13 18:30에 잠실구장에서 삼성 원정팀과 LG 홈팀이 경기를 진행합니다. 경기 상태는 경기 종료입니다. 최종 스코어는 삼성 3 - LG 5로 LG가 승리했습니다.,2026-05-13,18:30,JAMSIL,잠실,SAMSUNG,LG,3,5,END,REGULAR,THIRD_PARTY_API,CONFIRMED
schedule_d4e14cab730733f9,https://gw.tving.com/bff/sports/v2/kbo/schedule?date=20260513&screenCode=CSSD0100&osCode=CSOD0900,NC롯데,schedule,2026-09-07 13:48:22,2026 시즌 KBO 경기 일정입니다. 2026-05-13 18:30에 사직구장에서 NC 원정팀과 롯데 홈팀이 경기를 진행합니다. 경기 상태는 경기 종료입니다. 최종 스코어는 NC 5 - 롯데 10로 롯데가 승리했습니다.,2026-05-13,18:30,SAJIK,사직,NC,LOTTE,5,10,END,REGULAR,THIRD_PARTY_API,CONFIRMED
schedule_244aeef1a62bd273,https://gw.tving.com/bff/sports/v2/kbo/schedule?date=20260513&screenCode=CSSD0100&osCode=CSOD0900,두산KIA,schedule,2026-09-07 13:48:22,2026 시즌 KBO 경기 일정입니다. 2026-05-13 18:30에 광주구장에서 두산 원정팀과 KIA 홈팀이 경기를 진행합니다. 경기 상태는 경기 종료입니다. 최종 스코어는 두산 2 - KIA 9로 KIA가 승리했습니다.,2026-05-13,18:30,GWANGJU,광주,DOOSAN,KIA,2,9,END,REGULAR,THIRD_PARTY_API,CONFIRMED
schedule_08834888b2e227d8,https://gw.tving.com/bff/sports/v2/kbo/schedule?date=20260513&screenCode=CSSD0100&osCode=CSOD0900,SSGKT,schedule,2026-09-07 13:48:22,2026 시즌 KBO 경기 일정입니다. 2026-05-13 18:30에 수원구장에서 SSG 원정팀과 KT 홈팀이 경기를 진행합니다. 경기 상태는 경기 종료입니다. 최종 스코어는 SSG 4 - KT 18로 KT가 승리했습니다.,2026-05-13,18:30,SUWON,수원,SSG,KT,4,18,END,REGULAR,THIRD_PARTY_API,CONFIRMED
schedule_3c3115786f1c1a31,https://gw.tving.com/bff/sports/v2/kbo/schedule?date=20260514&screenCode=CSSD0100&osCode=CSOD0900,한화키움,schedule,2026-09-07 13:48:22,2026 시즌 KBO 경기 일정입니다. 2026-05-14 18:30에 고척구장에서 한화 원정팀과 키움 홈팀이 경기를 진행합니다. 경기 상태는 경기 종료입니다. 최종 스코어는 한화 10 - 키움 1로 한화가 승리했습니다.,2026-05-14,18:30,GOCHEOK,고척,HANWHA,KIWOOM,10,1,END,REGULAR,THIRD_PARTY_API,CONFIRMED
schedule_8b896006dc8055ab,https://gw.tving.com/bff/sports/v2/kbo/schedule?date=20260514&screenCode=CSSD0100&osCode=CSOD0900,NC롯데,schedule,2026-09-07 13:48:22,2026 시즌 KBO 경기 일정입니다. 2026-05-14 18:30에 사직구장에서 NC 원정팀과 롯데 홈팀이 경기를 진행합니다. 경기 상태는 경기 종료입니다. 최종 스코어는 NC 5 - 롯데 4로 NC가 승리했습니다.,2026-05-14,18:30,SAJIK,사직,NC,LOTTE,5,4,END,REGULAR,THIRD_PARTY_API,CONFIRMED
schedule_d5638b6203e142d6,https://gw.tving.com/bff/sports/v2/kbo/schedule?date=20260514&screenCode=CSSD0100&osCode=CSOD0900,SSGKT,schedule,2026-09-07 13:48:22,2026 시즌 KBO 경기 일정입니다. 2026-05-14 18:30에 수원구장에서 SSG 원정팀과 KT 홈팀이 경기를 진행합니다. 경기 상태는 경기 종료입니다. 최종 스코어는 SSG 16 - KT 10로 SSG가 승리했습니다.,2026-05-14,18:30,SUWON,수원,SSG,KT,16,10,END,REGULAR,THIRD_PARTY_API,CONFIRMED
schedule_c98586bc1a57f2c4,https://gw.tving.com/bff/sports/v2/kbo/schedule?date=20260514&screenCode=CSSD0100&osCode=CSOD0900,삼성LG,schedule,2026-09-07 13:48:22,2026 시즌 KBO 경기 일정입니다. 2026-05-14 18:30에 잠실구장에서 삼성 원정팀과 LG 홈팀이 경기를 진행합니다. 경기 상태는 경기 종료입니다. 최종 스코어는 삼성 9 - LG 5로 삼성이 승리했습니다.,2026-05-14,18:30,JAMSIL,잠실,SAMSUNG,LG,9,5,END,REGULAR,THIRD_PARTY_API,CONFIRMED
schedule_b94ef17693428974,https://gw.tving.com/bff/sports/v2/kbo/schedule?date=20260514&screenCode=CSSD0100&osCode=CSOD0900,두산KIA,schedule,2026-09-07 13:48:22,2026 시즌 KBO 경기 일정입니다. 2026-05-14 18:30에 광주구장에서 두산 원정팀과 KIA 홈팀이 경기를 진행합니다. 경기 상태는 경기 종료입니다. 최종 스코어는 두산 3 - KIA 5로 KIA가 승리했습니다.,2026-05-14,18:30,GWANGJU,광주,DOOSAN,KIA,3,5,END,REGULAR,THIRD_PARTY_API,CONFIRMED
schedule_f6c1e97f3d98e6f8,https://gw.tving.com/bff/sports/v2/kbo/schedule?date=20260515&screenCode=CSSD0100&osCode=CSOD0900,롯데두산,schedule,2026-09-07 13:48:22,2026 시즌 KBO 경기 일정입니다. 2026-05-15 18:30에 잠실구장에서 롯데 원정팀과 두산 홈팀이 경기를 진행합니다. 경기 상태는 경기 종료입니다. 최종 스코어는 롯데 6 - 두산 5로 롯데가 승리했습니다.,2026-05-15,18:30,JAMSIL,잠실,LOTTE,DOOSAN,6,5,END,REGULAR,THIRD_PARTY_API,CONFIRMED
schedule_b91733f4f5485690,https://gw.tving.com/bff/sports/v2/kbo/schedule?date=20260515&screenCode=CSSD0100&osCode=CSOD0900,한화KT,schedule,2026-09-07 13:48:22,2026 시즌 KBO 경기 일정입니다. 2026-05-15 18:30에 수원구장에서 한화 원정팀과 KT 홈팀이 경기를 진행합니다. 경기 상태는 경기 종료입니다. 최종 스코어는 한화 5 - KT 3로 한화가 승리했습니다.,2026-05-15,18:30,SUWON,수원,HANWHA,KT,5,3,END,REGULAR,THIRD_PARTY_API,CONFIRMED
schedule_87e7edf5e0db3bad,https://gw.tving.com/bff/sports/v2/kbo/schedule?date=20260515&screenCode=CSSD0100&osCode=CSOD0900,키움NC,schedule,2026-09-07 13:48:22,2026 시즌 KBO 경기 일정입니다. 2026-05-15 18:30에 창원구장에서 키움 원정팀과 NC 홈팀이 경기를 진행합니다. 경기 상태는 경기 종료입니다. 최종 스코어는 키움 4 - NC 1로 키움이 승리했습니다.,2026-05-15,18:30,CHANGWON,창원,KIWOOM,NC,4,1,END,REGULAR,THIRD_PARTY_API,CONFIRMED
schedule_6af585db33c0904c,https://gw.tving.com/bff/sports/v2/kbo/schedule?date=20260515&screenCode=CSSD0100&osCode=CSOD0900,LGSSG,schedule,2026-09-07 13:48:22,2026 시즌 KBO 경기 일정입니다. 2026-05-15 18:30에 문학구장에서 LG 원정팀과 SSG 홈팀이 경기를 진행합니다. 경기 상태는 경기 종료입니다. 최종 스코어는 LG 8 - SSG 7로 LG가 승리했습니다.,2026-05-15,18:30,MUNHAK,문학,LG,SSG,8,7,END,REGULAR,THIRD_PARTY_API,CONFIRMED
schedule_ad0f27b2909b0978,https://gw.tving.com/bff/sports/v2/kbo/schedule?date=20260515&screenCode=CSSD0100&osCode=CSOD0900,KIA삼성,schedule,2026-09-07 13:48:22,2026 시즌 KBO 경기 일정입니다. 2026-05-15 18:30에 대구구장에서 KIA 원정팀과 삼성 홈팀이 경기를 진행합니다. 경기 상태는 경기 종료입니다. 최종 스코어는 KIA 5 - 삼성 4로 KIA가 승리했습니다.,2026-05-15,18:30,DAEGU,대구,KIA,SAMSUNG,5,4,END,REGULAR,THIRD_PARTY_API,CONFIRMED
schedule_52ed4efc064110fd,https://gw.tving.com/bff/sports/v2/kbo/schedule?date=20260516&screenCode=CSSD0100&osCode=CSOD0900,한화KT,schedule,2026-09-07 13:48:22,2026 시즌 KBO 경기 일정입니다. 2026-05-16 14:00에 수원구장에서 한화 원정팀과 KT 홈팀이 경기를 진행합니다. 경기 상태는 경기 종료입니다. 최종 스코어는 한화 10 - KT 5로 한화가 승리했습니다.,2026-05-16,14:00,SUWON,수원,HANWHA,KT,10,5,END,REGULAR,THIRD_PARTY_API,CONFIRMED
schedule_f8e88cec500cfa21,https://gw.tving.com/bff/sports/v2/kbo/schedule?date=20260516&screenCode=CSSD0100&osCode=CSOD0900,LGSSG,schedule,2026-09-07 13:48:22,2026 시즌 KBO 경기 일정입니다. 2026-05-16 17:00에 문학구장에서 LG 원정팀과 SSG 홈팀이 경기를 진행합니다. 경기 상태는 경기 종료입니다. 최종 스코어는 LG 3 - SSG 4로 SSG가 승리했습니다.,2026-05-16,17:00,MUNHAK,문학,LG,SSG,3,4,END,REGULAR,THIRD_PARTY_API,CONFIRMED
schedule_1fb5856a8688cad9,https://gw.tving.com/bff/sports/v2/kbo/schedule?date=20260516&screenCode=CSSD0100&osCode=CSOD0900,롯데두산,schedule,2026-09-07 13:48:22,2026 시즌 KBO 경기 일정입니다. 2026-05-16 17:00에 잠실구장에서 롯데 원정팀과 두산 홈팀이 경기를 진행합니다. 경기 상태는 경기 종료입니다. 최종 스코어는 롯데 9 - 두산 10로 두산이 승리했습니다.,2026-05-16,17:00,JAMSIL,잠실,LOTTE,DOOSAN,9,10,END,REGULAR,THIRD_PARTY_API,CONFIRMED
schedule_7141887feb080a69,https://gw.tving.com/bff/sports/v2/kbo/schedule?date=20260516&screenCode=CSSD0100&osCode=CSOD0900,KIA삼성,schedule,2026-09-07 13:48:22,2026 시즌 KBO 경기 일정입니다. 2026-05-16 17:00에 대구구장에서 KIA 원정팀과 삼성 홈팀이 경기를 진행합니다. 경기 상태는 경기 종료입니다. 최종 스코어는 KIA 2 - 삼성 5로 삼성이 승리했습니다.,2026-05-16,17:00,DAEGU,대구,KIA,SAMSUNG,2,5,END,REGULAR,THIRD_PARTY_API,CONFIRMED
schedule_4052803d482c8d4e,https://gw.tving.com/bff/sports/v2/kbo/schedule?date=20260516&screenCode=CSSD0100&osCode=CSOD0900,키움NC,schedule,2026-09-07 13:48:22,2026 시즌 KBO 경기 일정입니다. 2026-05-16 17:00에 창원구장에서 키움 원정팀과 NC 홈팀이 경기를 진행합니다. 경기 상태는 경기 종료입니다. 최종 스코어는 키움 2 - NC 9로 NC가 승리했습니다.,2026-05-16,17:00,CHANGWON,창원,KIWOOM,NC,2,9,END,REGULAR,THIRD_PARTY_API,CONFIRMED
schedule_625a4e378f24dab5,https://gw.tving.com/bff/sports/v2/kbo/schedule?date=20260517&screenCode=CSSD0100&osCode=CSOD0900,롯데두산,schedule,2026-09-07 13:48:22,2026 시즌 KBO 경기 일정입니다. 2026-05-17 14:00에 잠실구장에서 롯데 원정팀과 두산 홈팀이 경기를 진행합니다. 경기 상태는 경기 종료입니다. 최종 스코어는 롯데 4 - 두산 8로 두산이 승리했습니다.,2026-05-17,14:00,JAMSIL,잠실,LOTTE,DOOSAN,4,8,END,REGULAR,THIRD_PARTY_API,CONFIRMED
schedule_ea30928071db2a50,https://gw.tving.com/bff/sports/v2/kbo/schedule?date=20260517&screenCode=CSSD0100&osCode=CSOD0900,키움NC,schedule,2026-09-07 13:48:22,2026 시즌 KBO 경기 일정입니다. 2026-05-17 14:00에 창원구장에서 키움 원정팀과 NC 홈팀이 경기를 진행합니다. 경기 상태는 경기 종료입니다. 최종 스코어는 키움 3 - NC 2로 키움이 승리했습니다.,2026-05-17,14:00,CHANGWON,창원,KIWOOM,NC,3,2,END,REGULAR,THIRD_PARTY_API,CONFIRMED
schedule_369968441a640dd6,https://gw.tving.com/bff/sports/v2/kbo/schedule?date=20260517&screenCode=CSSD0100&osCode=CSOD0900,LGSSG,schedule,2026-09-07 13:48:22,2026 시즌 KBO 경기 일정입니다. 2026-05-17 14:00에 문학구장에서 LG 원정팀과 SSG 홈팀이 경기를 진행합니다. 경기 상태는 경기 종료입니다. 최종 스코어는 LG 6 - SSG 4로 LG가 승리했습니다.,2026-05-17,14:00,MUNHAK,문학,LG,SSG,6,4,END,REGULAR,THIRD_PARTY_API,CONFIRMED
schedule_36689caa9d4e587b,https://gw.tving.com/bff/sports/v2/kbo/schedule?date=20260517&screenCode=CSSD0100&osCode=CSOD0900,KIA삼성,schedule,2026-09-07 13:48:22,2026 시즌 KBO 경기 일정입니다. 2026-05-17 14:00에 대구구장에서 KIA 원정팀과 삼성 홈팀이 경기를 진행합니다. 경기 상태는 경기 종료입니다. 최종 스코어는 KIA 16 - 삼성 7로 KIA가 승리했습니다.,2026-05-17,14:00,DAEGU,대구,KIA,SAMSUNG,16,7,END,REGULAR,THIRD_PARTY_API,CONFIRMED
schedule_b91323929a707f19,https://gw.tving.com/bff/sports/v2/kbo/schedule?date=20260517&screenCode=CSSD0100&osCode=CSOD0900,한화KT,schedule,2026-09-07 13:48:22,2026 시즌 KBO 경기 일정입니다. 2026-05-17 14:00에 수원구장에서 한화 원정팀과 KT 홈팀이 경기를 진행합니다. 경기 상태는 경기 종료입니다. 최종 스코어는 한화 7 - KT 8로 KT가 승리했습니다.,2026-05-17,14:00,SUWON,수원,HANWHA,KT,7,8,END,REGULAR,THIRD_PARTY_API,CONFIRMED
schedule_6a5e8d493fe033c2,https://gw.tving.com/bff/sports/v2/kbo/schedule?date=20260519&screenCode=CSSD0100&osCode=CSOD0900,롯데한화,schedule,2026-09-07 13:48:22,2026 시즌 KBO 경기 일정입니다. 2026-05-19 18:30에 대전구장에서 롯데 원정팀과 한화 홈팀이 경기를 진행합니다. 경기 상태는 경기 종료입니다. 최종 스코어는 롯데 6 - 한화 4로 롯데가 승리했습니다.,2026-05-19,18:30,DAEJEON,대전,LOTTE,HANWHA,6,4,END,REGULAR,THIRD_PARTY_API,CONFIRMED
schedule_e44ba78e9c92256c,https://gw.tving.com/bff/sports/v2/kbo/schedule?date=20260519&screenCode=CSSD0100&osCode=CSOD0900,KT삼성,schedule,2026-09-07 13:48:22,2026 시즌 KBO 경기 일정입니다. 2026-05-19 18:30에 포항구장에서 KT 원정팀과 삼성 홈팀이 경기를 진행합니다. 경기 상태는 경기 종료입니다. 최종 스코어는 KT 2 - 삼성 10로 삼성이 승리했습니다.,2026-05-19,18:30,OTHER,포항,KT,SAMSUNG,2,10,END,REGULAR,THIRD_PARTY_API,CONFIRMED
schedule_520f308a9004aeeb,https://gw.tving.com/bff/sports/v2/kbo/schedule?date=20260519&screenCode=CSSD0100&osCode=CSOD0900,SSG키움,schedule,2026-09-07 13:48:22,2026 시즌 KBO 경기 일정입니다. 2026-05-19 18:30에 고척구장에서 SSG 원정팀과 키움 홈팀이 경기를 진행합니다. 경기 상태는 경기 종료입니다. 최종 스코어는 SSG 6 - 키움 7로 키움이 승리했습니다.,2026-05-19,18:30,GOCHEOK,고척,SSG,KIWOOM,6,7,END,REGULAR,THIRD_PARTY_API,CONFIRMED
schedule_482b458cf42eeed7,https://gw.tving.com/bff/sports/v2/kbo/schedule?date=20260519&screenCode=CSSD0100&osCode=CSOD0900,LGKIA,schedule,2026-09-07 13:48:22,2026 시즌 KBO 경기 일정입니다. 2026-05-19 18:30에 광주구장에서 LG 원정팀과 KIA 홈팀이 경기를 진행합니다. 경기 상태는 경기 종료입니다. 최종 스코어는 LG 0 - KIA 14로 KIA가 승리했습니다.,2026-05-19,18:30,GWANGJU,광주,LG,KIA,0,14,END,REGULAR,THIRD_PARTY_API,CONFIRMED
schedule_c307c1cce5544ed7,https://gw.tving.com/bff/sports/v2/kbo/schedule?date=20260519&screenCode=CSSD0100&osCode=CSOD0900,NC두산,schedule,2026-09-07 13:48:22,2026 시즌 KBO 경기 일정입니다. 2026-05-19 18:30에 잠실구장에서 NC 원정팀과 두산 홈팀이 경기를 진행합니다. 경기 상태는 경기 종료입니다. 최종 스코어는 NC 3 - 두산 9로 두산이 승리했습니다.,2026-05-19,18:30,JAMSIL,잠실,NC,DOOSAN,3,9,END,REGULAR,THIRD_PARTY_API,CONFIRMED
schedule_8e3870689ef7d113,https://gw.tving.com/bff/sports/v2/kbo/schedule?date=20260520&screenCode=CSSD0100&osCode=CSOD0900,롯데한화,schedule,2026-09-07 13:48:22,2026 시즌 KBO 경기 일정입니다. 2026-05-20 18:30에 대전구장에서 롯데 원정팀과 한화 홈팀의 경기가 예정되어 있었으나 취소되었습니다.,2026-05-20,18:30,DAEJEON,대전,LOTTE,HANWHA,,,CANCEL,REGULAR,THIRD_PARTY_API,CONFIRMED
schedule_7c3e3578e51321ec,https://gw.tving.com/bff/sports/v2/kbo/schedule?date=20260520&screenCode=CSSD0100&osCode=CSOD0900,NC두산,schedule,2026-09-07 13:48:22,2026 시즌 KBO 경기 일정입니다. 2026-05-20 18:30에 잠실구장에서 NC 원정팀과 두산 홈팀의 경기가 예정되어 있었으나 취소되었습니다.,2026-05-20,18:30,JAMSIL,잠실,NC,DOOSAN,,,CANCEL,REGULAR,THIRD_PARTY_API,CONFIRMED
schedule_8f28510c1cca493f,https://gw.tving.com/bff/sports/v2/kbo/schedule?date=20260520&screenCode=CSSD0100&osCode=CSOD0900,LGKIA,schedule,2026-09-07 13:48:22,2026 시즌 KBO 경기 일정입니다. 2026-05-20 18:30에 광주구장에서 LG 원정팀과 KIA 홈팀의 경기가 예정되어 있었으나 취소되었습니다.,2026-05-20,18:30,GWANGJU,광주,LG,KIA,,,CANCEL,REGULAR,THIRD_PARTY_API,CONFIRMED
schedule_2bf4e8b55b8b530c,https://gw.tving.com/bff/sports/v2/kbo/schedule?date=20260520&screenCode=CSSD0100&osCode=CSOD0900,KT삼성,schedule,2026-09-07 13:48:22,2026 시즌 KBO 경기 일정입니다. 2026-05-20 18:30에 포항구장에서 KT 원정팀과 삼성 홈팀의 경기가 예정되어 있었으나 취소되었습니다.,2026-05-20,18:30,OTHER,포항,KT,SAMSUNG,,,CANCEL,REGULAR,THIRD_PARTY_API,CONFIRMED
schedule_e031ce3477b0657a,https://gw.tving.com/bff/sports/v2/kbo/schedule?date=20260520&screenCode=CSSD0100&osCode=CSOD0900,SSG키움,schedule,2026-09-07 13:48:22,2026 시즌 KBO 경기 일정입니다. 2026-05-20 18:30에 고척구장에서 SSG 원정팀과 키움 홈팀이 경기를 진행합니다. 경기 상태는 경기 종료입니다. 최종 스코어는 SSG 5 - 키움 6로 키움이 승리했습니다.,2026-05-20,18:30,GOCHEOK,고척,SSG,KIWOOM,5,6,END,REGULAR,THIRD_PARTY_API,CONFIRMED
schedule_d00d2d32cb37651d,https://gw.tving.com/bff/sports/v2/kbo/schedule?date=20260521&screenCode=CSSD0100&osCode=CSOD0900,SSG키움,schedule,2026-09-07 13:48:22,2026 시즌 KBO 경기 일정입니다. 2026-05-21 18:30에 고척구장에서 SSG 원정팀과 키움 홈팀이 경기를 진행합니다. 경기 상태는 경기 종료입니다. 최종 스코어는 SSG 0 - 키움 6로 키움이 승리했습니다.,2026-05-21,18:30,GOCHEOK,고척,SSG,KIWOOM,0,6,END,REGULAR,THIRD_PARTY_API,CONFIRMED
schedule_111b9f9935924de2,https://gw.tving.com/bff/sports/v2/kbo/schedule?date=20260521&screenCode=CSSD0100&osCode=CSOD0900,LGKIA,schedule,2026-09-07 13:48:22,2026 시즌 KBO 경기 일정입니다. 2026-05-21 18:30에 광주구장에서 LG 원정팀과 KIA 홈팀이 경기를 진행합니다. 경기 상태는 경기 종료입니다. 최종 스코어는 LG 5 - KIA 3로 LG가 승리했습니다.,2026-05-21,18:30,GWANGJU,광주,LG,KIA,5,3,END,REGULAR,THIRD_PARTY_API,CONFIRMED
schedule_198ae384096dfd01,https://gw.tving.com/bff/sports/v2/kbo/schedule?date=20260521&screenCode=CSSD0100&osCode=CSOD0900,롯데한화,schedule,2026-09-07 13:48:22,2026 시즌 KBO 경기 일정입니다. 2026-05-21 18:30에 대전구장에서 롯데 원정팀과 한화 홈팀이 경기를 진행합니다. 경기 상태는 경기 종료입니다. 최종 스코어는 롯데 8 - 한화 2로 롯데가 승리했습니다.,2026-05-21,18:30,DAEJEON,대전,LOTTE,HANWHA,8,2,END,REGULAR,THIRD_PARTY_API,CONFIRMED
schedule_8f1c28f0e5624f5b,https://gw.tving.com/bff/sports/v2/kbo/schedule?date=20260521&screenCode=CSSD0100&osCode=CSOD0900,NC두산,schedule,2026-09-07 13:48:22,2026 시즌 KBO 경기 일정입니다. 2026-05-21 18:30에 잠실구장에서 NC 원정팀과 두산 홈팀이 경기를 진행합니다. 경기 상태는 경기 종료입니다. 최종 스코어는 NC 0 - 두산 1로 두산이 승리했습니다.,2026-05-21,18:30,JAMSIL,잠실,NC,DOOSAN,0,1,END,REGULAR,THIRD_PARTY_API,CONFIRMED
schedule_3a1ddb7d5d5d5ea8,https://gw.tving.com/bff/sports/v2/kbo/schedule?date=20260521&screenCode=CSSD0100&osCode=CSOD0900,KT삼성,schedule,2026-09-07 13:48:22,2026 시즌 KBO 경기 일정입니다. 2026-05-21 18:30에 포항구장에서 KT 원정팀과 삼성 홈팀이 경기를 진행합니다. 경기 상태는 경기 종료입니다. 최종 스코어는 KT 5 - 삼성 8로 삼성이 승리했습니다.,2026-05-21,18:30,OTHER,포항,KT,SAMSUNG,5,8,END,REGULAR,THIRD_PARTY_API,CONFIRMED
schedule_4d056131a3ae94fa,https://gw.tving.com/bff/sports/v2/kbo/schedule?date=20260522&screenCode=CSSD0100&osCode=CSOD0900,삼성롯데,schedule,2026-09-07 13:48:22,2026 시즌 KBO 경기 일정입니다. 2026-05-22 18:30에 사직구장에서 삼성 원정팀과 롯데 홈팀이 경기를 진행합니다. 경기 상태는 경기 종료입니다. 최종 스코어는 삼성 7 - 롯데 5로 삼성이 승리했습니다.,2026-05-22,18:30,SAJIK,사직,SAMSUNG,LOTTE,7,5,END,REGULAR,THIRD_PARTY_API,CONFIRMED
schedule_aeab23d9692ef6e2,https://gw.tving.com/bff/sports/v2/kbo/schedule?date=20260522&screenCode=CSSD0100&osCode=CSOD0900,SSGKIA,schedule,2026-09-07 13:48:22,2026 시즌 KBO 경기 일정입니다. 2026-05-22 18:30에 광주구장에서 SSG 원정팀과 KIA 홈팀이 경기를 진행합니다. 경기 상태는 경기 종료입니다. 최종 스코어는 SSG 2 - KIA 5로 KIA가 승리했습니다.,2026-05-22,18:30,GWANGJU,광주,SSG,KIA,2,5,END,REGULAR,THIRD_PARTY_API,CONFIRMED
schedule_837d8b746ebb0e2e,https://gw.tving.com/bff/sports/v2/kbo/schedule?date=20260522&screenCode=CSSD0100&osCode=CSOD0900,키움LG,schedule,2026-09-07 13:48:22,2026 시즌 KBO 경기 일정입니다. 2026-05-22 18:30에 잠실구장에서 키움 원정팀과 LG 홈팀이 경기를 진행합니다. 경기 상태는 경기 종료입니다. 최종 스코어는 키움 7 - LG 0로 키움이 승리했습니다.,2026-05-22,18:30,JAMSIL,잠실,KIWOOM,LG,7,0,END,REGULAR,THIRD_PARTY_API,CONFIRMED
schedule_ccac8ec959d7e569,https://gw.tving.com/bff/sports/v2/kbo/schedule?date=20260522&screenCode=CSSD0100&osCode=CSOD0900,두산한화,schedule,2026-09-07 13:48:22,2026 시즌 KBO 경기 일정입니다. 2026-05-22 18:30에 대전구장에서 두산 원정팀과 한화 홈팀이 경기를 진행합니다. 경기 상태는 경기 종료입니다. 최종 스코어는 두산 3 - 한화 5로 한화가 승리했습니다.,2026-05-22,18:30,DAEJEON,대전,DOOSAN,HANWHA,3,5,END,REGULAR,THIRD_PARTY_API,CONFIRMED
schedule_8995597f9503b401,https://gw.tving.com/bff/sports/v2/kbo/schedule?date=20260522&screenCode=CSSD0100&osCode=CSOD0900,NCKT,schedule,2026-09-07 13:48:22,2026 시즌 KBO 경기 일정입니다. 2026-05-22 18:30에 수원구장에서 NC 원정팀과 KT 홈팀이 경기를 진행합니다. 경기 상태는 경기 종료입니다. 최종 스코어는 NC 4 - KT 7로 KT가 승리했습니다.,2026-05-22,18:30,SUWON,수원,NC,KT,4,7,END,REGULAR,THIRD_PARTY_API,CONFIRMED
schedule_8212e2d525797405,https://gw.tving.com/bff/sports/v2/kbo/schedule?date=20260523&screenCode=CSSD0100&osCode=CSOD0900,키움LG,schedule,2026-09-07 13:48:22,2026 시즌 KBO 경기 일정입니다. 2026-05-23 14:00에 잠실구장에서 키움 원정팀과 LG 홈팀이 경기를 진행합니다. 경기 상태는 경기 종료입니다. 최종 스코어는 키움 2 - LG 5로 LG가 승리했습니다.,2026-05-23,14:00,JAMSIL,잠실,KIWOOM,LG,2,5,END,REGULAR,THIRD_PARTY_API,CONFIRMED
schedule_2e927bc0d31b4831,https://gw.tving.com/bff/sports/v2/kbo/schedule?date=20260523&screenCode=CSSD0100&osCode=CSOD0900,NCKT,schedule,2026-09-07 13:48:22,2026 시즌 KBO 경기 일정입니다. 2026-05-23 17:00에 수원구장에서 NC 원정팀과 KT 홈팀이 경기를 진행합니다. 경기 상태는 경기 종료입니다. 최종 스코어는 NC 5 - KT 10로 KT가 승리했습니다.,2026-05-23,17:00,SUWON,수원,NC,KT,5,10,END,REGULAR,THIRD_PARTY_API,CONFIRMED
schedule_4d3e10aecca2bb13,https://gw.tving.com/bff/sports/v2/kbo/schedule?date=20260523&screenCode=CSSD0100&osCode=CSOD0900,SSGKIA,schedule,2026-09-07 13:48:22,2026 시즌 KBO 경기 일정입니다. 2026-05-23 17:00에 광주구장에서 SSG 원정팀과 KIA 홈팀이 경기를 진행합니다. 경기 상태는 경기 종료입니다. 최종 스코어는 SSG 4 - KIA 5로 KIA가 승리했습니다.,2026-05-23,17:00,GWANGJU,광주,SSG,KIA,4,5,END,REGULAR,THIRD_PARTY_API,CONFIRMED
schedule_a2259b326de11c63,https://gw.tving.com/bff/sports/v2/kbo/schedule?date=20260523&screenCode=CSSD0100&osCode=CSOD0900,두산한화,schedule,2026-09-07 13:48:22,2026 시즌 KBO 경기 일정입니다. 2026-05-23 17:00에 대전구장에서 두산 원정팀과 한화 홈팀이 경기를 진행합니다. 경기 상태는 경기 종료입니다. 최종 스코어는 두산 2 - 한화 5로 한화가 승리했습니다.,2026-05-23,17:00,DAEJEON,대전,DOOSAN,HANWHA,2,5,END,REGULAR,THIRD_PARTY_API,CONFIRMED
schedule_03f0146c60df9fb6,https://gw.tving.com/bff/sports/v2/kbo/schedule?date=20260523&screenCode=CSSD0100&osCode=CSOD0900,삼성롯데,schedule,2026-09-07 13:48:22,2026 시즌 KBO 경기 일정입니다. 2026-05-23 17:00에 사직구장에서 삼성 원정팀과 롯데 홈팀이 경기를 진행합니다. 경기 상태는 경기 종료입니다. 최종 스코어는 삼성 5 - 롯데 7로 롯데가 승리했습니다.,2026-05-23,17:00,SAJIK,사직,SAMSUNG,LOTTE,5,7,END,REGULAR,THIRD_PARTY_API,CONFIRMED
schedule_f64789aae22eda5b,https://gw.tving.com/bff/sports/v2/kbo/schedule?date=20260524&screenCode=CSSD0100&osCode=CSOD0900,두산한화,schedule,2026-09-07 13:48:22,2026 시즌 KBO 경기 일정입니다. 2026-05-24 14:00에 대전구장에서 두산 원정팀과 한화 홈팀이 경기를 진행합니다. 경기 상태는 경기 종료입니다. 최종 스코어는 두산 2 - 한화 5로 한화가 승리했습니다.,2026-05-24,14:00,DAEJEON,대전,DOOSAN,HANWHA,2,5,END,REGULAR,THIRD_PARTY_API,CONFIRMED
schedule_6a4ddd57a7026d83,https://gw.tving.com/bff/sports/v2/kbo/schedule?date=20260524&screenCode=CSSD0100&osCode=CSOD0900,삼성롯데,schedule,2026-09-07 13:48:22,2026 시즌 KBO 경기 일정입니다. 2026-05-24 14:00에 사직구장에서 삼성 원정팀과 롯데 홈팀이 경기를 진행합니다. 경기 상태는 경기 종료입니다. 최종 스코어는 삼성 10 - 롯데 0로 삼성이 승리했습니다.,2026-05-24,14:00,SAJIK,사직,SAMSUNG,LOTTE,10,0,END,REGULAR,THIRD_PARTY_API,CONFIRMED
schedule_28ee9d113c5a0b3e,https://gw.tving.com/bff/sports/v2/kbo/schedule?date=20260524&screenCode=CSSD0100&osCode=CSOD0900,NCKT,schedule,2026-09-07 13:48:22,2026 시즌 KBO 경기 일정입니다. 2026-05-24 14:00에 수원구장에서 NC 원정팀과 KT 홈팀이 경기를 진행합니다. 경기 상태는 경기 종료입니다. 최종 스코어는 NC 8 - KT 5로 NC가 승리했습니다.,2026-05-24,14:00,SUWON,수원,NC,KT,8,5,END,REGULAR,THIRD_PARTY_API,CONFIRMED
schedule_e84bac68d72e02df,https://gw.tving.com/bff/sports/v2/kbo/schedule?date=20260524&screenCode=CSSD0100&osCode=CSOD0900,SSGKIA,schedule,2026-09-07 13:48:22,2026 시즌 KBO 경기 일정입니다. 2026-05-24 14:00에 광주구장에서 SSG 원정팀과 KIA 홈팀이 경기를 진행합니다. 경기 상태는 경기 종료입니다. 최종 스코어는 SSG 2 - KIA 3로 KIA가 승리했습니다.,2026-05-24,14:00,GWANGJU,광주,SSG,KIA,2,3,END,REGULAR,THIRD_PARTY_API,CONFIRMED
schedule_2fed7de08f0c73fa,https://gw.tving.com/bff/sports/v2/kbo/schedule?date=20260524&screenCode=CSSD0100&osCode=CSOD0900,키움LG,schedule,2026-09-07 13:48:22,2026 시즌 KBO 경기 일정입니다. 2026-05-24 14:00에 잠실구장에서 키움 원정팀과 LG 홈팀이 경기를 진행합니다. 경기 상태는 경기 종료입니다. 최종 스코어는 키움 4 - LG 6로 LG가 승리했습니다.,2026-05-24,14:00,JAMSIL,잠실,KIWOOM,LG,4,6,END,REGULAR,THIRD_PARTY_API,CONFIRMED
schedule_6207ef250f4fff37,https://gw.tving.com/bff/sports/v2/kbo/schedule?date=20260526&screenCode=CSSD0100&osCode=CSOD0900,한화NC,schedule,2026-09-07 13:48:22,2026 시즌 KBO 경기 일정입니다. 2026-05-26 18:30에 창원구장에서 한화 원정팀과 NC 홈팀의 경기가 예정되어 있었으나 취소되었습니다.,2026-05-26,18:30,CHANGWON,창원,HANWHA,NC,,,CANCEL,REGULAR,THIRD_PARTY_API,CONFIRMED
schedule_8df675497e3b7e94,https://gw.tving.com/bff/sports/v2/kbo/schedule?date=20260526&screenCode=CSSD0100&osCode=CSOD0900,삼성SSG,schedule,2026-09-07 13:48:22,2026 시즌 KBO 경기 일정입니다. 2026-05-26 18:30에 문학구장에서 삼성 원정팀과 SSG 홈팀의 경기가 예정되어 있었으나 취소되었습니다.,2026-05-26,18:30,MUNHAK,문학,SAMSUNG,SSG,,,CANCEL,REGULAR,THIRD_PARTY_API,CONFIRMED
schedule_a638592dff6edbc2,https://gw.tving.com/bff/sports/v2/kbo/schedule?date=20260526&screenCode=CSSD0100&osCode=CSOD0900,LG롯데,schedule,2026-09-07 13:48:22,2026 시즌 KBO 경기 일정입니다. 2026-05-26 18:30에 사직구장에서 LG 원정팀과 롯데 홈팀이 경기를 진행합니다. 경기 상태는 경기 종료입니다. 최종 스코어는 LG 2 - 롯데 1로 LG가 승리했습니다.,2026-05-26,18:30,SAJIK,사직,LG,LOTTE,2,1,END,REGULAR,THIRD_PARTY_API,CONFIRMED
schedule_4413031826e3d1ce,https://gw.tving.com/bff/sports/v2/kbo/schedule?date=20260526&screenCode=CSSD0100&osCode=CSOD0900,KIA키움,schedule,2026-09-07 13:48:22,2026 시즌 KBO 경기 일정입니다. 2026-05-26 18:30에 고척구장에서 KIA 원정팀과 키움 홈팀이 경기를 진행합니다. 경기 상태는 경기 종료입니다. 최종 스코어는 KIA 5 - 키움 2로 KIA가 승리했습니다.,2026-05-26,18:30,GOCHEOK,고척,KIA,KIWOOM,5,2,END,REGULAR,THIRD_PARTY_API,CONFIRMED
schedule_32a0dbe0bff5ecdf,https://gw.tving.com/bff/sports/v2/kbo/schedule?date=20260526&screenCode=CSSD0100&osCode=CSOD0900,KT두산,schedule,2026-09-07 13:48:22,2026 시즌 KBO 경기 일정입니다. 2026-05-26 18:30에 잠실구장에서 KT 원정팀과 두산 홈팀이 경기를 진행합니다. 경기 상태는 경기 종료입니다. 최종 스코어는 KT 6 - 두산 0로 KT가 승리했습니다.,2026-05-26,18:30,JAMSIL,잠실,KT,DOOSAN,6,0,END,REGULAR,THIRD_PARTY_API,CONFIRMED
schedule_0bb78b6e1ff8de4d,https://gw.tving.com/bff/sports/v2/kbo/schedule?date=20260527&screenCode=CSSD0100&osCode=CSOD0900,KT두산,schedule,2026-09-07 13:48:22,2026 시즌 KBO 경기 일정입니다. 2026-05-27 18:30에 잠실구장에서 KT 원정팀과 두산 홈팀이 경기를 진행합니다. 경기 상태는 경기 종료입니다. 최종 스코어는 KT 0 - 두산 5로 두산이 승리했습니다.,2026-05-27,18:30,JAMSIL,잠실,KT,DOOSAN,0,5,END,REGULAR,THIRD_PARTY_API,CONFIRMED
schedule_c2f4bcd29cf503ee,https://gw.tving.com/bff/sports/v2/kbo/schedule?date=20260527&screenCode=CSSD0100&osCode=CSOD0900,KIA키움,schedule,2026-09-07 13:48:22,2026 시즌 KBO 경기 일정입니다. 2026-05-27 18:30에 고척구장에서 KIA 원정팀과 키움 홈팀이 경기를 진행합니다. 경기 상태는 경기 종료입니다. 최종 스코어는 KIA 9 - 키움 2로 KIA가 승리했습니다.,2026-05-27,18:30,GOCHEOK,고척,KIA,KIWOOM,9,2,END,REGULAR,THIRD_PARTY_API,CONFIRMED
schedule_fee473f5aab8612e,https://gw.tving.com/bff/sports/v2/kbo/schedule?date=20260527&screenCode=CSSD0100&osCode=CSOD0900,LG롯데,schedule,2026-09-07 13:48:22,2026 시즌 KBO 경기 일정입니다. 2026-05-27 18:30에 사직구장에서 LG 원정팀과 롯데 홈팀이 경기를 진행합니다. 경기 상태는 경기 종료입니다. 최종 스코어는 LG 8 - 롯데 6로 LG가 승리했습니다.,2026-05-27,18:30,SAJIK,사직,LG,LOTTE,8,6,END,REGULAR,THIRD_PARTY_API,CONFIRMED
schedule_2f128438546143d1,https://gw.tving.com/bff/sports/v2/kbo/schedule?date=20260527&screenCode=CSSD0100&osCode=CSOD0900,한화NC,schedule,2026-09-07 13:48:22,2026 시즌 KBO 경기 일정입니다. 2026-05-27 18:30에 창원구장에서 한화 원정팀과 NC 홈팀이 경기를 진행합니다. 경기 상태는 경기 종료입니다. 최종 스코어는 한화 4 - NC 6로 NC가 승리했습니다.,2026-05-27,18:30,CHANGWON,창원,HANWHA,NC,4,6,END,REGULAR,THIRD_PARTY_API,CONFIRMED
schedule_57494574bec38bfb,https://gw.tving.com/bff/sports/v2/kbo/schedule?date=20260527&screenCode=CSSD0100&osCode=CSOD0900,삼성SSG,schedule,2026-09-07 13:48:22,2026 시즌 KBO 경기 일정입니다. 2026-05-27 18:30에 문학구장에서 삼성 원정팀과 SSG 홈팀이 경기를 진행합니다. 경기 상태는 경기 종료입니다. 최종 스코어는 삼성 4 - SSG 1로 삼성이 승리했습니다.,2026-05-27,18:30,MUNHAK,문학,SAMSUNG,SSG,4,1,END,REGULAR,THIRD_PARTY_API,CONFIRMED
schedule_9e74b33eb8e98970,https://gw.tving.com/bff/sports/v2/kbo/schedule?date=20260528&screenCode=CSSD0100&osCode=CSOD0900,LG롯데,schedule,2026-09-07 13:48:22,2026 시즌 KBO 경기 일정입니다. 2026-05-28 18:30에 사직구장에서 LG 원정팀과 롯데 홈팀이 경기를 진행합니다. 경기 상태는 경기 종료입니다. 최종 스코어는 LG 5 - 롯데 8로 롯데가 승리했습니다.,2026-05-28,18:30,SAJIK,사직,LG,LOTTE,5,8,END,REGULAR,THIRD_PARTY_API,CONFIRMED
schedule_cc2177384118fe2a,https://gw.tving.com/bff/sports/v2/kbo/schedule?date=20260528&screenCode=CSSD0100&osCode=CSOD0900,한화NC,schedule,2026-09-07 13:48:22,2026 시즌 KBO 경기 일정입니다. 2026-05-28 18:30에 창원구장에서 한화 원정팀과 NC 홈팀이 경기를 진행합니다. 경기 상태는 경기 종료입니다. 최종 스코어는 한화 18 - NC 7로 한화가 승리했습니다.,2026-05-28,18:30,CHANGWON,창원,HANWHA,NC,18,7,END,REGULAR,THIRD_PARTY_API,CONFIRMED
schedule_f55f5f9ee1293941,https://gw.tving.com/bff/sports/v2/kbo/schedule?date=20260528&screenCode=CSSD0100&osCode=CSOD0900,삼성SSG,schedule,2026-09-07 13:48:22,2026 시즌 KBO 경기 일정입니다. 2026-05-28 18:30에 문학구장에서 삼성 원정팀과 SSG 홈팀이 경기를 진행합니다. 경기 상태는 경기 종료입니다. 최종 스코어는 삼성 10 - SSG 1로 삼성이 승리했습니다.,2026-05-28,18:30,MUNHAK,문학,SAMSUNG,SSG,10,1,END,REGULAR,THIRD_PARTY_API,CONFIRMED
schedule_6a6d26fa507bd298,https://gw.tving.com/bff/sports/v2/kbo/schedule?date=20260528&screenCode=CSSD0100&osCode=CSOD0900,KIA키움,schedule,2026-09-07 13:48:22,2026 시즌 KBO 경기 일정입니다. 2026-05-28 18:30에 고척구장에서 KIA 원정팀과 키움 홈팀이 경기를 진행합니다. 경기 상태는 경기 종료입니다. 최종 스코어는 KIA 5 - 키움 0로 KIA가 승리했습니다.,2026-05-28,18:30,GOCHEOK,고척,KIA,KIWOOM,5,0,END,REGULAR,THIRD_PARTY_API,CONFIRMED
schedule_f0ec7a3c5e344da9,https://gw.tving.com/bff/sports/v2/kbo/schedule?date=20260528&screenCode=CSSD0100&osCode=CSOD0900,KT두산,schedule,2026-09-07 13:48:22,2026 시즌 KBO 경기 일정입니다. 2026-05-28 18:30에 잠실구장에서 KT 원정팀과 두산 홈팀이 경기를 진행합니다. 경기 상태는 경기 종료입니다. 최종 스코어는 KT 11 - 두산 3로 KT가 승리했습니다.,2026-05-28,18:30,JAMSIL,잠실,KT,DOOSAN,11,3,END,REGULAR,THIRD_PARTY_API,CONFIRMED
schedule_5215a78729acccc3,https://gw.tving.com/bff/sports/v2/kbo/schedule?date=20260529&screenCode=CSSD0100&osCode=CSOD0900,SSG한화,schedule,2026-09-07 13:48:22,2026 시즌 KBO 경기 일정입니다. 2026-05-29 18:30에 대전구장에서 SSG 원정팀과 한화 홈팀이 경기를 진행합니다. 경기 상태는 경기 종료입니다. 최종 스코어는 SSG 3 - 한화 4로 한화가 승리했습니다.,2026-05-29,18:30,DAEJEON,대전,SSG,HANWHA,3,4,END,REGULAR,THIRD_PARTY_API,CONFIRMED
schedule_b4125b3286497fbf,https://gw.tving.com/bff/sports/v2/kbo/schedule?date=20260529&screenCode=CSSD0100&osCode=CSOD0900,롯데NC,schedule,2026-09-07 13:48:22,2026 시즌 KBO 경기 일정입니다. 2026-05-29 18:30에 창원구장에서 롯데 원정팀과 NC 홈팀이 경기를 진행합니다. 경기 상태는 경기 종료입니다. 최종 스코어는 롯데 6 - NC 2로 롯데가 승리했습니다.,2026-05-29,18:30,CHANGWON,창원,LOTTE,NC,6,2,END,REGULAR,THIRD_PARTY_API,CONFIRMED
schedule_5991693e1fcc3ab8,https://gw.tving.com/bff/sports/v2/kbo/schedule?date=20260529&screenCode=CSSD0100&osCode=CSOD0900,KT키움,schedule,2026-09-07 13:48:22,2026 시즌 KBO 경기 일정입니다. 2026-05-29 18:30에 고척구장에서 KT 원정팀과 키움 홈팀이 경기를 진행합니다. 경기 상태는 경기 종료입니다. 최종 스코어는 KT 7 - 키움 1로 KT가 승리했습니다.,2026-05-29,18:30,GOCHEOK,고척,KT,KIWOOM,7,1,END,REGULAR,THIRD_PARTY_API,CONFIRMED
schedule_b87d63af904f7879,https://gw.tving.com/bff/sports/v2/kbo/schedule?date=20260529&screenCode=CSSD0100&osCode=CSOD0900,두산삼성,schedule,2026-09-07 13:48:22,2026 시즌 KBO 경기 일정입니다. 2026-05-29 18:30에 대구구장에서 두산 원정팀과 삼성 홈팀이 경기를 진행합니다. 경기 상태는 경기 종료입니다. 최종 스코어는 두산 9 - 삼성 7로 두산이 승리했습니다.,2026-05-29,18:30,DAEGU,대구,DOOSAN,SAMSUNG,9,7,END,REGULAR,THIRD_PARTY_API,CONFIRMED
schedule_13e9bdd5b925df6f,https://gw.tving.com/bff/sports/v2/kbo/schedule?date=20260529&screenCode=CSSD0100&osCode=CSOD0900,KIALG,schedule,2026-09-07 13:48:22,2026 시즌 KBO 경기 일정입니다. 2026-05-29 18:30에 잠실구장에서 KIA 원정팀과 LG 홈팀이 경기를 진행합니다. 경기 상태는 경기 종료입니다. 최종 스코어는 KIA 2 - LG 12로 LG가 승리했습니다.,2026-05-29,18:30,JAMSIL,잠실,KIA,LG,2,12,END,REGULAR,THIRD_PARTY_API,CONFIRMED
schedule_5f4987490cc6a7a9,https://gw.tving.com/bff/sports/v2/kbo/schedule?date=20260530&screenCode=CSSD0100&osCode=CSOD0900,두산삼성,schedule,2026-09-07 13:48:22,2026 시즌 KBO 경기 일정입니다. 2026-05-30 14:00에 대구구장에서 두산 원정팀과 삼성 홈팀이 경기를 진행합니다. 경기 상태는 경기 종료입니다. 최종 스코어는 두산 8 - 삼성 7로 두산이 승리했습니다.,2026-05-30,14:00,DAEGU,대구,DOOSAN,SAMSUNG,8,7,END,REGULAR,THIRD_PARTY_API,CONFIRMED
schedule_2c89e798fff6daa1,https://gw.tving.com/bff/sports/v2/kbo/schedule?date=20260530&screenCode=CSSD0100&osCode=CSOD0900,롯데NC,schedule,2026-09-07 13:48:22,2026 시즌 KBO 경기 일정입니다. 2026-05-30 17:00에 창원구장에서 롯데 원정팀과 NC 홈팀이 경기를 진행합니다. 경기 상태는 경기 종료입니다. 최종 스코어는 롯데 2 - NC 6로 NC가 승리했습니다.,2026-05-30,17:00,CHANGWON,창원,LOTTE,NC,2,6,END,REGULAR,THIRD_PARTY_API,CONFIRMED
schedule_1d53461d1f5662d4,https://gw.tving.com/bff/sports/v2/kbo/schedule?date=20260530&screenCode=CSSD0100&osCode=CSOD0900,KT키움,schedule,2026-09-07 13:48:22,2026 시즌 KBO 경기 일정입니다. 2026-05-30 17:00에 고척구장에서 KT 원정팀과 키움 홈팀이 경기를 진행합니다. 경기 상태는 경기 종료입니다. 최종 스코어는 KT 8 - 키움 7로 KT가 승리했습니다.,2026-05-30,17:00,GOCHEOK,고척,KT,KIWOOM,8,7,END,REGULAR,THIRD_PARTY_API,CONFIRMED
schedule_462f5b00d0fa97b2,https://gw.tving.com/bff/sports/v2/kbo/schedule?date=20260530&screenCode=CSSD0100&osCode=CSOD0900,SSG한화,schedule,2026-09-07 13:48:22,2026 시즌 KBO 경기 일정입니다. 2026-05-30 17:00에 대전구장에서 SSG 원정팀과 한화 홈팀이 경기를 진행합니다. 경기 상태는 경기 종료입니다. 최종 스코어는 SSG 10 - 한화 13로 한화가 승리했습니다.,2026-05-30,17:00,DAEJEON,대전,SSG,HANWHA,10,13,END,REGULAR,THIRD_PARTY_API,CONFIRMED
schedule_081c42f7742c40e6,https://gw.tving.com/bff/sports/v2/kbo/schedule?date=20260530&screenCode=CSSD0100&osCode=CSOD0900,KIALG,schedule,2026-09-07 13:48:22,2026 시즌 KBO 경기 일정입니다. 2026-05-30 17:00에 잠실구장에서 KIA 원정팀과 LG 홈팀이 경기를 진행합니다. 경기 상태는 경기 종료입니다. 최종 스코어는 KIA 1 - LG 3로 LG가 승리했습니다.,2026-05-30,17:00,JAMSIL,잠실,KIA,LG,1,3,END,REGULAR,THIRD_PARTY_API,CONFIRMED
schedule_a45a9b0925ed0d3b,https://gw.tving.com/bff/sports/v2/kbo/schedule?date=20260531&screenCode=CSSD0100&osCode=CSOD0900,KT키움,schedule,2026-09-07 13:48:22,2026 시즌 KBO 경기 일정입니다. 2026-05-31 14:00에 고척구장에서 KT 원정팀과 키움 홈팀이 경기를 진행합니다. 경기 상태는 경기 종료입니다. 최종 스코어는 KT 5 - 키움 1로 KT가 승리했습니다.,2026-05-31,14:00,GOCHEOK,고척,KT,KIWOOM,5,1,END,REGULAR,THIRD_PARTY_API,CONFIRMED
schedule_604204e8f33d5f9f,https://gw.tving.com/bff/sports/v2/kbo/schedule?date=20260531&screenCode=CSSD0100&osCode=CSOD0900,SSG한화,schedule,2026-09-07 13:48:22,2026 시즌 KBO 경기 일정입니다. 2026-05-31 14:00에 대전구장에서 SSG 원정팀과 한화 홈팀이 경기를 진행합니다. 경기 상태는 경기 종료입니다. 최종 스코어는 SSG 2 - 한화 6로 한화가 승리했습니다.,2026-05-31,14:00,DAEJEON,대전,SSG,HANWHA,2,6,END,REGULAR,THIRD_PARTY_API,CONFIRMED
schedule_a098937f391b82d3,https://gw.tving.com/bff/sports/v2/kbo/schedule?date=20260531&screenCode=CSSD0100&osCode=CSOD0900,롯데NC,schedule,2026-09-07 13:48:22,2026 시즌 KBO 경기 일정입니다. 2026-05-31 14:00에 창원구장에서 롯데 원정팀과 NC 홈팀이 경기를 진행합니다. 경기 상태는 경기 종료입니다. 최종 스코어는 롯데 2 - NC 8로 NC가 승리했습니다.,2026-05-31,14:00,CHANGWON,창원,LOTTE,NC,2,8,END,REGULAR,THIRD_PARTY_API,CONFIRMED
schedule_17549cd73e92de47,https://gw.tving.com/bff/sports/v2/kbo/schedule?date=20260531&screenCode=CSSD0100&osCode=CSOD0900,KIALG,schedule,2026-09-07 13:48:22,2026 시즌 KBO 경기 일정입니다. 2026-05-31 14:00에 잠실구장에서 KIA 원정팀과 LG 홈팀이 경기를 진행합니다. 경기 상태는 경기 종료입니다. 최종 스코어는 KIA 3 - LG 5로 LG가 승리했습니다.,2026-05-31,14:00,JAMSIL,잠실,KIA,LG,3,5,END,REGULAR,THIRD_PARTY_API,CONFIRMED
schedule_ce291a08dff98991,https://gw.tving.com/bff/sports/v2/kbo/schedule?date=20260531&screenCode=CSSD0100&osCode=CSOD0900,두산삼성,schedule,2026-09-07 13:48:22,2026 시즌 KBO 경기 일정입니다. 2026-05-31 14:00에 대구구장에서 두산 원정팀과 삼성 홈팀이 경기를 진행합니다. 경기 상태는 경기 종료입니다. 최종 스코어는 두산 4 - 삼성 9로 삼성이 승리했습니다.,2026-05-31,14:00,DAEGU,대구,DOOSAN,SAMSUNG,4,9,END,REGULAR,THIRD_PARTY_API,CONFIRMED
schedule_199c8666d17fc432,https://gw.tving.com/bff/sports/v2/kbo/schedule?date=20260602&screenCode=CSSD0100&osCode=CSOD0900,롯데KIA,schedule,2026-09-07 13:48:22,2026 시즌 KBO 경기 일정입니다. 2026-06-02 18:30에 광주구장에서 롯데 원정팀과 KIA 홈팀이 경기를 진행합니다. 경기 상태는 경기 종료입니다. 최종 스코어는 롯데 4 - KIA 5로 KIA가 승리했습니다.,2026-06-02,18:30,GWANGJU,광주,LOTTE,KIA,4,5,END,REGULAR,THIRD_PARTY_API,CONFIRMED
schedule_f6aa2905c39ec2ec,https://gw.tving.com/bff/sports/v2/kbo/schedule?date=20260602&screenCode=CSSD0100&osCode=CSOD0900,LGKT,schedule,2026-09-07 13:48:22,2026 시즌 KBO 경기 일정입니다. 2026-06-02 18:30에 수원구장에서 LG 원정팀과 KT 홈팀이 경기를 진행합니다. 경기 상태는 경기 종료입니다. 최종 스코어는 LG 10 - KT 1로 LG가 승리했습니다.,2026-06-02,18:30,SUWON,수원,LG,KT,10,1,END,REGULAR,THIRD_PARTY_API,CONFIRMED
schedule_6d0ff65200c80acb,https://gw.tving.com/bff/sports/v2/kbo/schedule?date=20260602&screenCode=CSSD0100&osCode=CSOD0900,키움SSG,schedule,2026-09-07 13:48:22,2026 시즌 KBO 경기 일정입니다. 2026-06-02 18:30에 문학구장에서 키움 원정팀과 SSG 홈팀이 경기를 진행합니다. 경기 상태는 경기 종료입니다. 최종 스코어는 키움 12 - SSG 6로 키움이 승리했습니다.,2026-06-02,18:30,MUNHAK,문학,KIWOOM,SSG,12,6,END,REGULAR,THIRD_PARTY_API,CONFIRMED
schedule_b161767f289481e7,https://gw.tving.com/bff/sports/v2/kbo/schedule?date=20260602&screenCode=CSSD0100&osCode=CSOD0900,NC삼성,schedule,2026-09-07 13:48:22,2026 시즌 KBO 경기 일정입니다. 2026-06-02 18:30에 대구구장에서 NC 원정팀과 삼성 홈팀이 경기를 진행합니다. 경기 상태는 경기 종료입니다. 최종 스코어는 NC 7 - 삼성 8로 삼성이 승리했습니다.,2026-06-02,18:30,DAEGU,대구,NC,SAMSUNG,7,8,END,REGULAR,THIRD_PARTY_API,CONFIRMED
schedule_cfd3c0c2591c3175,https://gw.tving.com/bff/sports/v2/kbo/schedule?date=20260602&screenCode=CSSD0100&osCode=CSOD0900,한화두산,schedule,2026-09-07 13:48:22,2026 시즌 KBO 경기 일정입니다. 2026-06-02 18:30에 잠실구장에서 한화 원정팀과 두산 홈팀이 경기를 진행합니다. 경기 상태는 경기 종료입니다. 최종 스코어는 한화 3 - 두산 5로 두산이 승리했습니다.,2026-06-02,18:30,JAMSIL,잠실,HANWHA,DOOSAN,3,5,END,REGULAR,THIRD_PARTY_API,CONFIRMED
schedule_b4ca30683ea9484e,https://gw.tving.com/bff/sports/v2/kbo/schedule?date=20260603&screenCode=CSSD0100&osCode=CSOD0900,NC삼성,schedule,2026-09-07 13:48:22,2026 시즌 KBO 경기 일정입니다. 2026-06-03 17:00에 대구구장에서 NC 원정팀과 삼성 홈팀이 경기를 진행합니다. 경기 상태는 경기 종료입니다. 최종 스코어는 NC 6 - 삼성 4로 NC가 승리했습니다.,2026-06-03,17:00,DAEGU,대구,NC,SAMSUNG,6,4,END,REGULAR,THIRD_PARTY_API,CONFIRMED
schedule_353c37ff96b4aa56,https://gw.tving.com/bff/sports/v2/kbo/schedule?date=20260603&screenCode=CSSD0100&osCode=CSOD0900,롯데KIA,schedule,2026-09-07 13:48:22,2026 시즌 KBO 경기 일정입니다. 2026-06-03 17:00에 광주구장에서 롯데 원정팀과 KIA 홈팀이 경기를 진행합니다. 경기 상태는 경기 종료입니다. 최종 스코어는 롯데 8 - KIA 3로 롯데가 승리했습니다.,2026-06-03,17:00,GWANGJU,광주,LOTTE,KIA,8,3,END,REGULAR,THIRD_PARTY_API,CONFIRMED
schedule_aa5dae3eade7a1f4,https://gw.tving.com/bff/sports/v2/kbo/schedule?date=20260603&screenCode=CSSD0100&osCode=CSOD0900,LGKT,schedule,2026-09-07 13:48:22,2026 시즌 KBO 경기 일정입니다. 2026-06-03 17:00에 수원구장에서 LG 원정팀과 KT 홈팀이 경기를 진행합니다. 경기 상태는 경기 종료입니다. 최종 스코어는 LG 6 - KT 7로 KT가 승리했습니다.,2026-06-03,17:00,SUWON,수원,LG,KT,6,7,END,REGULAR,THIRD_PARTY_API,CONFIRMED
schedule_11e9f443a3854322,https://gw.tving.com/bff/sports/v2/kbo/schedule?date=20260603&screenCode=CSSD0100&osCode=CSOD0900,키움SSG,schedule,2026-09-07 13:48:22,2026 시즌 KBO 경기 일정입니다. 2026-06-03 17:00에 문학구장에서 키움 원정팀과 SSG 홈팀이 경기를 진행합니다. 경기 상태는 경기 종료입니다. 최종 스코어는 키움 4 - SSG 5로 SSG가 승리했습니다.,2026-06-03,17:00,MUNHAK,문학,KIWOOM,SSG,4,5,END,REGULAR,THIRD_PARTY_API,CONFIRMED
schedule_59f067f3134c39a0,https://gw.tving.com/bff/sports/v2/kbo/schedule?date=20260603&screenCode=CSSD0100&osCode=CSOD0900,한화두산,schedule,2026-09-07 13:48:22,2026 시즌 KBO 경기 일정입니다. 2026-06-03 17:00에 잠실구장에서 한화 원정팀과 두산 홈팀이 경기를 진행합니다. 경기 상태는 경기 종료입니다. 최종 스코어는 한화 3 - 두산 3로 무승부로 종료됐습니다.,2026-06-03,17:00,JAMSIL,잠실,HANWHA,DOOSAN,3,3,END,REGULAR,THIRD_PARTY_API,CONFIRMED
schedule_5a9ab49dcdca6527,https://gw.tving.com/bff/sports/v2/kbo/schedule?date=20260604&screenCode=CSSD0100&osCode=CSOD0900,NC삼성,schedule,2026-09-07 13:48:22,2026 시즌 KBO 경기 일정입니다. 2026-06-04 18:30에 대구구장에서 NC 원정팀과 삼성 홈팀이 경기를 진행합니다. 경기 상태는 경기 종료입니다. 최종 스코어는 NC 6 - 삼성 3로 NC가 승리했습니다.,2026-06-04,18:30,DAEGU,대구,NC,SAMSUNG,6,3,END,REGULAR,THIRD_PARTY_API,CONFIRMED
schedule_a82528bbb250674b,https://gw.tving.com/bff/sports/v2/kbo/schedule?date=20260604&screenCode=CSSD0100&osCode=CSOD0900,한화두산,schedule,2026-09-07 13:48:22,2026 시즌 KBO 경기 일정입니다. 2026-06-04 18:30에 잠실구장에서 한화 원정팀과 두산 홈팀이 경기를 진행합니다. 경기 상태는 경기 종료입니다. 최종 스코어는 한화 1 - 두산 3로 두산이 승리했습니다.,2026-06-04,18:30,JAMSIL,잠실,HANWHA,DOOSAN,1,3,END,REGULAR,THIRD_PARTY_API,CONFIRMED
schedule_2e5d97e96ae0779f,https://gw.tving.com/bff/sports/v2/kbo/schedule?date=20260604&screenCode=CSSD0100&osCode=CSOD0900,키움SSG,schedule,2026-09-07 13:48:22,2026 시즌 KBO 경기 일정입니다. 2026-06-04 18:30에 문학구장에서 키움 원정팀과 SSG 홈팀이 경기를 진행합니다. 경기 상태는 경기 종료입니다. 최종 스코어는 키움 6 - SSG 7로 SSG가 승리했습니다.,2026-06-04,18:30,MUNHAK,문학,KIWOOM,SSG,6,7,END,REGULAR,THIRD_PARTY_API,CONFIRMED
schedule_2a9123c4c29fa33b,https://gw.tving.com/bff/sports/v2/kbo/schedule?date=20260604&screenCode=CSSD0100&osCode=CSOD0900,롯데KIA,schedule,2026-09-07 13:48:22,2026 시즌 KBO 경기 일정입니다. 2026-06-04 18:30에 광주구장에서 롯데 원정팀과 KIA 홈팀이 경기를 진행합니다. 경기 상태는 경기 종료입니다. 최종 스코어는 롯데 0 - KIA 10로 KIA가 승리했습니다.,2026-06-04,18:30,GWANGJU,광주,LOTTE,KIA,0,10,END,REGULAR,THIRD_PARTY_API,CONFIRMED
schedule_7efd3ddca9af7fab,https://gw.tving.com/bff/sports/v2/kbo/schedule?date=20260604&screenCode=CSSD0100&osCode=CSOD0900,LGKT,schedule,2026-09-07 13:48:22,2026 시즌 KBO 경기 일정입니다. 2026-06-04 18:30에 수원구장에서 LG 원정팀과 KT 홈팀이 경기를 진행합니다. 경기 상태는 경기 종료입니다. 최종 스코어는 LG 7 - KT 5로 LG가 승리했습니다.,2026-06-04,18:30,SUWON,수원,LG,KT,7,5,END,REGULAR,THIRD_PARTY_API,CONFIRMED
schedule_322a9decf94bb125,https://gw.tving.com/bff/sports/v2/kbo/schedule?date=20260605&screenCode=CSSD0100&osCode=CSOD0900,삼성KIA,schedule,2026-09-07 13:48:22,2026 시즌 KBO 경기 일정입니다. 2026-06-05 18:30에 광주구장에서 삼성 원정팀과 KIA 홈팀이 경기를 진행합니다. 경기 상태는 경기 종료입니다. 최종 스코어는 삼성 2 - KIA 5로 KIA가 승리했습니다.,2026-06-05,18:30,GWANGJU,광주,SAMSUNG,KIA,2,5,END,REGULAR,THIRD_PARTY_API,CONFIRMED
schedule_7c53c12dd6b61ae3,https://gw.tving.com/bff/sports/v2/kbo/schedule?date=20260605&screenCode=CSSD0100&osCode=CSOD0900,한화롯데,schedule,2026-09-07 13:48:22,2026 시즌 KBO 경기 일정입니다. 2026-06-05 18:30에 사직구장에서 한화 원정팀과 롯데 홈팀이 경기를 진행합니다. 경기 상태는 경기 종료입니다. 최종 스코어는 한화 9 - 롯데 2로 한화가 승리했습니다.,2026-06-05,18:30,SAJIK,사직,HANWHA,LOTTE,9,2,END,REGULAR,THIRD_PARTY_API,CONFIRMED
schedule_d8a077aad32e775e,https://gw.tving.com/bff/sports/v2/kbo/schedule?date=20260605&screenCode=CSSD0100&osCode=CSOD0900,키움두산,schedule,2026-09-07 13:48:22,2026 시즌 KBO 경기 일정입니다. 2026-06-05 18:30에 잠실구장에서 키움 원정팀과 두산 홈팀이 경기를 진행합니다. 경기 상태는 경기 종료입니다. 최종 스코어는 키움 3 - 두산 4로 두산이 승리했습니다.,2026-06-05,18:30,JAMSIL,잠실,KIWOOM,DOOSAN,3,4,END,REGULAR,THIRD_PARTY_API,CONFIRMED
schedule_b675c14835f7e63d,https://gw.tving.com/bff/sports/v2/kbo/schedule?date=20260605&screenCode=CSSD0100&osCode=CSOD0900,KTSSG,schedule,2026-09-07 13:48:22,2026 시즌 KBO 경기 일정입니다. 2026-06-05 18:30에 문학구장에서 KT 원정팀과 SSG 홈팀이 경기를 진행합니다. 경기 상태는 경기 종료입니다. 최종 스코어는 KT 5 - SSG 6로 SSG가 승리했습니다.,2026-06-05,18:30,MUNHAK,문학,KT,SSG,5,6,END,REGULAR,THIRD_PARTY_API,CONFIRMED
schedule_0adfe1e1955408ab,https://gw.tving.com/bff/sports/v2/kbo/schedule?date=20260605&screenCode=CSSD0100&osCode=CSOD0900,LGNC,schedule,2026-09-07 13:48:22,2026 시즌 KBO 경기 일정입니다. 2026-06-05 18:30에 창원구장에서 LG 원정팀과 NC 홈팀이 경기를 진행합니다. 경기 상태는 경기 종료입니다. 최종 스코어는 LG 5 - NC 4로 LG가 승리했습니다.,2026-06-05,18:30,CHANGWON,창원,LG,NC,5,4,END,REGULAR,THIRD_PARTY_API,CONFIRMED
schedule_5f48384b947e7694,https://gw.tving.com/bff/sports/v2/kbo/schedule?date=20260606&screenCode=CSSD0100&osCode=CSOD0900,KTSSG,schedule,2026-09-07 13:48:22,2026 시즌 KBO 경기 일정입니다. 2026-06-06 14:00에 문학구장에서 KT 원정팀과 SSG 홈팀이 경기를 진행합니다. 경기 상태는 경기 종료입니다. 최종 스코어는 KT 7 - SSG 3로 KT가 승리했습니다.,2026-06-06,14:00,MUNHAK,문학,KT,SSG,7,3,END,REGULAR,THIRD_PARTY_API,CONFIRMED
schedule_488646ab9cfd0a4f,https://gw.tving.com/bff/sports/v2/kbo/schedule?date=20260606&screenCode=CSSD0100&osCode=CSOD0900,LGNC,schedule,2026-09-07 13:48:22,2026 시즌 KBO 경기 일정입니다. 2026-06-06 17:00에 창원구장에서 LG 원정팀과 NC 홈팀이 경기를 진행합니다. 경기 상태는 경기 종료입니다. 최종 스코어는 LG 5 - NC 8로 NC가 승리했습니다.,2026-06-06,17:00,CHANGWON,창원,LG,NC,5,8,END,REGULAR,THIRD_PARTY_API,CONFIRMED
schedule_625fb9f4e9780a15,https://gw.tving.com/bff/sports/v2/kbo/schedule?date=20260606&screenCode=CSSD0100&osCode=CSOD0900,키움두산,schedule,2026-09-07 13:48:22,2026 시즌 KBO 경기 일정입니다. 2026-06-06 17:00에 잠실구장에서 키움 원정팀과 두산 홈팀이 경기를 진행합니다. 경기 상태는 경기 종료입니다. 최종 스코어는 키움 1 - 두산 9로 두산이 승리했습니다.,2026-06-06,17:00,JAMSIL,잠실,KIWOOM,DOOSAN,1,9,END,REGULAR,THIRD_PARTY_API,CONFIRMED
schedule_337c21458a102060,https://gw.tving.com/bff/sports/v2/kbo/schedule?date=20260606&screenCode=CSSD0100&osCode=CSOD0900,한화롯데,schedule,2026-09-07 13:48:22,2026 시즌 KBO 경기 일정입니다. 2026-06-06 17:00에 사직구장에서 한화 원정팀과 롯데 홈팀이 경기를 진행합니다. 경기 상태는 경기 종료입니다. 최종 스코어는 한화 7 - 롯데 2로 한화가 승리했습니다.,2026-06-06,17:00,SAJIK,사직,HANWHA,LOTTE,7,2,END,REGULAR,THIRD_PARTY_API,CONFIRMED
schedule_d81346e10a793201,https://gw.tving.com/bff/sports/v2/kbo/schedule?date=20260606&screenCode=CSSD0100&osCode=CSOD0900,삼성KIA,schedule,2026-09-07 13:48:22,2026 시즌 KBO 경기 일정입니다. 2026-06-06 17:00에 광주구장에서 삼성 원정팀과 KIA 홈팀이 경기를 진행합니다. 경기 상태는 경기 종료입니다. 최종 스코어는 삼성 3 - KIA 2로 삼성이 승리했습니다.,2026-06-06,17:00,GWANGJU,광주,SAMSUNG,KIA,3,2,END,REGULAR,THIRD_PARTY_API,CONFIRMED
schedule_c54447d3bedd914d,https://gw.tving.com/bff/sports/v2/kbo/schedule?date=20260607&screenCode=CSSD0100&osCode=CSOD0900,삼성KIA,schedule,2026-09-07 13:48:22,2026 시즌 KBO 경기 일정입니다. 2026-06-07 17:00에 광주구장에서 삼성 원정팀과 KIA 홈팀이 경기를 진행합니다. 경기 상태는 경기 종료입니다. 최종 스코어는 삼성 6 - KIA 7로 KIA가 승리했습니다.,2026-06-07,17:00,GWANGJU,광주,SAMSUNG,KIA,6,7,END,REGULAR,THIRD_PARTY_API,CONFIRMED
schedule_10a3560fd2993703,https://gw.tving.com/bff/sports/v2/kbo/schedule?date=20260607&screenCode=CSSD0100&osCode=CSOD0900,LGNC,schedule,2026-09-07 13:48:22,2026 시즌 KBO 경기 일정입니다. 2026-06-07 17:00에 창원구장에서 LG 원정팀과 NC 홈팀이 경기를 진행합니다. 경기 상태는 경기 종료입니다. 최종 스코어는 LG 6 - NC 7로 NC가 승리했습니다.,2026-06-07,17:00,CHANGWON,창원,LG,NC,6,7,END,REGULAR,THIRD_PARTY_API,CONFIRMED
schedule_8074a34af14f5d8e,https://gw.tving.com/bff/sports/v2/kbo/schedule?date=20260607&screenCode=CSSD0100&osCode=CSOD0900,한화롯데,schedule,2026-09-07 13:48:22,2026 시즌 KBO 경기 일정입니다. 2026-06-07 17:00에 사직구장에서 한화 원정팀과 롯데 홈팀이 경기를 진행합니다. 경기 상태는 경기 종료입니다. 최종 스코어는 한화 9 - 롯데 8로 한화가 승리했습니다.,2026-06-07,17:00,SAJIK,사직,HANWHA,LOTTE,9,8,END,REGULAR,THIRD_PARTY_API,CONFIRMED
schedule_f775fdb35fd32600,https://gw.tving.com/bff/sports/v2/kbo/schedule?date=20260607&screenCode=CSSD0100&osCode=CSOD0900,키움두산,schedule,2026-09-07 13:48:22,2026 시즌 KBO 경기 일정입니다. 2026-06-07 17:00에 잠실구장에서 키움 원정팀과 두산 홈팀이 경기를 진행합니다. 경기 상태는 경기 종료입니다. 최종 스코어는 키움 4 - 두산 1로 키움이 승리했습니다.,2026-06-07,17:00,JAMSIL,잠실,KIWOOM,DOOSAN,4,1,END,REGULAR,THIRD_PARTY_API,CONFIRMED
schedule_76e1294b6df7923e,https://gw.tving.com/bff/sports/v2/kbo/schedule?date=20260607&screenCode=CSSD0100&osCode=CSOD0900,KTSSG,schedule,2026-09-07 13:48:22,2026 시즌 KBO 경기 일정입니다. 2026-06-07 17:00에 문학구장에서 KT 원정팀과 SSG 홈팀이 경기를 진행합니다. 경기 상태는 경기 종료입니다. 최종 스코어는 KT 0 - SSG 7로 SSG가 승리했습니다.,2026-06-07,17:00,MUNHAK,문학,KT,SSG,0,7,END,REGULAR,THIRD_PARTY_API,CONFIRMED
schedule_c4036ec10517c3d5,https://gw.tving.com/bff/sports/v2/kbo/schedule?date=20260609&screenCode=CSSD0100&osCode=CSOD0900,KIA한화,schedule,2026-09-07 13:48:22,2026 시즌 KBO 경기 일정입니다. 2026-06-09 18:30에 대전구장에서 KIA 원정팀과 한화 홈팀이 경기를 진행합니다. 경기 상태는 경기 종료입니다. 최종 스코어는 KIA 6 - 한화 4로 KIA가 승리했습니다.,2026-06-09,18:30,DAEJEON,대전,KIA,HANWHA,6,4,END,REGULAR,THIRD_PARTY_API,CONFIRMED
schedule_739abf2714ca0eb7,https://gw.tving.com/bff/sports/v2/kbo/schedule?date=20260609&screenCode=CSSD0100&osCode=CSOD0900,NC키움,schedule,2026-09-07 13:48:22,2026 시즌 KBO 경기 일정입니다. 2026-06-09 18:30에 고척구장에서 NC 원정팀과 키움 홈팀이 경기를 진행합니다. 경기 상태는 경기 종료입니다. 최종 스코어는 NC 6 - 키움 7로 키움이 승리했습니다.,2026-06-09,18:30,GOCHEOK,고척,NC,KIWOOM,6,7,END,REGULAR,THIRD_PARTY_API,CONFIRMED
schedule_f0490717db22413a,https://gw.tving.com/bff/sports/v2/kbo/schedule?date=20260609&screenCode=CSSD0100&osCode=CSOD0900,삼성KT,schedule,2026-09-07 13:48:22,2026 시즌 KBO 경기 일정입니다. 2026-06-09 18:30에 수원구장에서 삼성 원정팀과 KT 홈팀이 경기를 진행합니다. 경기 상태는 경기 종료입니다. 최종 스코어는 삼성 2 - KT 5로 KT가 승리했습니다.,2026-06-09,18:30,SUWON,수원,SAMSUNG,KT,2,5,END,REGULAR,THIRD_PARTY_API,CONFIRMED
schedule_18d3b957a48562ee,https://gw.tving.com/bff/sports/v2/kbo/schedule?date=20260609&screenCode=CSSD0100&osCode=CSOD0900,두산롯데,schedule,2026-09-07 13:48:22,2026 시즌 KBO 경기 일정입니다. 2026-06-09 18:30에 사직구장에서 두산 원정팀과 롯데 홈팀이 경기를 진행합니다. 경기 상태는 경기 종료입니다. 최종 스코어는 두산 6 - 롯데 5로 두산이 승리했습니다.,2026-06-09,18:30,SAJIK,사직,DOOSAN,LOTTE,6,5,END,REGULAR,THIRD_PARTY_API,CONFIRMED
schedule_a4dd2b3bb5006550,https://gw.tving.com/bff/sports/v2/kbo/schedule?date=20260609&screenCode=CSSD0100&osCode=CSOD0900,SSGLG,schedule,2026-09-07 13:48:22,2026 시즌 KBO 경기 일정입니다. 2026-06-09 18:30에 잠실구장에서 SSG 원정팀과 LG 홈팀이 경기를 진행합니다. 경기 상태는 경기 종료입니다. 최종 스코어는 SSG 2 - LG 8로 LG가 승리했습니다.,2026-06-09,18:30,JAMSIL,잠실,SSG,LG,2,8,END,REGULAR,THIRD_PARTY_API,CONFIRMED
schedule_1751eeab98dd4f41,https://gw.tving.com/bff/sports/v2/kbo/schedule?date=20260610&screenCode=CSSD0100&osCode=CSOD0900,NC키움,schedule,2026-09-07 13:48:22,2026 시즌 KBO 경기 일정입니다. 2026-06-10 18:30에 고척구장에서 NC 원정팀과 키움 홈팀이 경기를 진행합니다. 경기 상태는 경기 종료입니다. 최종 스코어는 NC 4 - 키움 2로 NC가 승리했습니다.,2026-06-10,18:30,GOCHEOK,고척,NC,KIWOOM,4,2,END,REGULAR,THIRD_PARTY_API,CONFIRMED
schedule_405f4202ba38f13e,https://gw.tving.com/bff/sports/v2/kbo/schedule?date=20260610&screenCode=CSSD0100&osCode=CSOD0900,두산롯데,schedule,2026-09-07 13:48:22,2026 시즌 KBO 경기 일정입니다. 2026-06-10 18:30에 사직구장에서 두산 원정팀과 롯데 홈팀이 경기를 진행합니다. 경기 상태는 경기 종료입니다. 최종 스코어는 두산 1 - 롯데 3로 롯데가 승리했습니다.,2026-06-10,18:30,SAJIK,사직,DOOSAN,LOTTE,1,3,END,REGULAR,THIRD_PARTY_API,CONFIRMED
schedule_a5327ac7b6acebd0,https://gw.tving.com/bff/sports/v2/kbo/schedule?date=20260610&screenCode=CSSD0100&osCode=CSOD0900,KIA한화,schedule,2026-09-07 13:48:22,2026 시즌 KBO 경기 일정입니다. 2026-06-10 18:30에 대전구장에서 KIA 원정팀과 한화 홈팀이 경기를 진행합니다. 경기 상태는 경기 종료입니다. 최종 스코어는 KIA 3 - 한화 4로 한화가 승리했습니다.,2026-06-10,18:30,DAEJEON,대전,KIA,HANWHA,3,4,END,REGULAR,THIRD_PARTY_API,CONFIRMED
schedule_5dbf6ac292230d3f,https://gw.tving.com/bff/sports/v2/kbo/schedule?date=20260610&screenCode=CSSD0100&osCode=CSOD0900,SSGLG,schedule,2026-09-07 13:48:22,2026 시즌 KBO 경기 일정입니다. 2026-06-10 18:30에 잠실구장에서 SSG 원정팀과 LG 홈팀이 경기를 진행합니다. 경기 상태는 경기 종료입니다. 최종 스코어는 SSG 6 - LG 8로 LG가 승리했습니다.,2026-06-10,18:30,JAMSIL,잠실,SSG,LG,6,8,END,REGULAR,THIRD_PARTY_API,CONFIRMED
schedule_5d2e0af7d9204a71,https://gw.tving.com/bff/sports/v2/kbo/schedule?date=20260610&screenCode=CSSD0100&osCode=CSOD0900,삼성KT,schedule,2026-09-07 13:48:22,2026 시즌 KBO 경기 일정입니다. 2026-06-10 18:30에 수원구장에서 삼성 원정팀과 KT 홈팀이 경기를 진행합니다. 경기 상태는 경기 종료입니다. 최종 스코어는 삼성 3 - KT 4로 KT가 승리했습니다.,2026-06-10,18:30,SUWON,수원,SAMSUNG,KT,3,4,END,REGULAR,THIRD_PARTY_API,CONFIRMED
schedule_47468ac31099c02c,https://gw.tving.com/bff/sports/v2/kbo/schedule?date=20260611&screenCode=CSSD0100&osCode=CSOD0900,NC키움,schedule,2026-09-07 13:48:22,2026 시즌 KBO 경기 일정입니다. 2026-06-11 18:30에 고척구장에서 NC 원정팀과 키움 홈팀이 경기를 진행합니다. 경기 상태는 경기 종료입니다. 최종 스코어는 NC 3 - 키움 2로 NC가 승리했습니다.,2026-06-11,18:30,GOCHEOK,고척,NC,KIWOOM,3,2,END,REGULAR,THIRD_PARTY_API,CONFIRMED
schedule_f7fe40ca3c854986,https://gw.tving.com/bff/sports/v2/kbo/schedule?date=20260611&screenCode=CSSD0100&osCode=CSOD0900,KIA한화,schedule,2026-09-07 13:48:22,2026 시즌 KBO 경기 일정입니다. 2026-06-11 18:30에 대전구장에서 KIA 원정팀과 한화 홈팀이 경기를 진행합니다. 경기 상태는 경기 종료입니다. 최종 스코어는 KIA 1 - 한화 5로 한화가 승리했습니다.,2026-06-11,18:30,DAEJEON,대전,KIA,HANWHA,1,5,END,REGULAR,THIRD_PARTY_API,CONFIRMED
schedule_38f396c878c59b6c,https://gw.tving.com/bff/sports/v2/kbo/schedule?date=20260611&screenCode=CSSD0100&osCode=CSOD0900,삼성KT,schedule,2026-09-07 13:48:22,2026 시즌 KBO 경기 일정입니다. 2026-06-11 18:30에 수원구장에서 삼성 원정팀과 KT 홈팀이 경기를 진행합니다. 경기 상태는 경기 종료입니다. 최종 스코어는 삼성 8 - KT 1로 삼성이 승리했습니다.,2026-06-11,18:30,SUWON,수원,SAMSUNG,KT,8,1,END,REGULAR,THIRD_PARTY_API,CONFIRMED
schedule_2832bd46cb382e79,https://gw.tving.com/bff/sports/v2/kbo/schedule?date=20260611&screenCode=CSSD0100&osCode=CSOD0900,SSGLG,schedule,2026-09-07 13:48:22,2026 시즌 KBO 경기 일정입니다. 2026-06-11 18:30에 잠실구장에서 SSG 원정팀과 LG 홈팀이 경기를 진행합니다. 경기 상태는 경기 종료입니다. 최종 스코어는 SSG 1 - LG 15로 LG가 승리했습니다.,2026-06-11,18:30,JAMSIL,잠실,SSG,LG,1,15,END,REGULAR,THIRD_PARTY_API,CONFIRMED
schedule_1ba282b0ae2ba276,https://gw.tving.com/bff/sports/v2/kbo/schedule?date=20260611&screenCode=CSSD0100&osCode=CSOD0900,두산롯데,schedule,2026-09-07 13:48:22,2026 시즌 KBO 경기 일정입니다. 2026-06-11 18:30에 사직구장에서 두산 원정팀과 롯데 홈팀이 경기를 진행합니다. 경기 상태는 경기 종료입니다. 최종 스코어는 두산 12 - 롯데 7로 두산이 승리했습니다.,2026-06-11,18:30,SAJIK,사직,DOOSAN,LOTTE,12,7,END,REGULAR,THIRD_PARTY_API,CONFIRMED
schedule_76da8495f96031f2,https://gw.tving.com/bff/sports/v2/kbo/schedule?date=20260612&screenCode=CSSD0100&osCode=CSOD0900,롯데LG,schedule,2026-09-07 13:48:22,2026 시즌 KBO 경기 일정입니다. 2026-06-12 18:30에 잠실구장에서 롯데 원정팀과 LG 홈팀이 경기를 진행합니다. 경기 상태는 경기 종료입니다. 최종 스코어는 롯데 16 - LG 5로 롯데가 승리했습니다.,2026-06-12,18:30,JAMSIL,잠실,LOTTE,LG,16,5,END,REGULAR,THIRD_PARTY_API,CONFIRMED
schedule_fc0184324c4c56a1,https://gw.tving.com/bff/sports/v2/kbo/schedule?date=20260612&screenCode=CSSD0100&osCode=CSOD0900,두산KIA,schedule,2026-09-07 13:48:22,2026 시즌 KBO 경기 일정입니다. 2026-06-12 18:30에 광주구장에서 두산 원정팀과 KIA 홈팀이 경기를 진행합니다. 경기 상태는 경기 종료입니다. 최종 스코어는 두산 4 - KIA 2로 두산이 승리했습니다.,2026-06-12,18:30,GWANGJU,광주,DOOSAN,KIA,4,2,END,REGULAR,THIRD_PARTY_API,CONFIRMED
schedule_3ceec2792cd6cbff,https://gw.tving.com/bff/sports/v2/kbo/schedule?date=20260612&screenCode=CSSD0100&osCode=CSOD0900,한화키움,schedule,2026-09-07 13:48:22,2026 시즌 KBO 경기 일정입니다. 2026-06-12 18:30에 고척구장에서 한화 원정팀과 키움 홈팀이 경기를 진행합니다. 경기 상태는 경기 종료입니다. 최종 스코어는 한화 3 - 키움 4로 키움이 승리했습니다.,2026-06-12,18:30,GOCHEOK,고척,HANWHA,KIWOOM,3,4,END,REGULAR,THIRD_PARTY_API,CONFIRMED
schedule_b8f6fe7dc1e32ad7,https://gw.tving.com/bff/sports/v2/kbo/schedule?date=20260612&screenCode=CSSD0100&osCode=CSOD0900,NCKT,schedule,2026-09-07 13:48:22,2026 시즌 KBO 경기 일정입니다. 2026-06-12 18:30에 수원구장에서 NC 원정팀과 KT 홈팀이 경기를 진행합니다. 경기 상태는 경기 종료입니다. 최종 스코어는 NC 2 - KT 3로 KT가 승리했습니다.,2026-06-12,18:30,SUWON,수원,NC,KT,2,3,END,REGULAR,THIRD_PARTY_API,CONFIRMED
schedule_67796e917ee6e745,https://gw.tving.com/bff/sports/v2/kbo/schedule?date=20260612&screenCode=CSSD0100&osCode=CSOD0900,SSG삼성,schedule,2026-09-07 13:48:22,2026 시즌 KBO 경기 일정입니다. 2026-06-12 18:30에 대구구장에서 SSG 원정팀과 삼성 홈팀이 경기를 진행합니다. 경기 상태는 경기 종료입니다. 최종 스코어는 SSG 5 - 삼성 3로 SSG가 승리했습니다.,2026-06-12,18:30,DAEGU,대구,SSG,SAMSUNG,5,3,END,REGULAR,THIRD_PARTY_API,CONFIRMED
schedule_6272e8ea2a422cbd,https://gw.tving.com/bff/sports/v2/kbo/schedule?date=20260613&screenCode=CSSD0100&osCode=CSOD0900,롯데LG,schedule,2026-09-07 13:48:22,2026 시즌 KBO 경기 일정입니다. 2026-06-13 17:00에 잠실구장에서 롯데 원정팀과 LG 홈팀이 경기를 진행합니다. 경기 상태는 경기 종료입니다. 최종 스코어는 롯데 3 - LG 5로 LG가 승리했습니다.,2026-06-13,17:00,JAMSIL,잠실,LOTTE,LG,3,5,END,REGULAR,THIRD_PARTY_API,CONFIRMED
schedule_faf0c697f0168525,https://gw.tving.com/bff/sports/v2/kbo/schedule?date=20260613&screenCode=CSSD0100&osCode=CSOD0900,한화키움,schedule,2026-09-07 13:48:22,2026 시즌 KBO 경기 일정입니다. 2026-06-13 17:00에 고척구장에서 한화 원정팀과 키움 홈팀이 경기를 진행합니다. 경기 상태는 경기 종료입니다. 최종 스코어는 한화 1 - 키움 3로 키움이 승리했습니다.,2026-06-13,17:00,GOCHEOK,고척,HANWHA,KIWOOM,1,3,END,REGULAR,THIRD_PARTY_API,CONFIRMED
schedule_621fab2a5e873edd,https://gw.tving.com/bff/sports/v2/kbo/schedule?date=20260613&screenCode=CSSD0100&osCode=CSOD0900,SSG삼성,schedule,2026-09-07 13:48:22,2026 시즌 KBO 경기 일정입니다. 2026-06-13 17:00에 대구구장에서 SSG 원정팀과 삼성 홈팀이 경기를 진행합니다. 경기 상태는 경기 종료입니다. 최종 스코어는 SSG 6 - 삼성 7로 삼성이 승리했습니다.,2026-06-13,17:00,DAEGU,대구,SSG,SAMSUNG,6,7,END,REGULAR,THIRD_PARTY_API,CONFIRMED
schedule_90bf152363e79d64,https://gw.tving.com/bff/sports/v2/kbo/schedule?date=20260613&screenCode=CSSD0100&osCode=CSOD0900,NCKT,schedule,2026-09-07 13:48:22,2026 시즌 KBO 경기 일정입니다. 2026-06-13 17:00에 수원구장에서 NC 원정팀과 KT 홈팀이 경기를 진행합니다. 경기 상태는 경기 종료입니다. 최종 스코어는 NC 9 - KT 11로 KT가 승리했습니다.,2026-06-13,17:00,SUWON,수원,NC,KT,9,11,END,REGULAR,THIRD_PARTY_API,CONFIRMED
schedule_6a9d91643156a6af,https://gw.tving.com/bff/sports/v2/kbo/schedule?date=20260613&screenCode=CSSD0100&osCode=CSOD0900,두산KIA,schedule,2026-09-07 13:48:22,2026 시즌 KBO 경기 일정입니다. 2026-06-13 17:00에 광주구장에서 두산 원정팀과 KIA 홈팀이 경기를 진행합니다. 경기 상태는 경기 종료입니다. 최종 스코어는 두산 1 - KIA 2로 KIA가 승리했습니다.,2026-06-13,17:00,GWANGJU,광주,DOOSAN,KIA,1,2,END,REGULAR,THIRD_PARTY_API,CONFIRMED
schedule_72b1a6a692a12c1a,https://gw.tving.com/bff/sports/v2/kbo/schedule?date=20260614&screenCode=CSSD0100&osCode=CSOD0900,한화키움,schedule,2026-09-07 13:48:22,2026 시즌 KBO 경기 일정입니다. 2026-06-14 14:00에 고척구장에서 한화 원정팀과 키움 홈팀이 경기를 진행합니다. 경기 상태는 경기 종료입니다. 최종 스코어는 한화 2 - 키움 3로 키움이 승리했습니다.,2026-06-14,14:00,GOCHEOK,고척,HANWHA,KIWOOM,2,3,END,REGULAR,THIRD_PARTY_API,CONFIRMED
schedule_7097dc5d703a034d,https://gw.tving.com/bff/sports/v2/kbo/schedule?date=20260614&screenCode=CSSD0100&osCode=CSOD0900,NCKT,schedule,2026-09-07 13:48:22,2026 시즌 KBO 경기 일정입니다. 2026-06-14 17:00에 수원구장에서 NC 원정팀과 KT 홈팀의 경기가 예정되어 있었으나 취소되었습니다.,2026-06-14,17:00,SUWON,수원,NC,KT,,,CANCEL,REGULAR,THIRD_PARTY_API,CONFIRMED
schedule_90259bae2aeacdf7,https://gw.tving.com/bff/sports/v2/kbo/schedule?date=20260614&screenCode=CSSD0100&osCode=CSOD0900,SSG삼성,schedule,2026-09-07 13:48:22,2026 시즌 KBO 경기 일정입니다. 2026-06-14 17:00에 대구구장에서 SSG 원정팀과 삼성 홈팀이 경기를 진행합니다. 경기 상태는 경기 종료입니다. 최종 스코어는 SSG 8 - 삼성 10로 삼성이 승리했습니다.,2026-06-14,17:00,DAEGU,대구,SSG,SAMSUNG,8,10,END,REGULAR,THIRD_PARTY_API,CONFIRMED
schedule_1429379588d1079c,https://gw.tving.com/bff/sports/v2/kbo/schedule?date=20260614&screenCode=CSSD0100&osCode=CSOD0900,두산KIA,schedule,2026-09-07 13:48:22,2026 시즌 KBO 경기 일정입니다. 2026-06-14 17:00에 광주구장에서 두산 원정팀과 KIA 홈팀이 경기를 진행합니다. 경기 상태는 경기 종료입니다. 최종 스코어는 두산 8 - KIA 1로 두산이 승리했습니다.,2026-06-14,17:00,GWANGJU,광주,DOOSAN,KIA,8,1,END,REGULAR,THIRD_PARTY_API,CONFIRMED
schedule_f07ba40e47bd8f37,https://gw.tving.com/bff/sports/v2/kbo/schedule?date=20260614&screenCode=CSSD0100&osCode=CSOD0900,롯데LG,schedule,2026-09-07 13:48:22,2026 시즌 KBO 경기 일정입니다. 2026-06-14 17:00에 잠실구장에서 롯데 원정팀과 LG 홈팀이 경기를 진행합니다. 경기 상태는 경기 종료입니다. 최종 스코어는 롯데 1 - LG 6로 LG가 승리했습니다.,2026-06-14,17:00,JAMSIL,잠실,LOTTE,LG,1,6,END,REGULAR,THIRD_PARTY_API,CONFIRMED
schedule_8e5de1cf31f36433,https://gw.tving.com/bff/sports/v2/kbo/schedule?date=20260616&screenCode=CSSD0100&osCode=CSOD0900,LGKIA,schedule,2026-09-07 13:48:22,2026 시즌 KBO 경기 일정입니다. 2026-06-16 18:30에 광주구장에서 LG 원정팀과 KIA 홈팀이 경기를 진행합니다. 경기 상태는 경기 종료입니다. 최종 스코어는 LG 8 - KIA 2로 LG가 승리했습니다.,2026-06-16,18:30,GWANGJU,광주,LG,KIA,8,2,END,REGULAR,THIRD_PARTY_API,CONFIRMED
schedule_a66bf5213ce9e46c,https://gw.tving.com/bff/sports/v2/kbo/schedule?date=20260616&screenCode=CSSD0100&osCode=CSOD0900,한화NC,schedule,2026-09-07 13:48:22,2026 시즌 KBO 경기 일정입니다. 2026-06-16 18:30에 창원구장에서 한화 원정팀과 NC 홈팀이 경기를 진행합니다. 경기 상태는 경기 종료입니다. 최종 스코어는 한화 5 - NC 6로 NC가 승리했습니다.,2026-06-16,18:30,CHANGWON,창원,HANWHA,NC,5,6,END,REGULAR,THIRD_PARTY_API,CONFIRMED
schedule_06364959e303836d,https://gw.tving.com/bff/sports/v2/kbo/schedule?date=20260616&screenCode=CSSD0100&osCode=CSOD0900,롯데SSG,schedule,2026-09-07 13:48:22,2026 시즌 KBO 경기 일정입니다. 2026-06-16 18:30에 문학구장에서 롯데 원정팀과 SSG 홈팀이 경기를 진행합니다. 경기 상태는 경기 종료입니다. 최종 스코어는 롯데 10 - SSG 6로 롯데가 승리했습니다.,2026-06-16,18:30,MUNHAK,문학,LOTTE,SSG,10,6,END,REGULAR,THIRD_PARTY_API,CONFIRMED
schedule_e0ab0c571c567c1e,https://gw.tving.com/bff/sports/v2/kbo/schedule?date=20260616&screenCode=CSSD0100&osCode=CSOD0900,키움삼성,schedule,2026-09-07 13:48:22,2026 시즌 KBO 경기 일정입니다. 2026-06-16 18:30에 대구구장에서 키움 원정팀과 삼성 홈팀이 경기를 진행합니다. 경기 상태는 경기 종료입니다. 최종 스코어는 키움 1 - 삼성 4로 삼성이 승리했습니다.,2026-06-16,18:30,DAEGU,대구,KIWOOM,SAMSUNG,1,4,END,REGULAR,THIRD_PARTY_API,CONFIRMED
schedule_554ed9bb366893b5,https://gw.tving.com/bff/sports/v2/kbo/schedule?date=20260616&screenCode=CSSD0100&osCode=CSOD0900,KT두산,schedule,2026-09-07 13:48:22,2026 시즌 KBO 경기 일정입니다. 2026-06-16 18:30에 잠실구장에서 KT 원정팀과 두산 홈팀이 경기를 진행합니다. 경기 상태는 경기 종료입니다. 최종 스코어는 KT 6 - 두산 2로 KT가 승리했습니다.,2026-06-16,18:30,JAMSIL,잠실,KT,DOOSAN,6,2,END,REGULAR,THIRD_PARTY_API,CONFIRMED
schedule_c3cb99ab14bdcfb5,https://gw.tving.com/bff/sports/v2/kbo/schedule?date=20260617&screenCode=CSSD0100&osCode=CSOD0900,롯데SSG,schedule,2026-09-07 13:48:22,2026 시즌 KBO 경기 일정입니다. 2026-06-17 18:30에 문학구장에서 롯데 원정팀과 SSG 홈팀이 경기를 진행합니다. 경기 상태는 경기 종료입니다. 최종 스코어는 롯데 2 - SSG 1로 롯데가 승리했습니다.,2026-06-17,18:30,MUNHAK,문학,LOTTE,SSG,2,1,END,REGULAR,THIRD_PARTY_API,CONFIRMED
schedule_4c7d5cd887ae06a3,https://gw.tving.com/bff/sports/v2/kbo/schedule?date=20260617&screenCode=CSSD0100&osCode=CSOD0900,한화NC,schedule,2026-09-07 13:48:22,2026 시즌 KBO 경기 일정입니다. 2026-06-17 18:30에 창원구장에서 한화 원정팀과 NC 홈팀이 경기를 진행합니다. 경기 상태는 경기 종료입니다. 최종 스코어는 한화 4 - NC 5로 NC가 승리했습니다.,2026-06-17,18:30,CHANGWON,창원,HANWHA,NC,4,5,END,REGULAR,THIRD_PARTY_API,CONFIRMED
schedule_4fe19cdb6cbb3a41,https://gw.tving.com/bff/sports/v2/kbo/schedule?date=20260617&screenCode=CSSD0100&osCode=CSOD0900,KT두산,schedule,2026-09-07 13:48:22,2026 시즌 KBO 경기 일정입니다. 2026-06-17 18:30에 잠실구장에서 KT 원정팀과 두산 홈팀이 경기를 진행합니다. 경기 상태는 경기 종료입니다. 최종 스코어는 KT 8 - 두산 1로 KT가 승리했습니다.,2026-06-17,18:30,JAMSIL,잠실,KT,DOOSAN,8,1,END,REGULAR,THIRD_PARTY_API,CONFIRMED
schedule_66a5ce44b3cd0ada,https://gw.tving.com/bff/sports/v2/kbo/schedule?date=20260617&screenCode=CSSD0100&osCode=CSOD0900,키움삼성,schedule,2026-09-07 13:48:22,2026 시즌 KBO 경기 일정입니다. 2026-06-17 18:30에 대구구장에서 키움 원정팀과 삼성 홈팀이 경기를 진행합니다. 경기 상태는 경기 종료입니다. 최종 스코어는 키움 0 - 삼성 1로 삼성이 승리했습니다.,2026-06-17,18:30,DAEGU,대구,KIWOOM,SAMSUNG,0,1,END,REGULAR,THIRD_PARTY_API,CONFIRMED
schedule_3ceb4e34dac16f4c,https://gw.tving.com/bff/sports/v2/kbo/schedule?date=20260617&screenCode=CSSD0100&osCode=CSOD0900,LGKIA,schedule,2026-09-07 13:48:22,2026 시즌 KBO 경기 일정입니다. 2026-06-17 18:30에 광주구장에서 LG 원정팀과 KIA 홈팀이 경기를 진행합니다. 경기 상태는 경기 종료입니다. 최종 스코어는 LG 4 - KIA 5로 KIA가 승리했습니다.,2026-06-17,18:30,GWANGJU,광주,LG,KIA,4,5,END,REGULAR,THIRD_PARTY_API,CONFIRMED
schedule_7bf912c1d2c2ad15,https://gw.tving.com/bff/sports/v2/kbo/schedule?date=20260618&screenCode=CSSD0100&osCode=CSOD0900,롯데SSG,schedule,2026-09-07 13:48:22,2026 시즌 KBO 경기 일정입니다. 2026-06-18 18:30에 문학구장에서 롯데 원정팀과 SSG 홈팀이 경기를 진행합니다. 경기 상태는 경기 종료입니다. 최종 스코어는 롯데 2 - SSG 2로 무승부로 종료됐습니다.,2026-06-18,18:30,MUNHAK,문학,LOTTE,SSG,2,2,END,REGULAR,THIRD_PARTY_API,CONFIRMED
schedule_04d6e6c95d793ea9,https://gw.tving.com/bff/sports/v2/kbo/schedule?date=20260618&screenCode=CSSD0100&osCode=CSOD0900,한화NC,schedule,2026-09-07 13:48:22,2026 시즌 KBO 경기 일정입니다. 2026-06-18 18:30에 창원구장에서 한화 원정팀과 NC 홈팀이 경기를 진행합니다. 경기 상태는 경기 종료입니다. 최종 스코어는 한화 0 - NC 6로 NC가 승리했습니다.,2026-06-18,18:30,CHANGWON,창원,HANWHA,NC,0,6,END,REGULAR,THIRD_PARTY_API,CONFIRMED
schedule_7a87a9ee59fbeaa9,https://gw.tving.com/bff/sports/v2/kbo/schedule?date=20260618&screenCode=CSSD0100&osCode=CSOD0900,KT두산,schedule,2026-09-07 13:48:22,2026 시즌 KBO 경기 일정입니다. 2026-06-18 18:30에 잠실구장에서 KT 원정팀과 두산 홈팀이 경기를 진행합니다. 경기 상태는 경기 종료입니다. 최종 스코어는 KT 1 - 두산 2로 두산이 승리했습니다.,2026-06-18,18:30,JAMSIL,잠실,KT,DOOSAN,1,2,END,REGULAR,THIRD_PARTY_API,CONFIRMED
schedule_9f4870fac36bb28b,https://gw.tving.com/bff/sports/v2/kbo/schedule?date=20260618&screenCode=CSSD0100&osCode=CSOD0900,키움삼성,schedule,2026-09-07 13:48:22,2026 시즌 KBO 경기 일정입니다. 2026-06-18 18:30에 대구구장에서 키움 원정팀과 삼성 홈팀이 경기를 진행합니다. 경기 상태는 경기 종료입니다. 최종 스코어는 키움 3 - 삼성 4로 삼성이 승리했습니다.,2026-06-18,18:30,DAEGU,대구,KIWOOM,SAMSUNG,3,4,END,REGULAR,THIRD_PARTY_API,CONFIRMED
schedule_2b577db9876f6456,https://gw.tving.com/bff/sports/v2/kbo/schedule?date=20260618&screenCode=CSSD0100&osCode=CSOD0900,LGKIA,schedule,2026-09-07 13:48:22,2026 시즌 KBO 경기 일정입니다. 2026-06-18 18:30에 광주구장에서 LG 원정팀과 KIA 홈팀이 경기를 진행합니다. 경기 상태는 경기 종료입니다. 최종 스코어는 LG 2 - KIA 4로 KIA가 승리했습니다.,2026-06-18,18:30,GWANGJU,광주,LG,KIA,2,4,END,REGULAR,THIRD_PARTY_API,CONFIRMED
schedule_85d3ca9d18ee8769,https://gw.tving.com/bff/sports/v2/kbo/schedule?date=20260619&screenCode=CSSD0100&osCode=CSOD0900,삼성한화,schedule,2026-09-07 13:48:22,2026 시즌 KBO 경기 일정입니다. 2026-06-19 18:30에 대전구장에서 삼성 원정팀과 한화 홈팀이 경기를 진행합니다. 경기 상태는 경기 종료입니다. 최종 스코어는 삼성 3 - 한화 3로 무승부로 종료됐습니다.,2026-06-19,18:30,DAEJEON,대전,SAMSUNG,HANWHA,3,3,END,REGULAR,THIRD_PARTY_API,CONFIRMED
schedule_46ce8e75906d5928,https://gw.tving.com/bff/sports/v2/kbo/schedule?date=20260619&screenCode=CSSD0100&osCode=CSOD0900,롯데키움,schedule,2026-09-07 13:48:22,2026 시즌 KBO 경기 일정입니다. 2026-06-19 18:30에 고척구장에서 롯데 원정팀과 키움 홈팀이 경기를 진행합니다. 경기 상태는 경기 종료입니다. 최종 스코어는 롯데 2 - 키움 1로 롯데가 승리했습니다.,2026-06-19,18:30,GOCHEOK,고척,LOTTE,KIWOOM,2,1,END,REGULAR,THIRD_PARTY_API,CONFIRMED
schedule_614278af12d2cd59,https://gw.tving.com/bff/sports/v2/kbo/schedule?date=20260619&screenCode=CSSD0100&osCode=CSOD0900,SSGNC,schedule,2026-09-07 13:48:22,2026 시즌 KBO 경기 일정입니다. 2026-06-19 18:30에 창원구장에서 SSG 원정팀과 NC 홈팀이 경기를 진행합니다. 경기 상태는 경기 종료입니다. 최종 스코어는 SSG 3 - NC 9로 NC가 승리했습니다.,2026-06-19,18:30,CHANGWON,창원,SSG,NC,3,9,END,REGULAR,THIRD_PARTY_API,CONFIRMED
schedule_16dfeecc54da9d84,https://gw.tving.com/bff/sports/v2/kbo/schedule?date=20260619&screenCode=CSSD0100&osCode=CSOD0900,KIAKT,schedule,2026-09-07 13:48:22,2026 시즌 KBO 경기 일정입니다. 2026-06-19 18:30에 수원구장에서 KIA 원정팀과 KT 홈팀이 경기를 진행합니다. 경기 상태는 경기 종료입니다. 최종 스코어는 KIA 11 - KT 3로 KIA가 승리했습니다.,2026-06-19,18:30,SUWON,수원,KIA,KT,11,3,END,REGULAR,THIRD_PARTY_API,CONFIRMED
schedule_2152b29d7200b858,https://gw.tving.com/bff/sports/v2/kbo/schedule?date=20260619&screenCode=CSSD0100&osCode=CSOD0900,두산LG,schedule,2026-09-07 13:48:22,2026 시즌 KBO 경기 일정입니다. 2026-06-19 18:30에 잠실구장에서 두산 원정팀과 LG 홈팀이 경기를 진행합니다. 경기 상태는 경기 종료입니다. 최종 스코어는 두산 2 - LG 3로 LG가 승리했습니다.,2026-06-19,18:30,JAMSIL,잠실,DOOSAN,LG,2,3,END,REGULAR,THIRD_PARTY_API,CONFIRMED
schedule_5148da2ba145d522,https://gw.tving.com/bff/sports/v2/kbo/schedule?date=20260620&screenCode=CSSD0100&osCode=CSOD0900,삼성한화,schedule,2026-09-07 13:48:22,2026 시즌 KBO 경기 일정입니다. 2026-06-20 17:00에 대전구장에서 삼성 원정팀과 한화 홈팀이 경기를 진행합니다. 경기 상태는 경기 종료입니다. 최종 스코어는 삼성 4 - 한화 10로 한화가 승리했습니다.,2026-06-20,17:00,DAEJEON,대전,SAMSUNG,HANWHA,4,10,END,REGULAR,THIRD_PARTY_API,CONFIRMED
schedule_92ba0e3766690d39,https://gw.tving.com/bff/sports/v2/kbo/schedule?date=20260620&screenCode=CSSD0100&osCode=CSOD0900,KIAKT,schedule,2026-09-07 13:48:22,2026 시즌 KBO 경기 일정입니다. 2026-06-20 17:00에 수원구장에서 KIA 원정팀과 KT 홈팀이 경기를 진행합니다. 경기 상태는 경기 종료입니다. 최종 스코어는 KIA 9 - KT 10로 KT가 승리했습니다.,2026-06-20,17:00,SUWON,수원,KIA,KT,9,10,END,REGULAR,THIRD_PARTY_API,CONFIRMED
schedule_b04f2265012939a4,https://gw.tving.com/bff/sports/v2/kbo/schedule?date=20260620&screenCode=CSSD0100&osCode=CSOD0900,롯데키움,schedule,2026-09-07 13:48:22,2026 시즌 KBO 경기 일정입니다. 2026-06-20 17:00에 고척구장에서 롯데 원정팀과 키움 홈팀이 경기를 진행합니다. 경기 상태는 경기 종료입니다. 최종 스코어는 롯데 7 - 키움 1로 롯데가 승리했습니다.,2026-06-20,17:00,GOCHEOK,고척,LOTTE,KIWOOM,7,1,END,REGULAR,THIRD_PARTY_API,CONFIRMED
schedule_c69a85ce012499ea,https://gw.tving.com/bff/sports/v2/kbo/schedule?date=20260620&screenCode=CSSD0100&osCode=CSOD0900,두산LG,schedule,2026-09-07 13:48:22,2026 시즌 KBO 경기 일정입니다. 2026-06-20 17:00에 잠실구장에서 두산 원정팀과 LG 홈팀이 경기를 진행합니다. 경기 상태는 경기 종료입니다. 최종 스코어는 두산 2 - LG 4로 LG가 승리했습니다.,2026-06-20,17:00,JAMSIL,잠실,DOOSAN,LG,2,4,END,REGULAR,THIRD_PARTY_API,CONFIRMED
schedule_782a7d0b7dc45483,https://gw.tving.com/bff/sports/v2/kbo/schedule?date=20260620&screenCode=CSSD0100&osCode=CSOD0900,SSGNC,schedule,2026-09-07 13:48:22,2026 시즌 KBO 경기 일정입니다. 2026-06-20 17:00에 창원구장에서 SSG 원정팀과 NC 홈팀이 경기를 진행합니다. 경기 상태는 경기 종료입니다. 최종 스코어는 SSG 12 - NC 5로 SSG가 승리했습니다.,2026-06-20,17:00,CHANGWON,창원,SSG,NC,12,5,END,REGULAR,THIRD_PARTY_API,CONFIRMED
schedule_d38931fa9b65842f,https://gw.tving.com/bff/sports/v2/kbo/schedule?date=20260621&screenCode=CSSD0100&osCode=CSOD0900,롯데키움,schedule,2026-09-07 13:48:22,2026 시즌 KBO 경기 일정입니다. 2026-06-21 14:00에 고척구장에서 롯데 원정팀과 키움 홈팀이 경기를 진행합니다. 경기 상태는 경기 종료입니다. 최종 스코어는 롯데 6 - 키움 3로 롯데가 승리했습니다.,2026-06-21,14:00,GOCHEOK,고척,LOTTE,KIWOOM,6,3,END,REGULAR,THIRD_PARTY_API,CONFIRMED
schedule_36eb9e9c2b595882,https://gw.tving.com/bff/sports/v2/kbo/schedule?date=20260621&screenCode=CSSD0100&osCode=CSOD0900,KIAKT,schedule,2026-09-07 13:48:22,2026 시즌 KBO 경기 일정입니다. 2026-06-21 17:00에 수원구장에서 KIA 원정팀과 KT 홈팀이 경기를 진행합니다. 경기 상태는 경기 종료입니다. 최종 스코어는 KIA 11 - KT 5로 KIA가 승리했습니다.,2026-06-21,17:00,SUWON,수원,KIA,KT,11,5,END,REGULAR,THIRD_PARTY_API,CONFIRMED
schedule_becffd0680bb46c9,https://gw.tving.com/bff/sports/v2/kbo/schedule?date=20260621&screenCode=CSSD0100&osCode=CSOD0900,SSGNC,schedule,2026-09-07 13:48:22,2026 시즌 KBO 경기 일정입니다. 2026-06-21 17:00에 창원구장에서 SSG 원정팀과 NC 홈팀이 경기를 진행합니다. 경기 상태는 경기 종료입니다. 최종 스코어는 SSG 7 - NC 3로 SSG가 승리했습니다.,2026-06-21,17:00,CHANGWON,창원,SSG,NC,7,3,END,REGULAR,THIRD_PARTY_API,CONFIRMED
schedule_c95530bef1d1a252,https://gw.tving.com/bff/sports/v2/kbo/schedule?date=20260621&screenCode=CSSD0100&osCode=CSOD0900,삼성한화,schedule,2026-09-07 13:48:22,2026 시즌 KBO 경기 일정입니다. 2026-06-21 17:00에 대전구장에서 삼성 원정팀과 한화 홈팀이 경기를 진행합니다. 경기 상태는 경기 종료입니다. 최종 스코어는 삼성 3 - 한화 1로 삼성이 승리했습니다.,2026-06-21,17:00,DAEJEON,대전,SAMSUNG,HANWHA,3,1,END,REGULAR,THIRD_PARTY_API,CONFIRMED
schedule_1c654f946474d236,https://gw.tving.com/bff/sports/v2/kbo/schedule?date=20260621&screenCode=CSSD0100&osCode=CSOD0900,두산LG,schedule,2026-09-07 13:48:22,2026 시즌 KBO 경기 일정입니다. 2026-06-21 17:00에 잠실구장에서 두산 원정팀과 LG 홈팀이 경기를 진행합니다. 경기 상태는 경기 종료입니다. 최종 스코어는 두산 3 - LG 9로 LG가 승리했습니다.,2026-06-21,17:00,JAMSIL,잠실,DOOSAN,LG,3,9,END,REGULAR,THIRD_PARTY_API,CONFIRMED
schedule_e1f5eb96ac9ff6ce,https://gw.tving.com/bff/sports/v2/kbo/schedule?date=20260623&screenCode=CSSD0100&osCode=CSOD0900,삼성LG,schedule,2026-09-07 13:48:22,2026 시즌 KBO 경기 일정입니다. 2026-06-23 18:30에 잠실구장에서 삼성 원정팀과 LG 홈팀이 경기를 진행합니다. 경기 상태는 경기 종료입니다. 최종 스코어는 삼성 3 - LG 4로 LG가 승리했습니다.,2026-06-23,18:30,JAMSIL,잠실,SAMSUNG,LG,3,4,END,REGULAR,THIRD_PARTY_API,CONFIRMED
schedule_44c822e1ba41400e,https://gw.tving.com/bff/sports/v2/kbo/schedule?date=20260623&screenCode=CSSD0100&osCode=CSOD0900,KIA키움,schedule,2026-09-07 13:48:22,2026 시즌 KBO 경기 일정입니다. 2026-06-23 18:30에 고척구장에서 KIA 원정팀과 키움 홈팀이 경기를 진행합니다. 경기 상태는 경기 종료입니다. 최종 스코어는 KIA 7 - 키움 3로 KIA가 승리했습니다.,2026-06-23,18:30,GOCHEOK,고척,KIA,KIWOOM,7,3,END,REGULAR,THIRD_PARTY_API,CONFIRMED
schedule_ef8fcd872052a50b,https://gw.tving.com/bff/sports/v2/kbo/schedule?date=20260623&screenCode=CSSD0100&osCode=CSOD0900,두산한화,schedule,2026-09-07 13:48:22,2026 시즌 KBO 경기 일정입니다. 2026-06-23 18:30에 대전구장에서 두산 원정팀과 한화 홈팀이 경기를 진행합니다. 경기 상태는 경기 종료입니다. 최종 스코어는 두산 2 - 한화 3로 한화가 승리했습니다.,2026-06-23,18:30,DAEJEON,대전,DOOSAN,HANWHA,2,3,END,REGULAR,THIRD_PARTY_API,CONFIRMED
schedule_355d1c838e156b90,https://gw.tving.com/bff/sports/v2/kbo/schedule?date=20260623&screenCode=CSSD0100&osCode=CSOD0900,SSGKT,schedule,2026-09-07 13:48:22,2026 시즌 KBO 경기 일정입니다. 2026-06-23 18:30에 수원구장에서 SSG 원정팀과 KT 홈팀이 경기를 진행합니다. 경기 상태는 경기 종료입니다. 최종 스코어는 SSG 2 - KT 13로 KT가 승리했습니다.,2026-06-23,18:30,SUWON,수원,SSG,KT,2,13,END,REGULAR,THIRD_PARTY_API,CONFIRMED
schedule_22f15135e9ac4481,https://gw.tving.com/bff/sports/v2/kbo/schedule?date=20260623&screenCode=CSSD0100&osCode=CSOD0900,NC롯데,schedule,2026-09-07 13:48:22,2026 시즌 KBO 경기 일정입니다. 2026-06-23 18:30에 사직구장에서 NC 원정팀과 롯데 홈팀이 경기를 진행합니다. 경기 상태는 경기 종료입니다. 최종 스코어는 NC 2 - 롯데 3로 롯데가 승리했습니다.,2026-06-23,18:30,SAJIK,사직,NC,LOTTE,2,3,END,REGULAR,THIRD_PARTY_API,CONFIRMED
schedule_13332842ae070b1d,https://gw.tving.com/bff/sports/v2/kbo/schedule?date=20260624&screenCode=CSSD0100&osCode=CSOD0900,KIA키움,schedule,2026-09-07 13:48:22,2026 시즌 KBO 경기 일정입니다. 2026-06-24 18:30에 고척구장에서 KIA 원정팀과 키움 홈팀이 경기를 진행합니다. 경기 상태는 경기 종료입니다. 최종 스코어는 KIA 10 - 키움 3로 KIA가 승리했습니다.,2026-06-24,18:30,GOCHEOK,고척,KIA,KIWOOM,10,3,END,REGULAR,THIRD_PARTY_API,CONFIRMED
schedule_916b0f816306c588,https://gw.tving.com/bff/sports/v2/kbo/schedule?date=20260624&screenCode=CSSD0100&osCode=CSOD0900,SSGKT,schedule,2026-09-07 13:48:22,2026 시즌 KBO 경기 일정입니다. 2026-06-24 18:30에 수원구장에서 SSG 원정팀과 KT 홈팀이 경기를 진행합니다. 경기 상태는 경기 종료입니다. 최종 스코어는 SSG 5 - KT 4로 SSG가 승리했습니다.,2026-06-24,18:30,SUWON,수원,SSG,KT,5,4,END,REGULAR,THIRD_PARTY_API,CONFIRMED
schedule_07a2d961e1054409,https://gw.tving.com/bff/sports/v2/kbo/schedule?date=20260624&screenCode=CSSD0100&osCode=CSOD0900,두산한화,schedule,2026-09-07 13:48:22,2026 시즌 KBO 경기 일정입니다. 2026-06-24 18:30에 대전구장에서 두산 원정팀과 한화 홈팀이 경기를 진행합니다. 경기 상태는 경기 종료입니다. 최종 스코어는 두산 7 - 한화 2로 두산이 승리했습니다.,2026-06-24,18:30,DAEJEON,대전,DOOSAN,HANWHA,7,2,END,REGULAR,THIRD_PARTY_API,CONFIRMED
schedule_8b855381e2581034,https://gw.tving.com/bff/sports/v2/kbo/schedule?date=20260624&screenCode=CSSD0100&osCode=CSOD0900,삼성LG,schedule,2026-09-07 13:48:22,2026 시즌 KBO 경기 일정입니다. 2026-06-24 18:30에 잠실구장에서 삼성 원정팀과 LG 홈팀이 경기를 진행합니다. 경기 상태는 경기 종료입니다. 최종 스코어는 삼성 0 - LG 2로 LG가 승리했습니다.,2026-06-24,18:30,JAMSIL,잠실,SAMSUNG,LG,0,2,END,REGULAR,THIRD_PARTY_API,CONFIRMED
schedule_20de560d629017ae,https://gw.tving.com/bff/sports/v2/kbo/schedule?date=20260624&screenCode=CSSD0100&osCode=CSOD0900,NC롯데,schedule,2026-09-07 13:48:22,2026 시즌 KBO 경기 일정입니다. 2026-06-24 18:30에 사직구장에서 NC 원정팀과 롯데 홈팀이 경기를 진행합니다. 경기 상태는 경기 종료입니다. 최종 스코어는 NC 3 - 롯데 5로 롯데가 승리했습니다.,2026-06-24,18:30,SAJIK,사직,NC,LOTTE,3,5,END,REGULAR,THIRD_PARTY_API,CONFIRMED
schedule_d111e52e01525b64,https://gw.tving.com/bff/sports/v2/kbo/schedule?date=20260625&screenCode=CSSD0100&osCode=CSOD0900,두산한화,schedule,2026-09-07 13:48:22,2026 시즌 KBO 경기 일정입니다. 2026-06-25 18:30에 대전구장에서 두산 원정팀과 한화 홈팀이 경기를 진행합니다. 경기 상태는 경기 종료입니다. 최종 스코어는 두산 5 - 한화 3로 두산이 승리했습니다.,2026-06-25,18:30,DAEJEON,대전,DOOSAN,HANWHA,5,3,END,REGULAR,THIRD_PARTY_API,CONFIRMED
schedule_d688da3a7f31395b,https://gw.tving.com/bff/sports/v2/kbo/schedule?date=20260625&screenCode=CSSD0100&osCode=CSOD0900,NC롯데,schedule,2026-09-07 13:48:22,2026 시즌 KBO 경기 일정입니다. 2026-06-25 18:30에 사직구장에서 NC 원정팀과 롯데 홈팀이 경기를 진행합니다. 경기 상태는 경기 종료입니다. 최종 스코어는 NC 8 - 롯데 2로 NC가 승리했습니다.,2026-06-25,18:30,SAJIK,사직,NC,LOTTE,8,2,END,REGULAR,THIRD_PARTY_API,CONFIRMED
schedule_8fcf287fef5ac6e4,https://gw.tving.com/bff/sports/v2/kbo/schedule?date=20260625&screenCode=CSSD0100&osCode=CSOD0900,SSGKT,schedule,2026-09-07 13:48:22,2026 시즌 KBO 경기 일정입니다. 2026-06-25 18:30에 수원구장에서 SSG 원정팀과 KT 홈팀이 경기를 진행합니다. 경기 상태는 경기 종료입니다. 최종 스코어는 SSG 7 - KT 12로 KT가 승리했습니다.,2026-06-25,18:30,SUWON,수원,SSG,KT,7,12,END,REGULAR,THIRD_PARTY_API,CONFIRMED
schedule_c23bb1abce49568e,https://gw.tving.com/bff/sports/v2/kbo/schedule?date=20260625&screenCode=CSSD0100&osCode=CSOD0900,KIA키움,schedule,2026-09-07 13:48:22,2026 시즌 KBO 경기 일정입니다. 2026-06-25 18:30에 고척구장에서 KIA 원정팀과 키움 홈팀이 경기를 진행합니다. 경기 상태는 경기 종료입니다. 최종 스코어는 KIA 9 - 키움 4로 KIA가 승리했습니다.,2026-06-25,18:30,GOCHEOK,고척,KIA,KIWOOM,9,4,END,REGULAR,THIRD_PARTY_API,CONFIRMED
schedule_33dbb31c453c27a0,https://gw.tving.com/bff/sports/v2/kbo/schedule?date=20260625&screenCode=CSSD0100&osCode=CSOD0900,삼성LG,schedule,2026-09-07 13:48:22,2026 시즌 KBO 경기 일정입니다. 2026-06-25 18:30에 잠실구장에서 삼성 원정팀과 LG 홈팀이 경기를 진행합니다. 경기 상태는 경기 종료입니다. 최종 스코어는 삼성 13 - LG 6로 삼성이 승리했습니다.,2026-06-25,18:30,JAMSIL,잠실,SAMSUNG,LG,13,6,END,REGULAR,THIRD_PARTY_API,CONFIRMED
schedule_17e7fad923590c36,https://gw.tving.com/bff/sports/v2/kbo/schedule?date=20260626&screenCode=CSSD0100&osCode=CSOD0900,KIA두산,schedule,2026-09-07 13:48:22,2026 시즌 KBO 경기 일정입니다. 2026-06-26 18:30에 잠실구장에서 KIA 원정팀과 두산 홈팀이 경기를 진행합니다. 경기 상태는 경기 종료입니다. 최종 스코어는 KIA 2 - 두산 3로 두산이 승리했습니다.,2026-06-26,18:30,JAMSIL,잠실,KIA,DOOSAN,2,3,END,REGULAR,THIRD_PARTY_API,CONFIRMED
schedule_08ced719ff47d5fa,https://gw.tving.com/bff/sports/v2/kbo/schedule?date=20260626&screenCode=CSSD0100&osCode=CSOD0900,LG롯데,schedule,2026-09-07 13:48:22,2026 시즌 KBO 경기 일정입니다. 2026-06-26 18:30에 사직구장에서 LG 원정팀과 롯데 홈팀이 경기를 진행합니다. 경기 상태는 경기 종료입니다. 최종 스코어는 LG 2 - 롯데 3로 롯데가 승리했습니다.,2026-06-26,18:30,SAJIK,사직,LG,LOTTE,2,3,END,REGULAR,THIRD_PARTY_API,CONFIRMED
schedule_bd945d6545c712bd,https://gw.tving.com/bff/sports/v2/kbo/schedule?date=20260626&screenCode=CSSD0100&osCode=CSOD0900,KT삼성,schedule,2026-09-07 13:48:22,2026 시즌 KBO 경기 일정입니다. 2026-06-26 18:30에 대구구장에서 KT 원정팀과 삼성 홈팀이 경기를 진행합니다. 경기 상태는 경기 종료입니다. 최종 스코어는 KT 1 - 삼성 9로 삼성이 승리했습니다.,2026-06-26,18:30,DAEGU,대구,KT,SAMSUNG,1,9,END,REGULAR,THIRD_PARTY_API,CONFIRMED
schedule_4a3e24bd598cceff,https://gw.tving.com/bff/sports/v2/kbo/schedule?date=20260626&screenCode=CSSD0100&osCode=CSOD0900,한화SSG,schedule,2026-09-07 13:48:22,2026 시즌 KBO 경기 일정입니다. 2026-06-26 18:30에 문학구장에서 한화 원정팀과 SSG 홈팀이 경기를 진행합니다. 경기 상태는 경기 종료입니다. 최종 스코어는 한화 9 - SSG 2로 한화가 승리했습니다.,2026-06-26,18:30,MUNHAK,문학,HANWHA,SSG,9,2,END,REGULAR,THIRD_PARTY_API,CONFIRMED
schedule_830647864511e746,https://gw.tving.com/bff/sports/v2/kbo/schedule?date=20260626&screenCode=CSSD0100&osCode=CSOD0900,키움NC,schedule,2026-09-07 13:48:22,2026 시즌 KBO 경기 일정입니다. 2026-06-26 18:30에 창원구장에서 키움 원정팀과 NC 홈팀이 경기를 진행합니다. 경기 상태는 경기 종료입니다. 최종 스코어는 키움 4 - NC 11로 NC가 승리했습니다.,2026-06-26,18:30,CHANGWON,창원,KIWOOM,NC,4,11,END,REGULAR,THIRD_PARTY_API,CONFIRMED
schedule_71ecc97fb1e00bb3,https://gw.tving.com/bff/sports/v2/kbo/schedule?date=20260627&screenCode=CSSD0100&osCode=CSOD0900,KT삼성,schedule,2026-09-07 13:48:22,2026 시즌 KBO 경기 일정입니다. 2026-06-27 17:00에 대구구장에서 KT 원정팀과 삼성 홈팀이 경기를 진행합니다. 경기 상태는 경기 종료입니다. 최종 스코어는 KT 3 - 삼성 4로 삼성이 승리했습니다.,2026-06-27,17:00,DAEGU,대구,KT,SAMSUNG,3,4,END,REGULAR,THIRD_PARTY_API,CONFIRMED
schedule_ccdec6f7e638dd45,https://gw.tving.com/bff/sports/v2/kbo/schedule?date=20260627&screenCode=CSSD0100&osCode=CSOD0900,KIA두산,schedule,2026-09-07 13:48:22,2026 시즌 KBO 경기 일정입니다. 2026-06-27 17:00에 잠실구장에서 KIA 원정팀과 두산 홈팀이 경기를 진행합니다. 경기 상태는 경기 종료입니다. 최종 스코어는 KIA 1 - 두산 8로 두산이 승리했습니다.,2026-06-27,17:00,JAMSIL,잠실,KIA,DOOSAN,1,8,END,REGULAR,THIRD_PARTY_API,CONFIRMED
schedule_ed90b3a3c33764fd,https://gw.tving.com/bff/sports/v2/kbo/schedule?date=20260627&screenCode=CSSD0100&osCode=CSOD0900,키움NC,schedule,2026-09-07 13:48:22,2026 시즌 KBO 경기 일정입니다. 2026-06-27 17:00에 창원구장에서 키움 원정팀과 NC 홈팀이 경기를 진행합니다. 경기 상태는 경기 종료입니다. 최종 스코어는 키움 3 - NC 1로 키움이 승리했습니다.,2026-06-27,17:00,CHANGWON,창원,KIWOOM,NC,3,1,END,REGULAR,THIRD_PARTY_API,CONFIRMED
schedule_74080fcf59519caa,https://gw.tving.com/bff/sports/v2/kbo/schedule?date=20260627&screenCode=CSSD0100&osCode=CSOD0900,한화SSG,schedule,2026-09-07 13:48:22,2026 시즌 KBO 경기 일정입니다. 2026-06-27 17:00에 문학구장에서 한화 원정팀과 SSG 홈팀이 경기를 진행합니다. 경기 상태는 경기 종료입니다. 최종 스코어는 한화 8 - SSG 1로 한화가 승리했습니다.,2026-06-27,17:00,MUNHAK,문학,HANWHA,SSG,8,1,END,REGULAR,THIRD_PARTY_API,CONFIRMED
schedule_1187f8bcc2486533,https://gw.tving.com/bff/sports/v2/kbo/schedule?date=20260627&screenCode=CSSD0100&osCode=CSOD0900,LG롯데,schedule,2026-09-07 13:48:22,2026 시즌 KBO 경기 일정입니다. 2026-06-27 17:00에 사직구장에서 LG 원정팀과 롯데 홈팀이 경기를 진행합니다. 경기 상태는 경기 종료입니다. 최종 스코어는 LG 8 - 롯데 7로 LG가 승리했습니다.,2026-06-27,17:00,SAJIK,사직,LG,LOTTE,8,7,END,REGULAR,THIRD_PARTY_API,CONFIRMED
schedule_f82fcae52c24a778,https://gw.tving.com/bff/sports/v2/kbo/schedule?date=20260628&screenCode=CSSD0100&osCode=CSOD0900,LG롯데,schedule,2026-09-07 13:48:22,2026 시즌 KBO 경기 일정입니다. 2026-06-28 17:00에 사직구장에서 LG 원정팀과 롯데 홈팀이 경기를 진행합니다. 경기 상태는 경기 종료입니다. 최종 스코어는 LG 9 - 롯데 11로 롯데가 승리했습니다.,2026-06-28,17:00,SAJIK,사직,LG,LOTTE,9,11,END,REGULAR,THIRD_PARTY_API,CONFIRMED
schedule_808adee1fc1013e5,https://gw.tving.com/bff/sports/v2/kbo/schedule?date=20260628&screenCode=CSSD0100&osCode=CSOD0900,KIA두산,schedule,2026-09-07 13:48:22,2026 시즌 KBO 경기 일정입니다. 2026-06-28 17:00에 잠실구장에서 KIA 원정팀과 두산 홈팀이 경기를 진행합니다. 경기 상태는 경기 종료입니다. 최종 스코어는 KIA 12 - 두산 1로 KIA가 승리했습니다.,2026-06-28,17:00,JAMSIL,잠실,KIA,DOOSAN,12,1,END,REGULAR,THIRD_PARTY_API,CONFIRMED
schedule_84c9722f2a32ef8d,https://gw.tving.com/bff/sports/v2/kbo/schedule?date=20260628&screenCode=CSSD0100&osCode=CSOD0900,한화SSG,schedule,2026-09-07 13:48:22,2026 시즌 KBO 경기 일정입니다. 2026-06-28 17:00에 문학구장에서 한화 원정팀과 SSG 홈팀이 경기를 진행합니다. 경기 상태는 경기 종료입니다. 최종 스코어는 한화 6 - SSG 3로 한화가 승리했습니다.,2026-06-28,17:00,MUNHAK,문학,HANWHA,SSG,6,3,END,REGULAR,THIRD_PARTY_API,CONFIRMED
schedule_27a7efb678b72e66,https://gw.tving.com/bff/sports/v2/kbo/schedule?date=20260628&screenCode=CSSD0100&osCode=CSOD0900,KT삼성,schedule,2026-09-07 13:48:22,2026 시즌 KBO 경기 일정입니다. 2026-06-28 17:00에 대구구장에서 KT 원정팀과 삼성 홈팀이 경기를 진행합니다. 경기 상태는 경기 종료입니다. 최종 스코어는 KT 4 - 삼성 7로 삼성이 승리했습니다.,2026-06-28,17:00,DAEGU,대구,KT,SAMSUNG,4,7,END,REGULAR,THIRD_PARTY_API,CONFIRMED
schedule_024aa29d812b7f4a,https://gw.tving.com/bff/sports/v2/kbo/schedule?date=20260628&screenCode=CSSD0100&osCode=CSOD0900,키움NC,schedule,2026-09-07 13:48:22,2026 시즌 KBO 경기 일정입니다. 2026-06-28 17:00에 창원구장에서 키움 원정팀과 NC 홈팀이 경기를 진행합니다. 경기 상태는 경기 종료입니다. 최종 스코어는 키움 2 - NC 9로 NC가 승리했습니다.,2026-06-28,17:00,CHANGWON,창원,KIWOOM,NC,2,9,END,REGULAR,THIRD_PARTY_API,CONFIRMED
schedule_1a54fb1f279d20fd,https://gw.tving.com/bff/sports/v2/kbo/schedule?date=20260630&screenCode=CSSD0100&osCode=CSOD0900,KT한화,schedule,2026-09-07 13:48:22,2026 시즌 KBO 경기 일정입니다. 2026-06-30 18:30에 대전구장에서 KT 원정팀과 한화 홈팀의 경기가 예정되어 있었으나 취소되었습니다.,2026-06-30,18:30,DAEJEON,대전,KT,HANWHA,,,CANCEL,REGULAR,THIRD_PARTY_API,CONFIRMED
schedule_ec880a11b1e392af,https://gw.tving.com/bff/sports/v2/kbo/schedule?date=20260630&screenCode=CSSD0100&osCode=CSOD0900,LG키움,schedule,2026-09-07 13:48:22,2026 시즌 KBO 경기 일정입니다. 2026-06-30 18:30에 고척구장에서 LG 원정팀과 키움 홈팀이 경기를 진행합니다. 경기 상태는 경기 종료입니다. 최종 스코어는 LG 0 - 키움 6로 키움이 승리했습니다.,2026-06-30,18:30,GOCHEOK,고척,LG,KIWOOM,0,6,END,REGULAR,THIRD_PARTY_API,CONFIRMED
schedule_f7821521dfdd8e4b,https://gw.tving.com/bff/sports/v2/kbo/schedule?date=20260630&screenCode=CSSD0100&osCode=CSOD0900,삼성NC,schedule,2026-09-07 13:48:22,2026 시즌 KBO 경기 일정입니다. 2026-06-30 18:30에 창원구장에서 삼성 원정팀과 NC 홈팀이 경기를 진행합니다. 경기 상태는 경기 종료입니다. 최종 스코어는 삼성 13 - NC 7로 삼성이 승리했습니다.,2026-06-30,18:30,CHANGWON,창원,SAMSUNG,NC,13,7,END,REGULAR,THIRD_PARTY_API,CONFIRMED
schedule_28c27a189566cb4d,https://gw.tving.com/bff/sports/v2/kbo/schedule?date=20260630&screenCode=CSSD0100&osCode=CSOD0900,SSGKIA,schedule,2026-09-07 13:48:22,2026 시즌 KBO 경기 일정입니다. 2026-06-30 18:30에 광주구장에서 SSG 원정팀과 KIA 홈팀이 경기를 진행합니다. 경기 상태는 경기 종료입니다. 최종 스코어는 SSG 3 - KIA 10로 KIA가 승리했습니다.,2026-06-30,18:30,GWANGJU,광주,SSG,KIA,3,10,END,REGULAR,THIRD_PARTY_API,CONFIRMED
schedule_56bc21aac01a1ce9,https://gw.tving.com/bff/sports/v2/kbo/schedule?date=20260630&screenCode=CSSD0100&osCode=CSOD0900,롯데두산,schedule,2026-09-07 13:48:22,2026 시즌 KBO 경기 일정입니다. 2026-06-30 18:30에 잠실구장에서 롯데 원정팀과 두산 홈팀이 경기를 진행합니다. 경기 상태는 경기 종료입니다. 최종 스코어는 롯데 0 - 두산 5로 두산이 승리했습니다.,2026-06-30,18:30,JAMSIL,잠실,LOTTE,DOOSAN,0,5,END,REGULAR,THIRD_PARTY_API,CONFIRMED
schedule_2d9839e0aed7063d,https://gw.tving.com/bff/sports/v2/kbo/schedule?date=20260701&screenCode=CSSD0100&osCode=CSOD0900,삼성NC,schedule,2026-09-07 13:48:22,2026 시즌 KBO 경기 일정입니다. 2026-07-01 18:30에 창원구장에서 삼성 원정팀과 NC 홈팀이 경기를 진행합니다. 경기 상태는 경기 종료입니다. 최종 스코어는 삼성 5 - NC 10로 NC가 승리했습니다.,2026-07-01,18:30,CHANGWON,창원,SAMSUNG,NC,5,10,END,REGULAR,THIRD_PARTY_API,CONFIRMED
schedule_6daf646a3f95b4b7,https://gw.tving.com/bff/sports/v2/kbo/schedule?date=20260701&screenCode=CSSD0100&osCode=CSOD0900,LG키움,schedule,2026-09-07 13:48:22,2026 시즌 KBO 경기 일정입니다. 2026-07-01 18:30에 고척구장에서 LG 원정팀과 키움 홈팀이 경기를 진행합니다. 경기 상태는 경기 종료입니다. 최종 스코어는 LG 10 - 키움 4로 LG가 승리했습니다.,2026-07-01,18:30,GOCHEOK,고척,LG,KIWOOM,10,4,END,REGULAR,THIRD_PARTY_API,CONFIRMED
schedule_95cef36398eefeee,https://gw.tving.com/bff/sports/v2/kbo/schedule?date=20260701&screenCode=CSSD0100&osCode=CSOD0900,SSGKIA,schedule,2026-09-07 13:48:22,2026 시즌 KBO 경기 일정입니다. 2026-07-01 18:30에 광주구장에서 SSG 원정팀과 KIA 홈팀이 경기를 진행합니다. 경기 상태는 경기 종료입니다. 최종 스코어는 SSG 6 - KIA 6로 무승부로 종료됐습니다.,2026-07-01,18:30,GWANGJU,광주,SSG,KIA,6,6,END,REGULAR,THIRD_PARTY_API,CONFIRMED
schedule_1ed5be3478d809e0,https://gw.tving.com/bff/sports/v2/kbo/schedule?date=20260701&screenCode=CSSD0100&osCode=CSOD0900,롯데두산,schedule,2026-09-07 13:48:22,2026 시즌 KBO 경기 일정입니다. 2026-07-01 18:30에 잠실구장에서 롯데 원정팀과 두산 홈팀이 경기를 진행합니다. 경기 상태는 경기 종료입니다. 최종 스코어는 롯데 5 - 두산 2로 롯데가 승리했습니다.,2026-07-01,18:30,JAMSIL,잠실,LOTTE,DOOSAN,5,2,END,REGULAR,THIRD_PARTY_API,CONFIRMED
schedule_8c335398b5d12508,https://gw.tving.com/bff/sports/v2/kbo/schedule?date=20260701&screenCode=CSSD0100&osCode=CSOD0900,KT한화,schedule,2026-09-07 13:48:22,2026 시즌 KBO 경기 일정입니다. 2026-07-01 18:30에 대전구장에서 KT 원정팀과 한화 홈팀이 경기를 진행합니다. 경기 상태는 경기 종료입니다. 최종 스코어는 KT 7 - 한화 4로 KT가 승리했습니다.,2026-07-01,18:30,DAEJEON,대전,KT,HANWHA,7,4,END,REGULAR,THIRD_PARTY_API,CONFIRMED
schedule_7bed6f676a0e4997,https://gw.tving.com/bff/sports/v2/kbo/schedule?date=20260702&screenCode=CSSD0100&osCode=CSOD0900,SSGKIA,schedule,2026-09-07 13:48:22,2026 시즌 KBO 경기 일정입니다. 2026-07-02 18:30에 광주구장에서 SSG 원정팀과 KIA 홈팀이 경기를 진행합니다. 경기 상태는 경기 종료입니다. 최종 스코어는 SSG 7 - KIA 8로 KIA가 승리했습니다.,2026-07-02,18:30,GWANGJU,광주,SSG,KIA,7,8,END,REGULAR,THIRD_PARTY_API,CONFIRMED
schedule_f523846ffeaa6b1b,https://gw.tving.com/bff/sports/v2/kbo/schedule?date=20260702&screenCode=CSSD0100&osCode=CSOD0900,삼성NC,schedule,2026-09-07 13:48:22,2026 시즌 KBO 경기 일정입니다. 2026-07-02 18:30에 창원구장에서 삼성 원정팀과 NC 홈팀이 경기를 진행합니다. 경기 상태는 경기 종료입니다. 최종 스코어는 삼성 6 - NC 1로 삼성이 승리했습니다.,2026-07-02,18:30,CHANGWON,창원,SAMSUNG,NC,6,1,END,REGULAR,THIRD_PARTY_API,CONFIRMED
schedule_f633752b01ed49df,https://gw.tving.com/bff/sports/v2/kbo/schedule?date=20260702&screenCode=CSSD0100&osCode=CSOD0900,KT한화,schedule,2026-09-07 13:48:22,2026 시즌 KBO 경기 일정입니다. 2026-07-02 18:30에 대전구장에서 KT 원정팀과 한화 홈팀이 경기를 진행합니다. 경기 상태는 경기 종료입니다. 최종 스코어는 KT 3 - 한화 14로 한화가 승리했습니다.,2026-07-02,18:30,DAEJEON,대전,KT,HANWHA,3,14,END,REGULAR,THIRD_PARTY_API,CONFIRMED
schedule_3e71d1fdd47d7d91,https://gw.tving.com/bff/sports/v2/kbo/schedule?date=20260702&screenCode=CSSD0100&osCode=CSOD0900,롯데두산,schedule,2026-09-07 13:48:22,2026 시즌 KBO 경기 일정입니다. 2026-07-02 18:30에 잠실구장에서 롯데 원정팀과 두산 홈팀이 경기를 진행합니다. 경기 상태는 경기 종료입니다. 최종 스코어는 롯데 3 - 두산 8로 두산이 승리했습니다.,2026-07-02,18:30,JAMSIL,잠실,LOTTE,DOOSAN,3,8,END,REGULAR,THIRD_PARTY_API,CONFIRMED
schedule_3963630e785e55b5,https://gw.tving.com/bff/sports/v2/kbo/schedule?date=20260702&screenCode=CSSD0100&osCode=CSOD0900,LG키움,schedule,2026-09-07 13:48:22,2026 시즌 KBO 경기 일정입니다. 2026-07-02 18:30에 고척구장에서 LG 원정팀과 키움 홈팀이 경기를 진행합니다. 경기 상태는 경기 종료입니다. 최종 스코어는 LG 7 - 키움 5로 LG가 승리했습니다.,2026-07-02,18:30,GOCHEOK,고척,LG,KIWOOM,7,5,END,REGULAR,THIRD_PARTY_API,CONFIRMED
schedule_70d2be13f9b21758,https://gw.tving.com/bff/sports/v2/kbo/schedule?date=20260703&screenCode=CSSD0100&osCode=CSOD0900,한화LG,schedule,2026-09-07 13:48:22,2026 시즌 KBO 경기 일정입니다. 2026-07-03 18:30에 잠실구장에서 한화 원정팀과 LG 홈팀이 경기를 진행합니다. 경기 상태는 경기 종료입니다. 최종 스코어는 한화 8 - LG 1로 한화가 승리했습니다.,2026-07-03,18:30,JAMSIL,잠실,HANWHA,LG,8,1,END,REGULAR,THIRD_PARTY_API,CONFIRMED
schedule_8b374000cca0ab61,https://gw.tving.com/bff/sports/v2/kbo/schedule?date=20260703&screenCode=CSSD0100&osCode=CSOD0900,두산키움,schedule,2026-09-07 13:48:22,2026 시즌 KBO 경기 일정입니다. 2026-07-03 18:30에 고척구장에서 두산 원정팀과 키움 홈팀이 경기를 진행합니다. 경기 상태는 경기 종료입니다. 최종 스코어는 두산 5 - 키움 6로 키움이 승리했습니다.,2026-07-03,18:30,GOCHEOK,고척,DOOSAN,KIWOOM,5,6,END,REGULAR,THIRD_PARTY_API,CONFIRMED
schedule_3e47b120307da43f,https://gw.tving.com/bff/sports/v2/kbo/schedule?date=20260703&screenCode=CSSD0100&osCode=CSOD0900,롯데KT,schedule,2026-09-07 13:48:22,2026 시즌 KBO 경기 일정입니다. 2026-07-03 18:30에 수원구장에서 롯데 원정팀과 KT 홈팀이 경기를 진행합니다. 경기 상태는 경기 종료입니다. 최종 스코어는 롯데 4 - KT 0로 롯데가 승리했습니다.,2026-07-03,18:30,SUWON,수원,LOTTE,KT,4,0,END,REGULAR,THIRD_PARTY_API,CONFIRMED
schedule_97ae6f926ff668f8,https://gw.tving.com/bff/sports/v2/kbo/schedule?date=20260703&screenCode=CSSD0100&osCode=CSOD0900,NCKIA,schedule,2026-09-07 13:48:22,2026 시즌 KBO 경기 일정입니다. 2026-07-03 18:30에 광주구장에서 NC 원정팀과 KIA 홈팀이 경기를 진행합니다. 경기 상태는 경기 종료입니다. 최종 스코어는 NC 11 - KIA 3로 NC가 승리했습니다.,2026-07-03,18:30,GWANGJU,광주,NC,KIA,11,3,END,REGULAR,THIRD_PARTY_API,CONFIRMED
schedule_1898d639059dd514,https://gw.tving.com/bff/sports/v2/kbo/schedule?date=20260703&screenCode=CSSD0100&osCode=CSOD0900,삼성SSG,schedule,2026-09-07 13:48:22,2026 시즌 KBO 경기 일정입니다. 2026-07-03 18:30에 문학구장에서 삼성 원정팀과 SSG 홈팀이 경기를 진행합니다. 경기 상태는 경기 종료입니다. 최종 스코어는 삼성 6 - SSG 4로 삼성이 승리했습니다.,2026-07-03,18:30,MUNHAK,문학,SAMSUNG,SSG,6,4,END,REGULAR,THIRD_PARTY_API,CONFIRMED
schedule_3454faf0d00dcff1,https://gw.tving.com/bff/sports/v2/kbo/schedule?date=20260704&screenCode=CSSD0100&osCode=CSOD0900,삼성SSG,schedule,2026-09-07 13:48:22,2026 시즌 KBO 경기 일정입니다. 2026-07-04 18:00에 문학구장에서 삼성 원정팀과 SSG 홈팀이 경기를 진행합니다. 경기 상태는 경기 종료입니다. 최종 스코어는 삼성 13 - SSG 7로 삼성이 승리했습니다.,2026-07-04,18:00,MUNHAK,문학,SAMSUNG,SSG,13,7,END,REGULAR,THIRD_PARTY_API,CONFIRMED
schedule_d35547b0b6630237,https://gw.tving.com/bff/sports/v2/kbo/schedule?date=20260704&screenCode=CSSD0100&osCode=CSOD0900,두산키움,schedule,2026-09-07 13:48:22,2026 시즌 KBO 경기 일정입니다. 2026-07-04 18:00에 고척구장에서 두산 원정팀과 키움 홈팀이 경기를 진행합니다. 경기 상태는 경기 종료입니다. 최종 스코어는 두산 8 - 키움 5로 두산이 승리했습니다.,2026-07-04,18:00,GOCHEOK,고척,DOOSAN,KIWOOM,8,5,END,REGULAR,THIRD_PARTY_API,CONFIRMED
schedule_6ac4f4e9ef6491c7,https://gw.tving.com/bff/sports/v2/kbo/schedule?date=20260704&screenCode=CSSD0100&osCode=CSOD0900,NCKIA,schedule,2026-09-07 13:48:22,2026 시즌 KBO 경기 일정입니다. 2026-07-04 18:00에 광주구장에서 NC 원정팀과 KIA 홈팀이 경기를 진행합니다. 경기 상태는 경기 종료입니다. 최종 스코어는 NC 5 - KIA 4로 NC가 승리했습니다.,2026-07-04,18:00,GWANGJU,광주,NC,KIA,5,4,END,REGULAR,THIRD_PARTY_API,CONFIRMED
schedule_125d6d5d12d223f8,https://gw.tving.com/bff/sports/v2/kbo/schedule?date=20260704&screenCode=CSSD0100&osCode=CSOD0900,한화LG,schedule,2026-09-07 13:48:22,2026 시즌 KBO 경기 일정입니다. 2026-07-04 18:00에 잠실구장에서 한화 원정팀과 LG 홈팀이 경기를 진행합니다. 경기 상태는 경기 종료입니다. 최종 스코어는 한화 3 - LG 5로 LG가 승리했습니다.,2026-07-04,18:00,JAMSIL,잠실,HANWHA,LG,3,5,END,REGULAR,THIRD_PARTY_API,CONFIRMED
schedule_daddf7848e634046,https://gw.tving.com/bff/sports/v2/kbo/schedule?date=20260704&screenCode=CSSD0100&osCode=CSOD0900,롯데KT,schedule,2026-09-07 13:48:22,2026 시즌 KBO 경기 일정입니다. 2026-07-04 18:00에 수원구장에서 롯데 원정팀과 KT 홈팀이 경기를 진행합니다. 경기 상태는 경기 종료입니다. 최종 스코어는 롯데 4 - KT 1로 롯데가 승리했습니다.,2026-07-04,18:00,SUWON,수원,LOTTE,KT,4,1,END,REGULAR,THIRD_PARTY_API,CONFIRMED
schedule_89fb82335814c65a,https://gw.tving.com/bff/sports/v2/kbo/schedule?date=20260705&screenCode=CSSD0100&osCode=CSOD0900,두산키움,schedule,2026-09-07 13:48:22,2026 시즌 KBO 경기 일정입니다. 2026-07-05 14:00에 고척구장에서 두산 원정팀과 키움 홈팀이 경기를 진행합니다. 경기 상태는 경기 종료입니다. 최종 스코어는 두산 8 - 키움 1로 두산이 승리했습니다.,2026-07-05,14:00,GOCHEOK,고척,DOOSAN,KIWOOM,8,1,END,REGULAR,THIRD_PARTY_API,CONFIRMED
schedule_624c2552673beb50,https://gw.tving.com/bff/sports/v2/kbo/schedule?date=20260705&screenCode=CSSD0100&osCode=CSOD0900,한화LG,schedule,2026-09-07 13:48:22,2026 시즌 KBO 경기 일정입니다. 2026-07-05 18:00에 잠실구장에서 한화 원정팀과 LG 홈팀의 경기가 예정되어 있었으나 취소되었습니다.,2026-07-05,18:00,JAMSIL,잠실,HANWHA,LG,,,CANCEL,REGULAR,THIRD_PARTY_API,CONFIRMED
schedule_850b7593521def57,https://gw.tving.com/bff/sports/v2/kbo/schedule?date=20260705&screenCode=CSSD0100&osCode=CSOD0900,NCKIA,schedule,2026-09-07 13:48:22,2026 시즌 KBO 경기 일정입니다. 2026-07-05 18:00에 광주구장에서 NC 원정팀과 KIA 홈팀의 경기가 예정되어 있었으나 취소되었습니다.,2026-07-05,18:00,GWANGJU,광주,NC,KIA,,,CANCEL,REGULAR,THIRD_PARTY_API,CONFIRMED
schedule_c579b261599ca848,https://gw.tving.com/bff/sports/v2/kbo/schedule?date=20260705&screenCode=CSSD0100&osCode=CSOD0900,삼성SSG,schedule,2026-09-07 13:48:22,2026 시즌 KBO 경기 일정입니다. 2026-07-05 18:00에 문학구장에서 삼성 원정팀과 SSG 홈팀이 경기를 진행합니다. 경기 상태는 경기 종료입니다. 최종 스코어는 삼성 13 - SSG 3로 삼성이 승리했습니다.,2026-07-05,18:00,MUNHAK,문학,SAMSUNG,SSG,13,3,END,REGULAR,THIRD_PARTY_API,CONFIRMED
schedule_147bf61054aeb799,https://gw.tving.com/bff/sports/v2/kbo/schedule?date=20260705&screenCode=CSSD0100&osCode=CSOD0900,롯데KT,schedule,2026-09-07 13:48:22,2026 시즌 KBO 경기 일정입니다. 2026-07-05 18:00에 수원구장에서 롯데 원정팀과 KT 홈팀이 경기를 진행합니다. 경기 상태는 경기 종료입니다. 최종 스코어는 롯데 2 - KT 4로 KT가 승리했습니다.,2026-07-05,18:00,SUWON,수원,LOTTE,KT,2,4,END,REGULAR,THIRD_PARTY_API,CONFIRMED
schedule_f44d28c129dccd75,https://gw.tving.com/bff/sports/v2/kbo/schedule?date=20260707&screenCode=CSSD0100&osCode=CSOD0900,LG삼성,schedule,2026-09-07 13:48:22,2026 시즌 KBO 경기 일정입니다. 2026-07-07 18:30에 대구구장에서 LG 원정팀과 삼성 홈팀이 경기를 진행합니다. 경기 상태는 경기 종료입니다. 최종 스코어는 LG 2 - 삼성 9로 삼성이 승리했습니다.,2026-07-07,18:30,DAEGU,대구,LG,SAMSUNG,2,9,END,REGULAR,THIRD_PARTY_API,CONFIRMED
schedule_bf361e3fc72834c2,https://gw.tving.com/bff/sports/v2/kbo/schedule?date=20260707&screenCode=CSSD0100&osCode=CSOD0900,NC한화,schedule,2026-09-07 13:48:22,2026 시즌 KBO 경기 일정입니다. 2026-07-07 18:30에 대전구장에서 NC 원정팀과 한화 홈팀이 경기를 진행합니다. 경기 상태는 경기 종료입니다. 최종 스코어는 NC 9 - 한화 6로 NC가 승리했습니다.,2026-07-07,18:30,DAEJEON,대전,NC,HANWHA,9,6,END,REGULAR,THIRD_PARTY_API,CONFIRMED
schedule_d9ba34aef8e76d8e,https://gw.tving.com/bff/sports/v2/kbo/schedule?date=20260707&screenCode=CSSD0100&osCode=CSOD0900,키움KT,schedule,2026-09-07 13:48:22,2026 시즌 KBO 경기 일정입니다. 2026-07-07 18:30에 수원구장에서 키움 원정팀과 KT 홈팀이 경기를 진행합니다. 경기 상태는 경기 종료입니다. 최종 스코어는 키움 0 - KT 3로 KT가 승리했습니다.,2026-07-07,18:30,SUWON,수원,KIWOOM,KT,0,3,END,REGULAR,THIRD_PARTY_API,CONFIRMED
schedule_2c59213658a5985f,https://gw.tving.com/bff/sports/v2/kbo/schedule?date=20260707&screenCode=CSSD0100&osCode=CSOD0900,KIA롯데,schedule,2026-09-07 13:48:22,2026 시즌 KBO 경기 일정입니다. 2026-07-07 18:30에 사직구장에서 KIA 원정팀과 롯데 홈팀이 경기를 진행합니다. 경기 상태는 경기 종료입니다. 최종 스코어는 KIA 2 - 롯데 10로 롯데가 승리했습니다.,2026-07-07,18:30,SAJIK,사직,KIA,LOTTE,2,10,END,REGULAR,THIRD_PARTY_API,CONFIRMED
schedule_2d08b8e92fe054c5,https://gw.tving.com/bff/sports/v2/kbo/schedule?date=20260707&screenCode=CSSD0100&osCode=CSOD0900,SSG두산,schedule,2026-09-07 13:48:22,2026 시즌 KBO 경기 일정입니다. 2026-07-07 18:30에 잠실구장에서 SSG 원정팀과 두산 홈팀이 경기를 진행합니다. 경기 상태는 경기 종료입니다. 최종 스코어는 SSG 4 - 두산 2로 SSG가 승리했습니다.,2026-07-07,18:30,JAMSIL,잠실,SSG,DOOSAN,4,2,END,REGULAR,THIRD_PARTY_API,CONFIRMED
schedule_aec7714dfc222cae,https://gw.tving.com/bff/sports/v2/kbo/schedule?date=20260708&screenCode=CSSD0100&osCode=CSOD0900,NC한화,schedule,2026-09-07 13:48:22,2026 시즌 KBO 경기 일정입니다. 2026-07-08 18:30에 대전구장에서 NC 원정팀과 한화 홈팀의 경기가 예정되어 있었으나 취소되었습니다.,2026-07-08,18:30,DAEJEON,대전,NC,HANWHA,,,CANCEL,REGULAR,THIRD_PARTY_API,CONFIRMED
schedule_257b538c3fb988e2,https://gw.tving.com/bff/sports/v2/kbo/schedule?date=20260708&screenCode=CSSD0100&osCode=CSOD0900,LG삼성,schedule,2026-09-07 13:48:22,2026 시즌 KBO 경기 일정입니다. 2026-07-08 18:30에 대구구장에서 LG 원정팀과 삼성 홈팀이 경기를 진행합니다. 경기 상태는 경기 종료입니다. 최종 스코어는 LG 8 - 삼성 2로 LG가 승리했습니다.,2026-07-08,18:30,DAEGU,대구,LG,SAMSUNG,8,2,END,REGULAR,THIRD_PARTY_API,CONFIRMED
schedule_cb566bd347a08792,https://gw.tving.com/bff/sports/v2/kbo/schedule?date=20260708&screenCode=CSSD0100&osCode=CSOD0900,KIA롯데,schedule,2026-09-07 13:48:22,2026 시즌 KBO 경기 일정입니다. 2026-07-08 18:30에 사직구장에서 KIA 원정팀과 롯데 홈팀이 경기를 진행합니다. 경기 상태는 경기 종료입니다. 최종 스코어는 KIA 3 - 롯데 11로 롯데가 승리했습니다.,2026-07-08,18:30,SAJIK,사직,KIA,LOTTE,3,11,END,REGULAR,THIRD_PARTY_API,CONFIRMED
schedule_3fb7ba74a1f7f99b,https://gw.tving.com/bff/sports/v2/kbo/schedule?date=20260708&screenCode=CSSD0100&osCode=CSOD0900,SSG두산,schedule,2026-09-07 13:48:22,2026 시즌 KBO 경기 일정입니다. 2026-07-08 18:30에 잠실구장에서 SSG 원정팀과 두산 홈팀이 경기를 진행합니다. 경기 상태는 경기 종료입니다. 최종 스코어는 SSG 3 - 두산 7로 두산이 승리했습니다.,2026-07-08,18:30,JAMSIL,잠실,SSG,DOOSAN,3,7,END,REGULAR,THIRD_PARTY_API,CONFIRMED
schedule_6077cf72d64ceeca,https://gw.tving.com/bff/sports/v2/kbo/schedule?date=20260708&screenCode=CSSD0100&osCode=CSOD0900,키움KT,schedule,2026-09-07 13:48:22,2026 시즌 KBO 경기 일정입니다. 2026-07-08 18:30에 수원구장에서 키움 원정팀과 KT 홈팀이 경기를 진행합니다. 경기 상태는 경기 종료입니다. 최종 스코어는 키움 3 - KT 7로 KT가 승리했습니다.,2026-07-08,18:30,SUWON,수원,KIWOOM,KT,3,7,END,REGULAR,THIRD_PARTY_API,CONFIRMED
schedule_7a76ee908fbb3230,https://gw.tving.com/bff/sports/v2/kbo/schedule?date=20260709&screenCode=CSSD0100&osCode=CSOD0900,키움KT,schedule,2026-09-07 13:48:22,2026 시즌 KBO 경기 일정입니다. 2026-07-09 18:30에 수원구장에서 키움 원정팀과 KT 홈팀의 경기가 예정되어 있었으나 취소되었습니다.,2026-07-09,18:30,SUWON,수원,KIWOOM,KT,,,CANCEL,REGULAR,THIRD_PARTY_API,CONFIRMED
schedule_e2039e4d35e8f8e4,https://gw.tving.com/bff/sports/v2/kbo/schedule?date=20260709&screenCode=CSSD0100&osCode=CSOD0900,NC한화,schedule,2026-09-07 13:48:22,2026 시즌 KBO 경기 일정입니다. 2026-07-09 18:30에 대전구장에서 NC 원정팀과 한화 홈팀이 경기를 진행합니다. 경기 상태는 경기 종료입니다. 최종 스코어는 NC 4 - 한화 6로 한화가 승리했습니다.,2026-07-09,18:30,DAEJEON,대전,NC,HANWHA,4,6,END,REGULAR,THIRD_PARTY_API,CONFIRMED
schedule_777c6e7f5cca85df,https://gw.tving.com/bff/sports/v2/kbo/schedule?date=20260709&screenCode=CSSD0100&osCode=CSOD0900,KIA롯데,schedule,2026-09-07 13:48:22,2026 시즌 KBO 경기 일정입니다. 2026-07-09 18:30에 사직구장에서 KIA 원정팀과 롯데 홈팀이 경기를 진행합니다. 경기 상태는 경기 종료입니다. 최종 스코어는 KIA 5 - 롯데 2로 KIA가 승리했습니다.,2026-07-09,18:30,SAJIK,사직,KIA,LOTTE,5,2,END,REGULAR,THIRD_PARTY_API,CONFIRMED
schedule_0fe7912340c4a3cf,https://gw.tving.com/bff/sports/v2/kbo/schedule?date=20260709&screenCode=CSSD0100&osCode=CSOD0900,LG삼성,schedule,2026-09-07 13:48:22,2026 시즌 KBO 경기 일정입니다. 2026-07-09 18:30에 대구구장에서 LG 원정팀과 삼성 홈팀이 경기를 진행합니다. 경기 상태는 경기 종료입니다. 최종 스코어는 LG 5 - 삼성 6로 삼성이 승리했습니다.,2026-07-09,18:30,DAEGU,대구,LG,SAMSUNG,5,6,END,REGULAR,THIRD_PARTY_API,CONFIRMED
schedule_a640092a499079c5,https://gw.tving.com/bff/sports/v2/kbo/schedule?date=20260709&screenCode=CSSD0100&osCode=CSOD0900,SSG두산,schedule,2026-09-07 13:48:22,2026 시즌 KBO 경기 일정입니다. 2026-07-09 18:30에 잠실구장에서 SSG 원정팀과 두산 홈팀이 경기를 진행합니다. 경기 상태는 경기 종료입니다. 최종 스코어는 SSG 0 - 두산 7로 두산이 승리했습니다.,2026-07-09,18:30,JAMSIL,잠실,SSG,DOOSAN,0,7,END,REGULAR,THIRD_PARTY_API,CONFIRMED
schedule_86a78ca16bab8714,https://gw.tving.com/bff/sports/v2/kbo/schedule?date=20260716&screenCode=CSSD0100&osCode=CSOD0900,키움한화,schedule,2026-09-07 13:48:22,2026 시즌 KBO 경기 일정입니다. 2026-07-16 18:30에 대전구장에서 키움 원정팀과 한화 홈팀이 경기를 진행합니다. 경기 상태는 경기 종료입니다. 최종 스코어는 키움 14 - 한화 5로 키움이 승리했습니다.,2026-07-16,18:30,DAEJEON,대전,KIWOOM,HANWHA,14,5,END,REGULAR,THIRD_PARTY_API,CONFIRMED
schedule_5e7462281ba01447,https://gw.tving.com/bff/sports/v2/kbo/schedule?date=20260716&screenCode=CSSD0100&osCode=CSOD0900,두산NC,schedule,2026-09-07 13:48:22,2026 시즌 KBO 경기 일정입니다. 2026-07-16 18:30에 창원구장에서 두산 원정팀과 NC 홈팀이 경기를 진행합니다. 경기 상태는 경기 종료입니다. 최종 스코어는 두산 2 - NC 4로 NC가 승리했습니다.,2026-07-16,18:30,CHANGWON,창원,DOOSAN,NC,2,4,END,REGULAR,THIRD_PARTY_API,CONFIRMED
schedule_be5f55a681e91b06,https://gw.tving.com/bff/sports/v2/kbo/schedule?date=20260716&screenCode=CSSD0100&osCode=CSOD0900,KIASSG,schedule,2026-09-07 13:48:22,2026 시즌 KBO 경기 일정입니다. 2026-07-16 18:30에 문학구장에서 KIA 원정팀과 SSG 홈팀이 경기를 진행합니다. 경기 상태는 경기 종료입니다. 최종 스코어는 KIA 0 - SSG 6로 SSG가 승리했습니다.,2026-07-16,18:30,MUNHAK,문학,KIA,SSG,0,6,END,REGULAR,THIRD_PARTY_API,CONFIRMED
schedule_84eb7bfe350ef0c3,https://gw.tving.com/bff/sports/v2/kbo/schedule?date=20260716&screenCode=CSSD0100&osCode=CSOD0900,롯데삼성,schedule,2026-09-07 13:48:22,2026 시즌 KBO 경기 일정입니다. 2026-07-16 18:30에 대구구장에서 롯데 원정팀과 삼성 홈팀이 경기를 진행합니다. 경기 상태는 경기 종료입니다. 최종 스코어는 롯데 1 - 삼성 4로 삼성이 승리했습니다.,2026-07-16,18:30,DAEGU,대구,LOTTE,SAMSUNG,1,4,END,REGULAR,THIRD_PARTY_API,CONFIRMED
schedule_0efcfa489c3e65b1,https://gw.tving.com/bff/sports/v2/kbo/schedule?date=20260716&screenCode=CSSD0100&osCode=CSOD0900,KTLG,schedule,2026-09-07 13:48:22,2026 시즌 KBO 경기 일정입니다. 2026-07-16 18:30에 잠실구장에서 KT 원정팀과 LG 홈팀이 경기를 진행합니다. 경기 상태는 경기 종료입니다. 최종 스코어는 KT 4 - LG 3로 KT가 승리했습니다.,2026-07-16,18:30,JAMSIL,잠실,KT,LG,4,3,END,REGULAR,THIRD_PARTY_API,CONFIRMED
schedule_6901ee8b9cd91d54,https://gw.tving.com/bff/sports/v2/kbo/schedule?date=20260717&screenCode=CSSD0100&osCode=CSOD0900,롯데삼성,schedule,2026-09-07 13:48:22,2026 시즌 KBO 경기 일정입니다. 2026-07-17 18:00에 대구구장에서 롯데 원정팀과 삼성 홈팀의 경기가 예정되어 있었으나 취소되었습니다.,2026-07-17,18:00,DAEGU,대구,LOTTE,SAMSUNG,,,CANCEL,REGULAR,THIRD_PARTY_API,CONFIRMED
schedule_227fbcf4e089d988,https://gw.tving.com/bff/sports/v2/kbo/schedule?date=20260717&screenCode=CSSD0100&osCode=CSOD0900,KTLG,schedule,2026-09-07 13:48:22,2026 시즌 KBO 경기 일정입니다. 2026-07-17 18:00에 잠실구장에서 KT 원정팀과 LG 홈팀이 경기를 진행합니다. 경기 상태는 경기 종료입니다. 최종 스코어는 KT 6 - LG 1로 KT가 승리했습니다.,2026-07-17,18:00,JAMSIL,잠실,KT,LG,6,1,END,REGULAR,THIRD_PARTY_API,CONFIRMED
schedule_a9f9fdd9f6feb01e,https://gw.tving.com/bff/sports/v2/kbo/schedule?date=20260717&screenCode=CSSD0100&osCode=CSOD0900,KIASSG,schedule,2026-09-07 13:48:22,2026 시즌 KBO 경기 일정입니다. 2026-07-17 18:00에 문학구장에서 KIA 원정팀과 SSG 홈팀이 경기를 진행합니다. 경기 상태는 경기 종료입니다. 최종 스코어는 KIA 6 - SSG 3로 KIA가 승리했습니다.,2026-07-17,18:00,MUNHAK,문학,KIA,SSG,6,3,END,REGULAR,THIRD_PARTY_API,CONFIRMED
schedule_99d9f51ecc0a6d15,https://gw.tving.com/bff/sports/v2/kbo/schedule?date=20260717&screenCode=CSSD0100&osCode=CSOD0900,키움한화,schedule,2026-09-07 13:48:22,2026 시즌 KBO 경기 일정입니다. 2026-07-17 18:00에 대전구장에서 키움 원정팀과 한화 홈팀이 경기를 진행합니다. 경기 상태는 경기 종료입니다. 최종 스코어는 키움 7 - 한화 6로 키움이 승리했습니다.,2026-07-17,18:00,DAEJEON,대전,KIWOOM,HANWHA,7,6,END,REGULAR,THIRD_PARTY_API,CONFIRMED
schedule_7b543ac327a71c29,https://gw.tving.com/bff/sports/v2/kbo/schedule?date=20260717&screenCode=CSSD0100&osCode=CSOD0900,두산NC,schedule,2026-09-07 13:48:22,2026 시즌 KBO 경기 일정입니다. 2026-07-17 18:00에 창원구장에서 두산 원정팀과 NC 홈팀이 경기를 진행합니다. 경기 상태는 경기 종료입니다. 최종 스코어는 두산 4 - NC 2로 두산이 승리했습니다.,2026-07-17,18:00,CHANGWON,창원,DOOSAN,NC,4,2,END,REGULAR,THIRD_PARTY_API,CONFIRMED
schedule_9b33ad3a640fc7cf,https://gw.tving.com/bff/sports/v2/kbo/schedule?date=20260718&screenCode=CSSD0100&osCode=CSOD0900,두산NC,schedule,2026-09-07 13:48:22,2026 시즌 KBO 경기 일정입니다. 2026-07-18 18:00에 창원구장에서 두산 원정팀과 NC 홈팀이 경기를 진행합니다. 경기 상태는 경기 종료입니다. 최종 스코어는 두산 12 - NC 9로 두산이 승리했습니다.,2026-07-18,18:00,CHANGWON,창원,DOOSAN,NC,12,9,END,REGULAR,THIRD_PARTY_API,CONFIRMED
schedule_22684fb7a9f8addc,https://gw.tving.com/bff/sports/v2/kbo/schedule?date=20260718&screenCode=CSSD0100&osCode=CSOD0900,KIASSG,schedule,2026-09-07 13:48:22,2026 시즌 KBO 경기 일정입니다. 2026-07-18 18:00에 문학구장에서 KIA 원정팀과 SSG 홈팀이 경기를 진행합니다. 경기 상태는 경기 종료입니다. 최종 스코어는 KIA 12 - SSG 2로 KIA가 승리했습니다.,2026-07-18,18:00,MUNHAK,문학,KIA,SSG,12,2,END,REGULAR,THIRD_PARTY_API,CONFIRMED
schedule_a9d070eb4d7f4abc,https://gw.tving.com/bff/sports/v2/kbo/schedule?date=20260718&screenCode=CSSD0100&osCode=CSOD0900,키움한화,schedule,2026-09-07 13:48:22,2026 시즌 KBO 경기 일정입니다. 2026-07-18 18:00에 대전구장에서 키움 원정팀과 한화 홈팀이 경기를 진행합니다. 경기 상태는 경기 종료입니다. 최종 스코어는 키움 4 - 한화 2로 키움이 승리했습니다.,2026-07-18,18:00,DAEJEON,대전,KIWOOM,HANWHA,4,2,END,REGULAR,THIRD_PARTY_API,CONFIRMED
schedule_3132a76f710f0167,https://gw.tving.com/bff/sports/v2/kbo/schedule?date=20260718&screenCode=CSSD0100&osCode=CSOD0900,KTLG,schedule,2026-09-07 13:48:22,2026 시즌 KBO 경기 일정입니다. 2026-07-18 18:00에 잠실구장에서 KT 원정팀과 LG 홈팀이 경기를 진행합니다. 경기 상태는 경기 종료입니다. 최종 스코어는 KT 8 - LG 2로 KT가 승리했습니다.,2026-07-18,18:00,JAMSIL,잠실,KT,LG,8,2,END,REGULAR,THIRD_PARTY_API,CONFIRMED
schedule_8f529c9e83312123,https://gw.tving.com/bff/sports/v2/kbo/schedule?date=20260718&screenCode=CSSD0100&osCode=CSOD0900,롯데삼성,schedule,2026-09-07 13:48:22,2026 시즌 KBO 경기 일정입니다. 2026-07-18 18:00에 대구구장에서 롯데 원정팀과 삼성 홈팀이 경기를 진행합니다. 경기 상태는 경기 종료입니다. 최종 스코어는 롯데 0 - 삼성 5로 삼성이 승리했습니다.,2026-07-18,18:00,DAEGU,대구,LOTTE,SAMSUNG,0,5,END,REGULAR,THIRD_PARTY_API,CONFIRMED
schedule_233981f34fe66e2a,https://gw.tving.com/bff/sports/v2/kbo/schedule?date=20260719&screenCode=CSSD0100&osCode=CSOD0900,두산NC,schedule,2026-09-07 13:48:22,2026 시즌 KBO 경기 일정입니다. 2026-07-19 18:00에 창원구장에서 두산 원정팀과 NC 홈팀이 경기를 진행합니다. 경기 상태는 경기 종료입니다. 최종 스코어는 두산 10 - NC 3로 두산이 승리했습니다.,2026-07-19,18:00,CHANGWON,창원,DOOSAN,NC,10,3,END,REGULAR,THIRD_PARTY_API,CONFIRMED
schedule_e030c6fd98d044e9,https://gw.tving.com/bff/sports/v2/kbo/schedule?date=20260719&screenCode=CSSD0100&osCode=CSOD0900,KIASSG,schedule,2026-09-07 13:48:22,2026 시즌 KBO 경기 일정입니다. 2026-07-19 18:00에 문학구장에서 KIA 원정팀과 SSG 홈팀이 경기를 진행합니다. 경기 상태는 경기 종료입니다. 최종 스코어는 KIA 9 - SSG 5로 KIA가 승리했습니다.,2026-07-19,18:00,MUNHAK,문학,KIA,SSG,9,5,END,REGULAR,THIRD_PARTY_API,CONFIRMED
schedule_98419429463f30ea,https://gw.tving.com/bff/sports/v2/kbo/schedule?date=20260719&screenCode=CSSD0100&osCode=CSOD0900,KTLG,schedule,2026-09-07 13:48:22,2026 시즌 KBO 경기 일정입니다. 2026-07-19 18:00에 잠실구장에서 KT 원정팀과 LG 홈팀이 경기를 진행합니다. 경기 상태는 경기 종료입니다. 최종 스코어는 KT 4 - LG 1로 KT가 승리했습니다.,2026-07-19,18:00,JAMSIL,잠실,KT,LG,4,1,END,REGULAR,THIRD_PARTY_API,CONFIRMED
schedule_35c062bd0f6bd8df,https://gw.tving.com/bff/sports/v2/kbo/schedule?date=20260719&screenCode=CSSD0100&osCode=CSOD0900,키움한화,schedule,2026-09-07 13:48:22,2026 시즌 KBO 경기 일정입니다. 2026-07-19 18:00에 대전구장에서 키움 원정팀과 한화 홈팀이 경기를 진행합니다. 경기 상태는 경기 종료입니다. 최종 스코어는 키움 9 - 한화 9로 무승부로 종료됐습니다.,2026-07-19,18:00,DAEJEON,대전,KIWOOM,HANWHA,9,9,END,REGULAR,THIRD_PARTY_API,CONFIRMED
schedule_2060b9536b91ff5a,https://gw.tving.com/bff/sports/v2/kbo/schedule?date=20260719&screenCode=CSSD0100&osCode=CSOD0900,롯데삼성,schedule,2026-09-07 13:48:22,2026 시즌 KBO 경기 일정입니다. 2026-07-19 18:00에 대구구장에서 롯데 원정팀과 삼성 홈팀이 경기를 진행합니다. 경기 상태는 경기 종료입니다. 최종 스코어는 롯데 11 - 삼성 8로 롯데가 승리했습니다.,2026-07-19,18:00,DAEGU,대구,LOTTE,SAMSUNG,11,8,END,REGULAR,THIRD_PARTY_API,CONFIRMED
schedule_ad42dc822dd638c8,https://gw.tving.com/bff/sports/v2/kbo/schedule?date=20260721&screenCode=CSSD0100&osCode=CSOD0900,한화KIA,schedule,2026-09-07 13:48:22,2026 시즌 KBO 경기 일정입니다. 2026-07-21 18:30에 광주구장에서 한화 원정팀과 KIA 홈팀이 경기를 진행합니다. 경기 상태는 경기 종료입니다. 최종 스코어는 한화 3 - KIA 7로 KIA가 승리했습니다.,2026-07-21,18:30,GWANGJU,광주,HANWHA,KIA,3,7,END,REGULAR,THIRD_PARTY_API,CONFIRMED
schedule_dad20b2926af3ec3,https://gw.tving.com/bff/sports/v2/kbo/schedule?date=20260721&screenCode=CSSD0100&osCode=CSOD0900,삼성키움,schedule,2026-09-07 13:48:22,2026 시즌 KBO 경기 일정입니다. 2026-07-21 18:30에 고척구장에서 삼성 원정팀과 키움 홈팀이 경기를 진행합니다. 경기 상태는 경기 종료입니다. 최종 스코어는 삼성 8 - 키움 6로 삼성이 승리했습니다.,2026-07-21,18:30,GOCHEOK,고척,SAMSUNG,KIWOOM,8,6,END,REGULAR,THIRD_PARTY_API,CONFIRMED
schedule_b720f4b0b900cb33,https://gw.tving.com/bff/sports/v2/kbo/schedule?date=20260721&screenCode=CSSD0100&osCode=CSOD0900,두산KT,schedule,2026-09-07 13:48:22,2026 시즌 KBO 경기 일정입니다. 2026-07-21 18:30에 수원구장에서 두산 원정팀과 KT 홈팀이 경기를 진행합니다. 경기 상태는 경기 종료입니다. 최종 스코어는 두산 2 - KT 2로 무승부로 종료됐습니다.,2026-07-21,18:30,SUWON,수원,DOOSAN,KT,2,2,END,REGULAR,THIRD_PARTY_API,CONFIRMED
schedule_6b42dd6f33cb3191,https://gw.tving.com/bff/sports/v2/kbo/schedule?date=20260721&screenCode=CSSD0100&osCode=CSOD0900,SSG롯데,schedule,2026-09-07 13:48:22,2026 시즌 KBO 경기 일정입니다. 2026-07-21 18:30에 사직구장에서 SSG 원정팀과 롯데 홈팀이 경기를 진행합니다. 경기 상태는 경기 종료입니다. 최종 스코어는 SSG 2 - 롯데 6로 롯데가 승리했습니다.,2026-07-21,18:30,SAJIK,사직,SSG,LOTTE,2,6,END,REGULAR,THIRD_PARTY_API,CONFIRMED
schedule_ea59096a0f96a8dd,https://gw.tving.com/bff/sports/v2/kbo/schedule?date=20260721&screenCode=CSSD0100&osCode=CSOD0900,NCLG,schedule,2026-09-07 13:48:22,2026 시즌 KBO 경기 일정입니다. 2026-07-21 18:30에 잠실구장에서 NC 원정팀과 LG 홈팀이 경기를 진행합니다. 경기 상태는 경기 종료입니다. 최종 스코어는 NC 7 - LG 5로 NC가 승리했습니다.,2026-07-21,18:30,JAMSIL,잠실,NC,LG,7,5,END,REGULAR,THIRD_PARTY_API,CONFIRMED
schedule_77807f60f78bd7e6,https://gw.tving.com/bff/sports/v2/kbo/schedule?date=20260722&screenCode=CSSD0100&osCode=CSOD0900,NCLG,schedule,2026-09-07 13:48:22,2026 시즌 KBO 경기 일정입니다. 2026-07-22 18:30에 잠실구장에서 NC 원정팀과 LG 홈팀의 경기가 예정되어 있었으나 취소되었습니다.,2026-07-22,18:30,JAMSIL,잠실,NC,LG,,,CANCEL,REGULAR,THIRD_PARTY_API,CONFIRMED
schedule_9e4fc8dc3ca12a78,https://gw.tving.com/bff/sports/v2/kbo/schedule?date=20260722&screenCode=CSSD0100&osCode=CSOD0900,두산KT,schedule,2026-09-07 13:48:22,2026 시즌 KBO 경기 일정입니다. 2026-07-22 18:30에 수원구장에서 두산 원정팀과 KT 홈팀의 경기가 예정되어 있었으나 취소되었습니다.,2026-07-22,18:30,SUWON,수원,DOOSAN,KT,,,CANCEL,REGULAR,THIRD_PARTY_API,CONFIRMED
schedule_f07096a4afb45284,https://gw.tving.com/bff/sports/v2/kbo/schedule?date=20260722&screenCode=CSSD0100&osCode=CSOD0900,삼성키움,schedule,2026-09-07 13:48:22,2026 시즌 KBO 경기 일정입니다. 2026-07-22 18:30에 고척구장에서 삼성 원정팀과 키움 홈팀이 경기를 진행합니다. 경기 상태는 경기 종료입니다. 최종 스코어는 삼성 1 - 키움 3로 키움이 승리했습니다.,2026-07-22,18:30,GOCHEOK,고척,SAMSUNG,KIWOOM,1,3,END,REGULAR,THIRD_PARTY_API,CONFIRMED
schedule_7a427c82d530486d,https://gw.tving.com/bff/sports/v2/kbo/schedule?date=20260722&screenCode=CSSD0100&osCode=CSOD0900,한화KIA,schedule,2026-09-07 13:48:22,2026 시즌 KBO 경기 일정입니다. 2026-07-22 18:30에 광주구장에서 한화 원정팀과 KIA 홈팀이 경기를 진행합니다. 경기 상태는 경기 종료입니다. 최종 스코어는 한화 7 - KIA 3로 한화가 승리했습니다.,2026-07-22,18:30,GWANGJU,광주,HANWHA,KIA,7,3,END,REGULAR,THIRD_PARTY_API,CONFIRMED
schedule_ec1e5be49753d7d0,https://gw.tving.com/bff/sports/v2/kbo/schedule?date=20260722&screenCode=CSSD0100&osCode=CSOD0900,SSG롯데,schedule,2026-09-07 13:48:22,2026 시즌 KBO 경기 일정입니다. 2026-07-22 18:30에 사직구장에서 SSG 원정팀과 롯데 홈팀이 경기를 진행합니다. 경기 상태는 경기 종료입니다. 최종 스코어는 SSG 7 - 롯데 3로 SSG가 승리했습니다.,2026-07-22,18:30,SAJIK,사직,SSG,LOTTE,7,3,END,REGULAR,THIRD_PARTY_API,CONFIRMED
schedule_0fd70a9350bfe429,https://gw.tving.com/bff/sports/v2/kbo/schedule?date=20260723&screenCode=CSSD0100&osCode=CSOD0900,두산KT,schedule,2026-09-07 13:48:22,2026 시즌 KBO 경기 일정입니다. 2026-07-23 18:30에 수원구장에서 두산 원정팀과 KT 홈팀의 경기가 예정되어 있었으나 취소되었습니다.,2026-07-23,18:30,SUWON,수원,DOOSAN,KT,,,CANCEL,REGULAR,THIRD_PARTY_API,CONFIRMED
schedule_d8de70b84338bb6d,https://gw.tving.com/bff/sports/v2/kbo/schedule?date=20260723&screenCode=CSSD0100&osCode=CSOD0900,SSG롯데,schedule,2026-09-07 13:48:22,2026 시즌 KBO 경기 일정입니다. 2026-07-23 18:30에 사직구장에서 SSG 원정팀과 롯데 홈팀이 경기를 진행합니다. 경기 상태는 경기 종료입니다. 최종 스코어는 SSG 5 - 롯데 2로 SSG가 승리했습니다.,2026-07-23,18:30,SAJIK,사직,SSG,LOTTE,5,2,END,REGULAR,THIRD_PARTY_API,CONFIRMED
schedule_9557360958487111,https://gw.tving.com/bff/sports/v2/kbo/schedule?date=20260723&screenCode=CSSD0100&osCode=CSOD0900,한화KIA,schedule,2026-09-07 13:48:22,2026 시즌 KBO 경기 일정입니다. 2026-07-23 18:30에 광주구장에서 한화 원정팀과 KIA 홈팀이 경기를 진행합니다. 경기 상태는 경기 종료입니다. 최종 스코어는 한화 9 - KIA 3로 한화가 승리했습니다.,2026-07-23,18:30,GWANGJU,광주,HANWHA,KIA,9,3,END,REGULAR,THIRD_PARTY_API,CONFIRMED
schedule_15e085b9d6b399d4,https://gw.tving.com/bff/sports/v2/kbo/schedule?date=20260723&screenCode=CSSD0100&osCode=CSOD0900,삼성키움,schedule,2026-09-07 13:48:22,2026 시즌 KBO 경기 일정입니다. 2026-07-23 18:30에 고척구장에서 삼성 원정팀과 키움 홈팀이 경기를 진행합니다. 경기 상태는 경기 종료입니다. 최종 스코어는 삼성 3 - 키움 1로 삼성이 승리했습니다.,2026-07-23,18:30,GOCHEOK,고척,SAMSUNG,KIWOOM,3,1,END,REGULAR,THIRD_PARTY_API,CONFIRMED
schedule_1f9602d79bbeb7f8,https://gw.tving.com/bff/sports/v2/kbo/schedule?date=20260723&screenCode=CSSD0100&osCode=CSOD0900,NCLG,schedule,2026-09-07 13:48:22,2026 시즌 KBO 경기 일정입니다. 2026-07-23 18:30에 잠실구장에서 NC 원정팀과 LG 홈팀이 경기를 진행합니다. 경기 상태는 경기 종료입니다. 최종 스코어는 NC 7 - LG 5로 NC가 승리했습니다.,2026-07-23,18:30,JAMSIL,잠실,NC,LG,7,5,END,REGULAR,THIRD_PARTY_API,CONFIRMED
schedule_497bf57be195450b,https://gw.tving.com/bff/sports/v2/kbo/schedule?date=20260724&screenCode=CSSD0100&osCode=CSOD0900,LG한화,schedule,2026-09-07 13:48:22,2026 시즌 KBO 경기 일정입니다. 2026-07-24 18:30에 대전구장에서 LG 원정팀과 한화 홈팀이 경기를 진행합니다. 경기 상태는 경기 종료입니다. 최종 스코어는 LG 4 - 한화 8로 한화가 승리했습니다.,2026-07-24,18:30,DAEJEON,대전,LG,HANWHA,4,8,END,REGULAR,THIRD_PARTY_API,CONFIRMED
schedule_58d179ff2d6d09a3,https://gw.tving.com/bff/sports/v2/kbo/schedule?date=20260724&screenCode=CSSD0100&osCode=CSOD0900,키움KIA,schedule,2026-09-07 13:48:22,2026 시즌 KBO 경기 일정입니다. 2026-07-24 18:30에 광주구장에서 키움 원정팀과 KIA 홈팀이 경기를 진행합니다. 경기 상태는 경기 종료입니다. 최종 스코어는 키움 8 - KIA 5로 키움이 승리했습니다.,2026-07-24,18:30,GWANGJU,광주,KIWOOM,KIA,8,5,END,REGULAR,THIRD_PARTY_API,CONFIRMED
schedule_7f6308c483a973fb,https://gw.tving.com/bff/sports/v2/kbo/schedule?date=20260724&screenCode=CSSD0100&osCode=CSOD0900,삼성두산,schedule,2026-09-07 13:48:22,2026 시즌 KBO 경기 일정입니다. 2026-07-24 18:30에 잠실구장에서 삼성 원정팀과 두산 홈팀이 경기를 진행합니다. 경기 상태는 경기 종료입니다. 최종 스코어는 삼성 15 - 두산 4로 삼성이 승리했습니다.,2026-07-24,18:30,JAMSIL,잠실,SAMSUNG,DOOSAN,15,4,END,REGULAR,THIRD_PARTY_API,CONFIRMED
schedule_e51c7437ada72266,https://gw.tving.com/bff/sports/v2/kbo/schedule?date=20260724&screenCode=CSSD0100&osCode=CSOD0900,NCSSG,schedule,2026-09-07 13:48:22,2026 시즌 KBO 경기 일정입니다. 2026-07-24 18:30에 문학구장에서 NC 원정팀과 SSG 홈팀이 경기를 진행합니다. 경기 상태는 경기 종료입니다. 최종 스코어는 NC 3 - SSG 7로 SSG가 승리했습니다.,2026-07-24,18:30,MUNHAK,문학,NC,SSG,3,7,END,REGULAR,THIRD_PARTY_API,CONFIRMED
schedule_7e6cd12ba38ec18e,https://gw.tving.com/bff/sports/v2/kbo/schedule?date=20260724&screenCode=CSSD0100&osCode=CSOD0900,KT롯데,schedule,2026-09-07 13:48:22,2026 시즌 KBO 경기 일정입니다. 2026-07-24 18:30에 사직구장에서 KT 원정팀과 롯데 홈팀이 경기를 진행합니다. 경기 상태는 경기 종료입니다. 최종 스코어는 KT 5 - 롯데 4로 KT가 승리했습니다.,2026-07-24,18:30,SAJIK,사직,KT,LOTTE,5,4,END,REGULAR,THIRD_PARTY_API,CONFIRMED
schedule_e2fd3e537ff10884,https://gw.tving.com/bff/sports/v2/kbo/schedule?date=20260725&screenCode=CSSD0100&osCode=CSOD0900,키움KIA,schedule,2026-09-07 13:48:22,2026 시즌 KBO 경기 일정입니다. 2026-07-25 18:00에 광주구장에서 키움 원정팀과 KIA 홈팀이 경기를 진행합니다. 경기 상태는 경기 종료입니다. 최종 스코어는 키움 5 - KIA 9로 KIA가 승리했습니다.,2026-07-25,18:00,GWANGJU,광주,KIWOOM,KIA,5,9,END,REGULAR,THIRD_PARTY_API,CONFIRMED
schedule_b284990bf1783ed8,https://gw.tving.com/bff/sports/v2/kbo/schedule?date=20260725&screenCode=CSSD0100&osCode=CSOD0900,NCSSG,schedule,2026-09-07 13:48:22,2026 시즌 KBO 경기 일정입니다. 2026-07-25 18:00에 문학구장에서 NC 원정팀과 SSG 홈팀이 경기를 진행합니다. 경기 상태는 경기 종료입니다. 최종 스코어는 NC 4 - SSG 10로 SSG가 승리했습니다.,2026-07-25,18:00,MUNHAK,문학,NC,SSG,4,10,END,REGULAR,THIRD_PARTY_API,CONFIRMED
schedule_87bd29d5845a1cc0,https://gw.tving.com/bff/sports/v2/kbo/schedule?date=20260725&screenCode=CSSD0100&osCode=CSOD0900,KT롯데,schedule,2026-09-07 13:48:22,2026 시즌 KBO 경기 일정입니다. 2026-07-25 18:00에 사직구장에서 KT 원정팀과 롯데 홈팀이 경기를 진행합니다. 경기 상태는 경기 종료입니다. 최종 스코어는 KT 6 - 롯데 1로 KT가 승리했습니다.,2026-07-25,18:00,SAJIK,사직,KT,LOTTE,6,1,END,REGULAR,THIRD_PARTY_API,CONFIRMED
schedule_35b9b0071339d413,https://gw.tving.com/bff/sports/v2/kbo/schedule?date=20260725&screenCode=CSSD0100&osCode=CSOD0900,삼성두산,schedule,2026-09-07 13:48:22,2026 시즌 KBO 경기 일정입니다. 2026-07-25 18:00에 잠실구장에서 삼성 원정팀과 두산 홈팀이 경기를 진행합니다. 경기 상태는 경기 종료입니다. 최종 스코어는 삼성 4 - 두산 1로 삼성이 승리했습니다.,2026-07-25,18:00,JAMSIL,잠실,SAMSUNG,DOOSAN,4,1,END,REGULAR,THIRD_PARTY_API,CONFIRMED
schedule_1704a27b4723fa1c,https://gw.tving.com/bff/sports/v2/kbo/schedule?date=20260725&screenCode=CSSD0100&osCode=CSOD0900,LG한화,schedule,2026-09-07 13:48:22,2026 시즌 KBO 경기 일정입니다. 2026-07-25 18:00에 대전구장에서 LG 원정팀과 한화 홈팀이 경기를 진행합니다. 경기 상태는 경기 종료입니다. 최종 스코어는 LG 15 - 한화 11로 LG가 승리했습니다.,2026-07-25,18:00,DAEJEON,대전,LG,HANWHA,15,11,END,REGULAR,THIRD_PARTY_API,CONFIRMED
schedule_f15a9b92b6c6b276,https://gw.tving.com/bff/sports/v2/kbo/schedule?date=20260726&screenCode=CSSD0100&osCode=CSOD0900,LG한화,schedule,2026-09-07 13:48:22,2026 시즌 KBO 경기 일정입니다. 2026-07-26 18:00에 대전구장에서 LG 원정팀과 한화 홈팀이 경기를 진행합니다. 경기 상태는 경기 종료입니다. 최종 스코어는 LG 4 - 한화 14로 한화가 승리했습니다.,2026-07-26,18:00,DAEJEON,대전,LG,HANWHA,4,14,END,REGULAR,THIRD_PARTY_API,CONFIRMED
schedule_aed4f60e5c614dc7,https://gw.tving.com/bff/sports/v2/kbo/schedule?date=20260726&screenCode=CSSD0100&osCode=CSOD0900,NCSSG,schedule,2026-09-07 13:48:22,2026 시즌 KBO 경기 일정입니다. 2026-07-26 18:00에 문학구장에서 NC 원정팀과 SSG 홈팀이 경기를 진행합니다. 경기 상태는 경기 종료입니다. 최종 스코어는 NC 5 - SSG 5로 무승부로 종료됐습니다.,2026-07-26,18:00,MUNHAK,문학,NC,SSG,5,5,END,REGULAR,THIRD_PARTY_API,CONFIRMED
schedule_9b660590c87732cc,https://gw.tving.com/bff/sports/v2/kbo/schedule?date=20260726&screenCode=CSSD0100&osCode=CSOD0900,KT롯데,schedule,2026-09-07 13:48:22,2026 시즌 KBO 경기 일정입니다. 2026-07-26 18:00에 사직구장에서 KT 원정팀과 롯데 홈팀이 경기를 진행합니다. 경기 상태는 경기 종료입니다. 최종 스코어는 KT 1 - 롯데 15로 롯데가 승리했습니다.,2026-07-26,18:00,SAJIK,사직,KT,LOTTE,1,15,END,REGULAR,THIRD_PARTY_API,CONFIRMED
schedule_5538c32899784e06,https://gw.tving.com/bff/sports/v2/kbo/schedule?date=20260726&screenCode=CSSD0100&osCode=CSOD0900,키움KIA,schedule,2026-09-07 13:48:22,2026 시즌 KBO 경기 일정입니다. 2026-07-26 18:00에 광주구장에서 키움 원정팀과 KIA 홈팀이 경기를 진행합니다. 경기 상태는 경기 종료입니다. 최종 스코어는 키움 8 - KIA 3로 키움이 승리했습니다.,2026-07-26,18:00,GWANGJU,광주,KIWOOM,KIA,8,3,END,REGULAR,THIRD_PARTY_API,CONFIRMED
schedule_244d93742e347b8d,https://gw.tving.com/bff/sports/v2/kbo/schedule?date=20260726&screenCode=CSSD0100&osCode=CSOD0900,삼성두산,schedule,2026-09-07 13:48:22,2026 시즌 KBO 경기 일정입니다. 2026-07-26 18:00에 잠실구장에서 삼성 원정팀과 두산 홈팀이 경기를 진행합니다. 경기 상태는 경기 종료입니다. 최종 스코어는 삼성 0 - 두산 7로 두산이 승리했습니다.,2026-07-26,18:00,JAMSIL,잠실,SAMSUNG,DOOSAN,0,7,END,REGULAR,THIRD_PARTY_API,CONFIRMED
schedule_b30517e1b5e357ea,https://gw.tving.com/bff/sports/v2/kbo/schedule?date=20260728&screenCode=CSSD0100&osCode=CSOD0900,두산SSG,schedule,2026-09-07 13:48:22,2026 시즌 KBO 경기 일정입니다. 2026-07-28 18:30에 문학구장에서 두산 원정팀과 SSG 홈팀이 경기를 진행합니다. 경기 상태는 경기 종료입니다. 최종 스코어는 두산 2 - SSG 1로 두산이 승리했습니다.,2026-07-28,18:30,MUNHAK,문학,DOOSAN,SSG,2,1,END,REGULAR,THIRD_PARTY_API,CONFIRMED
schedule_a4c22181d38f7d19,https://gw.tving.com/bff/sports/v2/kbo/schedule?date=20260728&screenCode=CSSD0100&osCode=CSOD0900,롯데한화,schedule,2026-09-07 13:48:22,2026 시즌 KBO 경기 일정입니다. 2026-07-28 18:30에 대전구장에서 롯데 원정팀과 한화 홈팀이 경기를 진행합니다. 경기 상태는 경기 종료입니다. 최종 스코어는 롯데 9 - 한화 3로 롯데가 승리했습니다.,2026-07-28,18:30,DAEJEON,대전,LOTTE,HANWHA,9,3,END,REGULAR,THIRD_PARTY_API,CONFIRMED
schedule_e4d466f57c10f13d,https://gw.tving.com/bff/sports/v2/kbo/schedule?date=20260728&screenCode=CSSD0100&osCode=CSOD0900,KTNC,schedule,2026-09-07 13:48:22,2026 시즌 KBO 경기 일정입니다. 2026-07-28 18:30에 창원구장에서 KT 원정팀과 NC 홈팀이 경기를 진행합니다. 경기 상태는 경기 종료입니다. 최종 스코어는 KT 10 - NC 0로 KT가 승리했습니다.,2026-07-28,18:30,CHANGWON,창원,KT,NC,10,0,END,REGULAR,THIRD_PARTY_API,CONFIRMED
schedule_7fb4041fb3aeac43,https://gw.tving.com/bff/sports/v2/kbo/schedule?date=20260728&screenCode=CSSD0100&osCode=CSOD0900,KIA삼성,schedule,2026-09-07 13:48:22,2026 시즌 KBO 경기 일정입니다. 2026-07-28 18:30에 대구구장에서 KIA 원정팀과 삼성 홈팀이 경기를 진행합니다. 경기 상태는 경기 종료입니다. 최종 스코어는 KIA 5 - 삼성 12로 삼성이 승리했습니다.,2026-07-28,18:30,DAEGU,대구,KIA,SAMSUNG,5,12,END,REGULAR,THIRD_PARTY_API,CONFIRMED
schedule_f485a76577e58ee5,https://gw.tving.com/bff/sports/v2/kbo/schedule?date=20260728&screenCode=CSSD0100&osCode=CSOD0900,키움LG,schedule,2026-09-07 13:48:22,2026 시즌 KBO 경기 일정입니다. 2026-07-28 18:30에 잠실구장에서 키움 원정팀과 LG 홈팀이 경기를 진행합니다. 경기 상태는 경기 종료입니다. 최종 스코어는 키움 3 - LG 5로 LG가 승리했습니다.,2026-07-28,18:30,JAMSIL,잠실,KIWOOM,LG,3,5,END,REGULAR,THIRD_PARTY_API,CONFIRMED
schedule_9b74069a97728aa7,https://gw.tving.com/bff/sports/v2/kbo/schedule?date=20260729&screenCode=CSSD0100&osCode=CSOD0900,롯데한화,schedule,2026-09-07 13:48:22,2026 시즌 KBO 경기 일정입니다. 2026-07-29 18:30에 대전구장에서 롯데 원정팀과 한화 홈팀이 경기를 진행합니다. 경기 상태는 경기 종료입니다. 최종 스코어는 롯데 3 - 한화 5로 한화가 승리했습니다.,2026-07-29,18:30,DAEJEON,대전,LOTTE,HANWHA,3,5,END,REGULAR,THIRD_PARTY_API,CONFIRMED
schedule_0cc31cd665f452dd,https://gw.tving.com/bff/sports/v2/kbo/schedule?date=20260729&screenCode=CSSD0100&osCode=CSOD0900,KIA삼성,schedule,2026-09-07 13:48:22,2026 시즌 KBO 경기 일정입니다. 2026-07-29 18:30에 대구구장에서 KIA 원정팀과 삼성 홈팀이 경기를 진행합니다. 경기 상태는 경기 종료입니다. 최종 스코어는 KIA 9 - 삼성 4로 KIA가 승리했습니다.,2026-07-29,18:30,DAEGU,대구,KIA,SAMSUNG,9,4,END,REGULAR,THIRD_PARTY_API,CONFIRMED
schedule_93bf273a49c41760,https://gw.tving.com/bff/sports/v2/kbo/schedule?date=20260729&screenCode=CSSD0100&osCode=CSOD0900,두산SSG,schedule,2026-09-07 13:48:22,2026 시즌 KBO 경기 일정입니다. 2026-07-29 18:30에 문학구장에서 두산 원정팀과 SSG 홈팀이 경기를 진행합니다. 경기 상태는 경기 종료입니다. 최종 스코어는 두산 2 - SSG 6로 SSG가 승리했습니다.,2026-07-29,18:30,MUNHAK,문학,DOOSAN,SSG,2,6,END,REGULAR,THIRD_PARTY_API,CONFIRMED
schedule_133fc9a110e63540,https://gw.tving.com/bff/sports/v2/kbo/schedule?date=20260729&screenCode=CSSD0100&osCode=CSOD0900,키움LG,schedule,2026-09-07 13:48:22,2026 시즌 KBO 경기 일정입니다. 2026-07-29 18:30에 잠실구장에서 키움 원정팀과 LG 홈팀이 경기를 진행합니다. 경기 상태는 경기 종료입니다. 최종 스코어는 키움 18 - LG 11로 키움이 승리했습니다.,2026-07-29,18:30,JAMSIL,잠실,KIWOOM,LG,18,11,END,REGULAR,THIRD_PARTY_API,CONFIRMED
schedule_ae9d89d4c8d12a14,https://gw.tving.com/bff/sports/v2/kbo/schedule?date=20260729&screenCode=CSSD0100&osCode=CSOD0900,KTNC,schedule,2026-09-07 13:48:22,2026 시즌 KBO 경기 일정입니다. 2026-07-29 18:30에 창원구장에서 KT 원정팀과 NC 홈팀이 경기를 진행합니다. 경기 상태는 경기 종료입니다. 최종 스코어는 KT 10 - NC 3로 KT가 승리했습니다.,2026-07-29,18:30,CHANGWON,창원,KT,NC,10,3,END,REGULAR,THIRD_PARTY_API,CONFIRMED
schedule_6c92c2e6b277d814,https://gw.tving.com/bff/sports/v2/kbo/schedule?date=20260730&screenCode=CSSD0100&osCode=CSOD0900,키움LG,schedule,2026-09-07 13:48:22,2026 시즌 KBO 경기 일정입니다. 2026-07-30 18:30에 잠실구장에서 키움 원정팀과 LG 홈팀이 경기를 진행합니다. 경기 상태는 경기 종료입니다. 최종 스코어는 키움 3 - LG 5로 LG가 승리했습니다.,2026-07-30,18:30,JAMSIL,잠실,KIWOOM,LG,3,5,END,REGULAR,THIRD_PARTY_API,CONFIRMED
schedule_168a401166c1c784,https://gw.tving.com/bff/sports/v2/kbo/schedule?date=20260730&screenCode=CSSD0100&osCode=CSOD0900,KTNC,schedule,2026-09-07 13:48:22,2026 시즌 KBO 경기 일정입니다. 2026-07-30 18:30에 창원구장에서 KT 원정팀과 NC 홈팀이 경기를 진행합니다. 경기 상태는 경기 종료입니다. 최종 스코어는 KT 10 - NC 2로 KT가 승리했습니다.,2026-07-30,18:30,CHANGWON,창원,KT,NC,10,2,END,REGULAR,THIRD_PARTY_API,CONFIRMED
schedule_aeed3791f33dd36d,https://gw.tving.com/bff/sports/v2/kbo/schedule?date=20260730&screenCode=CSSD0100&osCode=CSOD0900,KIA삼성,schedule,2026-09-07 13:48:22,2026 시즌 KBO 경기 일정입니다. 2026-07-30 18:30에 대구구장에서 KIA 원정팀과 삼성 홈팀이 경기를 진행합니다. 경기 상태는 경기 종료입니다. 최종 스코어는 KIA 12 - 삼성 3로 KIA가 승리했습니다.,2026-07-30,18:30,DAEGU,대구,KIA,SAMSUNG,12,3,END,REGULAR,THIRD_PARTY_API,CONFIRMED
schedule_c6ef0038b97578fb,https://gw.tving.com/bff/sports/v2/kbo/schedule?date=20260730&screenCode=CSSD0100&osCode=CSOD0900,롯데한화,schedule,2026-09-07 13:48:22,2026 시즌 KBO 경기 일정입니다. 2026-07-30 18:30에 대전구장에서 롯데 원정팀과 한화 홈팀이 경기를 진행합니다. 경기 상태는 경기 종료입니다. 최종 스코어는 롯데 2 - 한화 3로 한화가 승리했습니다.,2026-07-30,18:30,DAEJEON,대전,LOTTE,HANWHA,2,3,END,REGULAR,THIRD_PARTY_API,CONFIRMED
schedule_a95cb538be5a406a,https://gw.tving.com/bff/sports/v2/kbo/schedule?date=20260730&screenCode=CSSD0100&osCode=CSOD0900,두산SSG,schedule,2026-09-07 13:48:22,2026 시즌 KBO 경기 일정입니다. 2026-07-30 18:30에 문학구장에서 두산 원정팀과 SSG 홈팀이 경기를 진행합니다. 경기 상태는 경기 종료입니다. 최종 스코어는 두산 5 - SSG 3로 두산이 승리했습니다.,2026-07-30,18:30,MUNHAK,문학,DOOSAN,SSG,5,3,END,REGULAR,THIRD_PARTY_API,CONFIRMED
schedule_8943be45b60e5362,https://gw.tving.com/bff/sports/v2/kbo/schedule?date=20260731&screenCode=CSSD0100&osCode=CSOD0900,LG두산,schedule,2026-09-07 13:48:22,2026 시즌 KBO 경기 일정입니다. 2026-07-31 18:30에 잠실구장에서 LG 원정팀과 두산 홈팀이 경기를 진행합니다. 경기 상태는 경기 종료입니다. 최종 스코어는 LG 2 - 두산 4로 두산이 승리했습니다.,2026-07-31,18:30,JAMSIL,잠실,LG,DOOSAN,2,4,END,REGULAR,THIRD_PARTY_API,CONFIRMED
schedule_744c001465080d7b,https://gw.tving.com/bff/sports/v2/kbo/schedule?date=20260731&screenCode=CSSD0100&osCode=CSOD0900,SSG키움,schedule,2026-09-07 13:48:22,2026 시즌 KBO 경기 일정입니다. 2026-07-31 18:30에 고척구장에서 SSG 원정팀과 키움 홈팀이 경기를 진행합니다. 경기 상태는 경기 종료입니다. 최종 스코어는 SSG 7 - 키움 12로 키움이 승리했습니다.,2026-07-31,18:30,GOCHEOK,고척,SSG,KIWOOM,7,12,END,REGULAR,THIRD_PARTY_API,CONFIRMED
schedule_38aa8e290caf4b04,https://gw.tving.com/bff/sports/v2/kbo/schedule?date=20260731&screenCode=CSSD0100&osCode=CSOD0900,KIANC,schedule,2026-09-07 13:48:22,2026 시즌 KBO 경기 일정입니다. 2026-07-31 18:30에 창원구장에서 KIA 원정팀과 NC 홈팀이 경기를 진행합니다. 경기 상태는 경기 종료입니다. 최종 스코어는 KIA 4 - NC 10로 NC가 승리했습니다.,2026-07-31,18:30,CHANGWON,창원,KIA,NC,4,10,END,REGULAR,THIRD_PARTY_API,CONFIRMED
schedule_7a0d269c4be2714f,https://gw.tving.com/bff/sports/v2/kbo/schedule?date=20260731&screenCode=CSSD0100&osCode=CSOD0900,한화KT,schedule,2026-09-07 13:48:22,2026 시즌 KBO 경기 일정입니다. 2026-07-31 18:30에 수원구장에서 한화 원정팀과 KT 홈팀이 경기를 진행합니다. 경기 상태는 경기 종료입니다. 최종 스코어는 한화 3 - KT 5로 KT가 승리했습니다.,2026-07-31,18:30,SUWON,수원,HANWHA,KT,3,5,END,REGULAR,THIRD_PARTY_API,CONFIRMED
schedule_58425ee5da30ac00,https://gw.tving.com/bff/sports/v2/kbo/schedule?date=20260731&screenCode=CSSD0100&osCode=CSOD0900,삼성롯데,schedule,2026-09-07 13:48:22,2026 시즌 KBO 경기 일정입니다. 2026-07-31 18:30에 사직구장에서 삼성 원정팀과 롯데 홈팀이 경기를 진행합니다. 경기 상태는 경기 종료입니다. 최종 스코어는 삼성 9 - 롯데 7로 삼성이 승리했습니다.,2026-07-31,18:30,SAJIK,사직,SAMSUNG,LOTTE,9,7,END,REGULAR,THIRD_PARTY_API,CONFIRMED
schedule_83cd4e5cd747db5d,https://gw.tving.com/bff/sports/v2/kbo/schedule?date=20260801&screenCode=CSSD0100&osCode=CSOD0900,삼성롯데,schedule,2026-09-07 13:48:22,2026 시즌 KBO 경기 일정입니다. 2026-08-01 18:00에 사직구장에서 삼성 원정팀과 롯데 홈팀의 경기가 예정되어 있었으나 취소되었습니다.,2026-08-01,18:00,SAJIK,사직,SAMSUNG,LOTTE,,,CANCEL,REGULAR,THIRD_PARTY_API,CONFIRMED
schedule_e547a2d2f2317dc8,https://gw.tving.com/bff/sports/v2/kbo/schedule?date=20260801&screenCode=CSSD0100&osCode=CSOD0900,KIANC,schedule,2026-09-07 13:48:22,2026 시즌 KBO 경기 일정입니다. 2026-08-01 18:00에 창원구장에서 KIA 원정팀과 NC 홈팀의 경기가 예정되어 있었으나 취소되었습니다.,2026-08-01,18:00,CHANGWON,창원,KIA,NC,,,CANCEL,REGULAR,THIRD_PARTY_API,CONFIRMED
schedule_caa13ae690f029ae,https://gw.tving.com/bff/sports/v2/kbo/schedule?date=20260801&screenCode=CSSD0100&osCode=CSOD0900,SSG키움,schedule,2026-09-07 13:48:22,2026 시즌 KBO 경기 일정입니다. 2026-08-01 18:00에 고척구장에서 SSG 원정팀과 키움 홈팀이 경기를 진행합니다. 경기 상태는 경기 종료입니다. 최종 스코어는 SSG 10 - 키움 2로 SSG가 승리했습니다.,2026-08-01,18:00,GOCHEOK,고척,SSG,KIWOOM,10,2,END,REGULAR,THIRD_PARTY_API,CONFIRMED
schedule_58c91cfeef838f4b,https://gw.tving.com/bff/sports/v2/kbo/schedule?date=20260801&screenCode=CSSD0100&osCode=CSOD0900,한화KT,schedule,2026-09-07 13:48:22,2026 시즌 KBO 경기 일정입니다. 2026-08-01 18:00에 수원구장에서 한화 원정팀과 KT 홈팀이 경기를 진행합니다. 경기 상태는 경기 종료입니다. 최종 스코어는 한화 4 - KT 7로 KT가 승리했습니다.,2026-08-01,18:00,SUWON,수원,HANWHA,KT,4,7,END,REGULAR,THIRD_PARTY_API,CONFIRMED
schedule_e32904a2e45726bf,https://gw.tving.com/bff/sports/v2/kbo/schedule?date=20260801&screenCode=CSSD0100&osCode=CSOD0900,LG두산,schedule,2026-09-07 13:48:22,2026 시즌 KBO 경기 일정입니다. 2026-08-01 18:00에 잠실구장에서 LG 원정팀과 두산 홈팀이 경기를 진행합니다. 경기 상태는 경기 종료입니다. 최종 스코어는 LG 2 - 두산 2로 무승부로 종료됐습니다.,2026-08-01,18:00,JAMSIL,잠실,LG,DOOSAN,2,2,END,REGULAR,THIRD_PARTY_API,CONFIRMED
schedule_86678d43f04fc2cc,https://gw.tving.com/bff/sports/v2/kbo/schedule?date=20260802&screenCode=CSSD0100&osCode=CSOD0900,SSG키움,schedule,2026-09-07 13:48:22,2026 시즌 KBO 경기 일정입니다. 2026-08-02 14:00에 고척구장에서 SSG 원정팀과 키움 홈팀이 경기를 진행합니다. 경기 상태는 경기 종료입니다. 최종 스코어는 SSG 3 - 키움 5로 키움이 승리했습니다.,2026-08-02,14:00,GOCHEOK,고척,SSG,KIWOOM,3,5,END,REGULAR,THIRD_PARTY_API,CONFIRMED
schedule_a614413e872476b1,https://gw.tving.com/bff/sports/v2/kbo/schedule?date=20260802&screenCode=CSSD0100&osCode=CSOD0900,KIANC,schedule,2026-09-07 13:48:22,2026 시즌 KBO 경기 일정입니다. 2026-08-02 18:00에 창원구장에서 KIA 원정팀과 NC 홈팀의 경기가 예정되어 있었으나 취소되었습니다.,2026-08-02,18:00,CHANGWON,창원,KIA,NC,,,CANCEL,REGULAR,THIRD_PARTY_API,CONFIRMED
schedule_821d8bbe92decf12,https://gw.tving.com/bff/sports/v2/kbo/schedule?date=20260802&screenCode=CSSD0100&osCode=CSOD0900,LG두산,schedule,2026-09-07 13:48:22,2026 시즌 KBO 경기 일정입니다. 2026-08-02 18:00에 잠실구장에서 LG 원정팀과 두산 홈팀이 경기를 진행합니다. 경기 상태는 경기 종료입니다. 최종 스코어는 LG 3 - 두산 8로 두산이 승리했습니다.,2026-08-02,18:00,JAMSIL,잠실,LG,DOOSAN,3,8,END,REGULAR,THIRD_PARTY_API,CONFIRMED
schedule_136edc5a9989fb60,https://gw.tving.com/bff/sports/v2/kbo/schedule?date=20260802&screenCode=CSSD0100&osCode=CSOD0900,한화KT,schedule,2026-09-07 13:48:22,2026 시즌 KBO 경기 일정입니다. 2026-08-02 18:00에 수원구장에서 한화 원정팀과 KT 홈팀이 경기를 진행합니다. 경기 상태는 경기 종료입니다. 최종 스코어는 한화 1 - KT 12로 KT가 승리했습니다.,2026-08-02,18:00,SUWON,수원,HANWHA,KT,1,12,END,REGULAR,THIRD_PARTY_API,CONFIRMED
schedule_a7e162afea92977a,https://gw.tving.com/bff/sports/v2/kbo/schedule?date=20260802&screenCode=CSSD0100&osCode=CSOD0900,삼성롯데,schedule,2026-09-07 13:48:22,2026 시즌 KBO 경기 일정입니다. 2026-08-02 18:00에 사직구장에서 삼성 원정팀과 롯데 홈팀이 경기를 진행합니다. 경기 상태는 경기 종료입니다. 최종 스코어는 삼성 7 - 롯데 10로 롯데가 승리했습니다.,2026-08-02,18:00,SAJIK,사직,SAMSUNG,LOTTE,7,10,END,REGULAR,THIRD_PARTY_API,CONFIRMED
schedule_f9083a28ee4c5858,https://gw.tving.com/bff/sports/v2/kbo/schedule?date=20260804&screenCode=CSSD0100&osCode=CSOD0900,한화삼성,schedule,2026-09-07 13:48:22,2026 시즌 KBO 경기 일정입니다. 2026-08-04 18:30에 대구구장에서 한화 원정팀과 삼성 홈팀이 경기를 진행합니다. 경기 상태는 경기 종료입니다. 최종 스코어는 한화 4 - 삼성 1로 한화가 승리했습니다.,2026-08-04,18:30,DAEGU,대구,HANWHA,SAMSUNG,4,1,END,REGULAR,THIRD_PARTY_API,CONFIRMED
schedule_849c12a89dacc577,https://gw.tving.com/bff/sports/v2/kbo/schedule?date=20260804&screenCode=CSSD0100&osCode=CSOD0900,KTKIA,schedule,2026-09-07 13:48:22,2026 시즌 KBO 경기 일정입니다. 2026-08-04 18:30에 광주구장에서 KT 원정팀과 KIA 홈팀의 경기가 예정되어 있었으나 취소되었습니다.,2026-08-04,18:30,GWANGJU,광주,KT,KIA,,,CANCEL,REGULAR,THIRD_PARTY_API,CONFIRMED
schedule_c5a5711fbfaff607,https://gw.tving.com/bff/sports/v2/kbo/schedule?date=20260804&screenCode=CSSD0100&osCode=CSOD0900,NC두산,schedule,2026-09-07 13:48:22,2026 시즌 KBO 경기 일정입니다. 2026-08-04 18:30에 잠실구장에서 NC 원정팀과 두산 홈팀의 경기가 예정되어 있었으나 취소되었습니다.,2026-08-04,18:30,JAMSIL,잠실,NC,DOOSAN,,,CANCEL,REGULAR,THIRD_PARTY_API,CONFIRMED
schedule_9206f025cc7e9eb9,https://gw.tving.com/bff/sports/v2/kbo/schedule?date=20260804&screenCode=CSSD0100&osCode=CSOD0900,LGSSG,schedule,2026-09-07 13:48:22,2026 시즌 KBO 경기 일정입니다. 2026-08-04 18:30에 문학구장에서 LG 원정팀과 SSG 홈팀이 경기를 진행합니다. 경기 상태는 경기 종료입니다. 최종 스코어는 LG 8 - SSG 10로 SSG가 승리했습니다.,2026-08-04,18:30,MUNHAK,문학,LG,SSG,8,10,END,REGULAR,THIRD_PARTY_API,CONFIRMED
schedule_32ea6b196d4c7e13,https://gw.tving.com/bff/sports/v2/kbo/schedule?date=20260804&screenCode=CSSD0100&osCode=CSOD0900,키움롯데,schedule,2026-09-07 13:48:22,2026 시즌 KBO 경기 일정입니다. 2026-08-04 18:30에 사직구장에서 키움 원정팀과 롯데 홈팀이 경기를 진행합니다. 경기 상태는 경기 종료입니다. 최종 스코어는 키움 2 - 롯데 3로 롯데가 승리했습니다.,2026-08-04,18:30,SAJIK,사직,KIWOOM,LOTTE,2,3,END,REGULAR,THIRD_PARTY_API,CONFIRMED
schedule_26d3eb188f3f07ec,https://gw.tving.com/bff/sports/v2/kbo/schedule?date=20260805&screenCode=CSSD0100&osCode=CSOD0900,키움롯데,schedule,2026-09-07 13:48:22,2026 시즌 KBO 경기 일정입니다. 2026-08-05 18:30에 사직구장에서 키움 원정팀과 롯데 홈팀의 경기가 예정되어 있었으나 취소되었습니다.,2026-08-05,18:30,SAJIK,사직,KIWOOM,LOTTE,,,CANCEL,REGULAR,THIRD_PARTY_API,CONFIRMED
schedule_999cecb5f9713d33,https://gw.tving.com/bff/sports/v2/kbo/schedule?date=20260805&screenCode=CSSD0100&osCode=CSOD0900,NC두산,schedule,2026-09-07 13:48:22,2026 시즌 KBO 경기 일정입니다. 2026-08-05 18:30에 잠실구장에서 NC 원정팀과 두산 홈팀의 경기가 예정되어 있었으나 취소되었습니다.,2026-08-05,18:30,JAMSIL,잠실,NC,DOOSAN,,,CANCEL,REGULAR,THIRD_PARTY_API,CONFIRMED
schedule_4bf0d0739a34b4de,https://gw.tving.com/bff/sports/v2/kbo/schedule?date=20260805&screenCode=CSSD0100&osCode=CSOD0900,LGSSG,schedule,2026-09-07 13:48:22,2026 시즌 KBO 경기 일정입니다. 2026-08-05 18:30에 문학구장에서 LG 원정팀과 SSG 홈팀의 경기가 예정되어 있었으나 취소되었습니다.,2026-08-05,18:30,MUNHAK,문학,LG,SSG,,,CANCEL,REGULAR,THIRD_PARTY_API,CONFIRMED
schedule_d21e4c4aeba93d6b,https://gw.tving.com/bff/sports/v2/kbo/schedule?date=20260805&screenCode=CSSD0100&osCode=CSOD0900,KTKIA,schedule,2026-09-07 13:48:22,2026 시즌 KBO 경기 일정입니다. 2026-08-05 18:30에 광주구장에서 KT 원정팀과 KIA 홈팀의 경기가 예정되어 있었으나 취소되었습니다.,2026-08-05,18:30,GWANGJU,광주,KT,KIA,,,CANCEL,REGULAR,THIRD_PARTY_API,CONFIRMED
schedule_5c199d44e7758377,https://gw.tving.com/bff/sports/v2/kbo/schedule?date=20260805&screenCode=CSSD0100&osCode=CSOD0900,한화삼성,schedule,2026-09-07 13:48:22,2026 시즌 KBO 경기 일정입니다. 2026-08-05 18:30에 대구구장에서 한화 원정팀과 삼성 홈팀의 경기가 예정되어 있었으나 취소되었습니다.,2026-08-05,18:30,DAEGU,대구,HANWHA,SAMSUNG,,,CANCEL,REGULAR,THIRD_PARTY_API,CONFIRMED
schedule_a945c6b39b83e598,https://gw.tving.com/bff/sports/v2/kbo/schedule?date=20260806&screenCode=CSSD0100&osCode=CSOD0900,LGSSG,schedule,2026-09-07 13:48:22,2026 시즌 KBO 경기 일정입니다. 2026-08-06 18:30에 문학구장에서 LG 원정팀과 SSG 홈팀의 경기가 예정되어 있었으나 취소되었습니다.,2026-08-06,18:30,MUNHAK,문학,LG,SSG,,,CANCEL,REGULAR,THIRD_PARTY_API,CONFIRMED
schedule_928e4e23680b4345,https://gw.tving.com/bff/sports/v2/kbo/schedule?date=20260806&screenCode=CSSD0100&osCode=CSOD0900,키움롯데,schedule,2026-09-07 13:48:22,2026 시즌 KBO 경기 일정입니다. 2026-08-06 18:30에 사직구장에서 키움 원정팀과 롯데 홈팀의 경기가 예정되어 있었으나 취소되었습니다.,2026-08-06,18:30,SAJIK,사직,KIWOOM,LOTTE,,,CANCEL,REGULAR,THIRD_PARTY_API,CONFIRMED
schedule_d263b3ea417258f0,https://gw.tving.com/bff/sports/v2/kbo/schedule?date=20260806&screenCode=CSSD0100&osCode=CSOD0900,NC두산,schedule,2026-09-07 13:48:22,2026 시즌 KBO 경기 일정입니다. 2026-08-06 18:30에 잠실구장에서 NC 원정팀과 두산 홈팀의 경기가 예정되어 있었으나 취소되었습니다.,2026-08-06,18:30,JAMSIL,잠실,NC,DOOSAN,,,CANCEL,REGULAR,THIRD_PARTY_API,CONFIRMED
schedule_97e45990c8ba542f,https://gw.tving.com/bff/sports/v2/kbo/schedule?date=20260806&screenCode=CSSD0100&osCode=CSOD0900,KTKIA,schedule,2026-09-07 13:48:22,2026 시즌 KBO 경기 일정입니다. 2026-08-06 18:30에 광주구장에서 KT 원정팀과 KIA 홈팀의 경기가 예정되어 있었으나 취소되었습니다.,2026-08-06,18:30,GWANGJU,광주,KT,KIA,,,CANCEL,REGULAR,THIRD_PARTY_API,CONFIRMED
schedule_2dced5d701c440e6,https://gw.tving.com/bff/sports/v2/kbo/schedule?date=20260806&screenCode=CSSD0100&osCode=CSOD0900,한화삼성,schedule,2026-09-07 13:48:22,2026 시즌 KBO 경기 일정입니다. 2026-08-06 18:30에 대구구장에서 한화 원정팀과 삼성 홈팀의 경기가 예정되어 있었으나 취소되었습니다.,2026-08-06,18:30,DAEGU,대구,HANWHA,SAMSUNG,,,CANCEL,REGULAR,THIRD_PARTY_API,CONFIRMED
schedule_be837f14760c3c14,https://gw.tving.com/bff/sports/v2/kbo/schedule?date=20260807&screenCode=CSSD0100&osCode=CSOD0900,롯데KT,schedule,2026-09-07 13:48:22,2026 시즌 KBO 경기 일정입니다. 2026-08-07 18:30에 수원구장에서 롯데 원정팀과 KT 홈팀의 경기가 예정되어 있었으나 취소되었습니다.,2026-08-07,18:30,SUWON,수원,LOTTE,KT,,,CANCEL,REGULAR,THIRD_PARTY_API,CONFIRMED
schedule_981bb17c5965155d,https://gw.tving.com/bff/sports/v2/kbo/schedule?date=20260807&screenCode=CSSD0100&osCode=CSOD0900,키움한화,schedule,2026-09-07 13:48:22,2026 시즌 KBO 경기 일정입니다. 2026-08-07 18:30에 대전구장에서 키움 원정팀과 한화 홈팀의 경기가 예정되어 있었으나 취소되었습니다.,2026-08-07,18:30,DAEJEON,대전,KIWOOM,HANWHA,,,CANCEL,REGULAR,THIRD_PARTY_API,CONFIRMED
schedule_f8084ab6af3b6a30,https://gw.tving.com/bff/sports/v2/kbo/schedule?date=20260807&screenCode=CSSD0100&osCode=CSOD0900,SSGNC,schedule,2026-09-07 13:48:22,2026 시즌 KBO 경기 일정입니다. 2026-08-07 18:30에 창원구장에서 SSG 원정팀과 NC 홈팀의 경기가 예정되어 있었으나 취소되었습니다.,2026-08-07,18:30,CHANGWON,창원,SSG,NC,,,CANCEL,REGULAR,THIRD_PARTY_API,CONFIRMED
schedule_18f1cc5eaf9303f9,https://gw.tving.com/bff/sports/v2/kbo/schedule?date=20260807&screenCode=CSSD0100&osCode=CSOD0900,두산삼성,schedule,2026-09-07 13:48:22,2026 시즌 KBO 경기 일정입니다. 2026-08-07 18:30에 대구구장에서 두산 원정팀과 삼성 홈팀의 경기가 예정되어 있었으나 취소되었습니다.,2026-08-07,18:30,DAEGU,대구,DOOSAN,SAMSUNG,,,CANCEL,REGULAR,THIRD_PARTY_API,CONFIRMED
schedule_9c5b5c57fb265a03,https://gw.tving.com/bff/sports/v2/kbo/schedule?date=20260807&screenCode=CSSD0100&osCode=CSOD0900,KIALG,schedule,2026-09-07 13:48:22,2026 시즌 KBO 경기 일정입니다. 2026-08-07 18:30에 잠실구장에서 KIA 원정팀과 LG 홈팀의 경기가 예정되어 있었으나 취소되었습니다.,2026-08-07,18:30,JAMSIL,잠실,KIA,LG,,,CANCEL,REGULAR,THIRD_PARTY_API,CONFIRMED
schedule_0a2a623c57e38ff6,https://gw.tving.com/bff/sports/v2/kbo/schedule?date=20260808&screenCode=CSSD0100&osCode=CSOD0900,키움한화,schedule,2026-09-07 13:48:22,2026 시즌 KBO 경기 일정입니다. 2026-08-08 18:00에 대전구장에서 키움 원정팀과 한화 홈팀의 경기가 예정되어 있었으나 취소되었습니다.,2026-08-08,18:00,DAEJEON,대전,KIWOOM,HANWHA,,,CANCEL,REGULAR,THIRD_PARTY_API,CONFIRMED
schedule_3d0b28f3c4b32628,https://gw.tving.com/bff/sports/v2/kbo/schedule?date=20260808&screenCode=CSSD0100&osCode=CSOD0900,SSGNC,schedule,2026-09-07 13:48:22,2026 시즌 KBO 경기 일정입니다. 2026-08-08 18:00에 창원구장에서 SSG 원정팀과 NC 홈팀의 경기가 예정되어 있었으나 취소되었습니다.,2026-08-08,18:00,CHANGWON,창원,SSG,NC,,,CANCEL,REGULAR,THIRD_PARTY_API,CONFIRMED
schedule_07b0d114d9b5976d,https://gw.tving.com/bff/sports/v2/kbo/schedule?date=20260808&screenCode=CSSD0100&osCode=CSOD0900,두산삼성,schedule,2026-09-07 13:48:22,2026 시즌 KBO 경기 일정입니다. 2026-08-08 18:00에 대구구장에서 두산 원정팀과 삼성 홈팀의 경기가 예정되어 있었으나 취소되었습니다.,2026-08-08,18:00,DAEGU,대구,DOOSAN,SAMSUNG,,,CANCEL,REGULAR,THIRD_PARTY_API,CONFIRMED
schedule_98b5d7898f570a29,https://gw.tving.com/bff/sports/v2/kbo/schedule?date=20260808&screenCode=CSSD0100&osCode=CSOD0900,롯데KT,schedule,2026-09-07 13:48:22,2026 시즌 KBO 경기 일정입니다. 2026-08-08 18:00에 수원구장에서 롯데 원정팀과 KT 홈팀의 경기가 예정되어 있었으나 취소되었습니다.,2026-08-08,18:00,SUWON,수원,LOTTE,KT,,,CANCEL,REGULAR,THIRD_PARTY_API,CONFIRMED
schedule_eeb8c414fc0ddfe2,https://gw.tving.com/bff/sports/v2/kbo/schedule?date=20260808&screenCode=CSSD0100&osCode=CSOD0900,KIALG,schedule,2026-09-07 13:48:22,2026 시즌 KBO 경기 일정입니다. 2026-08-08 18:00에 잠실구장에서 KIA 원정팀과 LG 홈팀의 경기가 예정되어 있었으나 취소되었습니다.,2026-08-08,18:00,JAMSIL,잠실,KIA,LG,,,CANCEL,REGULAR,THIRD_PARTY_API,CONFIRMED
schedule_a5efc740b4d814e8,https://gw.tving.com/bff/sports/v2/kbo/schedule?date=20260809&screenCode=CSSD0100&osCode=CSOD0900,키움한화,schedule,2026-09-07 13:48:22,2026 시즌 KBO 경기 일정입니다. 2026-08-09 18:00에 대전구장에서 키움 원정팀과 한화 홈팀의 경기가 예정되어 있었으나 취소되었습니다.,2026-08-09,18:00,DAEJEON,대전,KIWOOM,HANWHA,,,CANCEL,REGULAR,THIRD_PARTY_API,CONFIRMED
schedule_2c63cf6b789bf332,https://gw.tving.com/bff/sports/v2/kbo/schedule?date=20260809&screenCode=CSSD0100&osCode=CSOD0900,SSGNC,schedule,2026-09-07 13:48:22,2026 시즌 KBO 경기 일정입니다. 2026-08-09 18:00에 창원구장에서 SSG 원정팀과 NC 홈팀의 경기가 예정되어 있었으나 취소되었습니다.,2026-08-09,18:00,CHANGWON,창원,SSG,NC,,,CANCEL,REGULAR,THIRD_PARTY_API,CONFIRMED
schedule_4ff91c65183d6889,https://gw.tving.com/bff/sports/v2/kbo/schedule?date=20260809&screenCode=CSSD0100&osCode=CSOD0900,두산삼성,schedule,2026-09-07 13:48:22,2026 시즌 KBO 경기 일정입니다. 2026-08-09 18:00에 대구구장에서 두산 원정팀과 삼성 홈팀의 경기가 예정되어 있었으나 취소되었습니다.,2026-08-09,18:00,DAEGU,대구,DOOSAN,SAMSUNG,,,CANCEL,REGULAR,THIRD_PARTY_API,CONFIRMED
schedule_e2529a44cee1f01a,https://gw.tving.com/bff/sports/v2/kbo/schedule?date=20260809&screenCode=CSSD0100&osCode=CSOD0900,롯데KT,schedule,2026-09-07 13:48:22,2026 시즌 KBO 경기 일정입니다. 2026-08-09 18:00에 수원구장에서 롯데 원정팀과 KT 홈팀의 경기가 예정되어 있었으나 취소되었습니다.,2026-08-09,18:00,SUWON,수원,LOTTE,KT,,,CANCEL,REGULAR,THIRD_PARTY_API,CONFIRMED
schedule_e82b69d559dee1a8,https://gw.tving.com/bff/sports/v2/kbo/schedule?date=20260809&screenCode=CSSD0100&osCode=CSOD0900,KIALG,schedule,2026-09-07 13:48:22,2026 시즌 KBO 경기 일정입니다. 2026-08-09 18:00에 잠실구장에서 KIA 원정팀과 LG 홈팀의 경기가 예정되어 있었으나 취소되었습니다.,2026-08-09,18:00,JAMSIL,잠실,KIA,LG,,,CANCEL,REGULAR,THIRD_PARTY_API,CONFIRMED
schedule_5513794df1e2033d,https://gw.tving.com/bff/sports/v2/kbo/schedule?date=20260811&screenCode=CSSD0100&osCode=CSOD0900,삼성KIA,schedule,2026-09-07 13:48:22,2026 시즌 KBO 경기 일정입니다. 2026-08-11 19:00에 광주구장에서 삼성 원정팀과 KIA 홈팀이 경기를 진행합니다. 경기 상태는 경기 종료입니다. 최종 스코어는 삼성 1 - KIA 3로 KIA가 승리했습니다.,2026-08-11,19:00,GWANGJU,광주,SAMSUNG,KIA,1,3,END,REGULAR,THIRD_PARTY_API,CONFIRMED
schedule_b46ebc4cca140a6f,https://gw.tving.com/bff/sports/v2/kbo/schedule?date=20260811&screenCode=CSSD0100&osCode=CSOD0900,LG키움,schedule,2026-09-07 13:48:22,2026 시즌 KBO 경기 일정입니다. 2026-08-11 19:00에 고척구장에서 LG 원정팀과 키움 홈팀이 경기를 진행합니다. 경기 상태는 경기 종료입니다. 최종 스코어는 LG 8 - 키움 3로 LG가 승리했습니다.,2026-08-11,19:00,GOCHEOK,고척,LG,KIWOOM,8,3,END,REGULAR,THIRD_PARTY_API,CONFIRMED
schedule_cf53488c051c60ce,https://gw.tving.com/bff/sports/v2/kbo/schedule?date=20260811&screenCode=CSSD0100&osCode=CSOD0900,KTNC,schedule,2026-09-07 13:48:22,2026 시즌 KBO 경기 일정입니다. 2026-08-11 19:00에 창원구장에서 KT 원정팀과 NC 홈팀이 경기를 진행합니다. 경기 상태는 경기 종료입니다. 최종 스코어는 KT 7 - NC 3로 KT가 승리했습니다.,2026-08-11,19:00,CHANGWON,창원,KT,NC,7,3,END,REGULAR,THIRD_PARTY_API,CONFIRMED
schedule_3a8cadcfec372326,https://gw.tving.com/bff/sports/v2/kbo/schedule?date=20260811&screenCode=CSSD0100&osCode=CSOD0900,롯데SSG,schedule,2026-09-07 13:48:22,2026 시즌 KBO 경기 일정입니다. 2026-08-11 19:00에 문학구장에서 롯데 원정팀과 SSG 홈팀이 경기를 진행합니다. 경기 상태는 경기 종료입니다. 최종 스코어는 롯데 4 - SSG 8로 SSG가 승리했습니다.,2026-08-11,19:00,MUNHAK,문학,LOTTE,SSG,4,8,END,REGULAR,THIRD_PARTY_API,CONFIRMED
schedule_dc2510da62ca17c0,https://gw.tving.com/bff/sports/v2/kbo/schedule?date=20260811&screenCode=CSSD0100&osCode=CSOD0900,한화두산,schedule,2026-09-07 13:48:22,2026 시즌 KBO 경기 일정입니다. 2026-08-11 19:00에 잠실구장에서 한화 원정팀과 두산 홈팀이 경기를 진행합니다. 경기 상태는 경기 종료입니다. 최종 스코어는 한화 3 - 두산 6로 두산이 승리했습니다.,2026-08-11,19:00,JAMSIL,잠실,HANWHA,DOOSAN,3,6,END,REGULAR,THIRD_PARTY_API,CONFIRMED
schedule_2d19a99cf3f53e9e,https://gw.tving.com/bff/sports/v2/kbo/schedule?date=20260812&screenCode=CSSD0100&osCode=CSOD0900,롯데SSG,schedule,2026-09-07 13:48:22,2026 시즌 KBO 경기 일정입니다. 2026-08-12 19:00에 문학구장에서 롯데 원정팀과 SSG 홈팀이 경기를 진행합니다. 경기 상태는 경기 종료입니다. 최종 스코어는 롯데 1 - SSG 9로 SSG가 승리했습니다.,2026-08-12,19:00,MUNHAK,문학,LOTTE,SSG,1,9,END,REGULAR,THIRD_PARTY_API,CONFIRMED
schedule_fc1cc507432d8686,https://gw.tving.com/bff/sports/v2/kbo/schedule?date=20260812&screenCode=CSSD0100&osCode=CSOD0900,LG키움,schedule,2026-09-07 13:48:22,2026 시즌 KBO 경기 일정입니다. 2026-08-12 19:00에 고척구장에서 LG 원정팀과 키움 홈팀이 경기를 진행합니다. 경기 상태는 경기 종료입니다. 최종 스코어는 LG 3 - 키움 4로 키움이 승리했습니다.,2026-08-12,19:00,GOCHEOK,고척,LG,KIWOOM,3,4,END,REGULAR,THIRD_PARTY_API,CONFIRMED
schedule_c41994614c9b55df,https://gw.tving.com/bff/sports/v2/kbo/schedule?date=20260812&screenCode=CSSD0100&osCode=CSOD0900,KTNC,schedule,2026-09-07 13:48:22,2026 시즌 KBO 경기 일정입니다. 2026-08-12 19:00에 창원구장에서 KT 원정팀과 NC 홈팀이 경기를 진행합니다. 경기 상태는 경기 종료입니다. 최종 스코어는 KT 0 - NC 3로 NC가 승리했습니다.,2026-08-12,19:00,CHANGWON,창원,KT,NC,0,3,END,REGULAR,THIRD_PARTY_API,CONFIRMED
schedule_01d6bd5d1357ca2f,https://gw.tving.com/bff/sports/v2/kbo/schedule?date=20260812&screenCode=CSSD0100&osCode=CSOD0900,한화두산,schedule,2026-09-07 13:48:22,2026 시즌 KBO 경기 일정입니다. 2026-08-12 19:00에 잠실구장에서 한화 원정팀과 두산 홈팀이 경기를 진행합니다. 경기 상태는 경기 종료입니다. 최종 스코어는 한화 4 - 두산 3로 한화가 승리했습니다.,2026-08-12,19:00,JAMSIL,잠실,HANWHA,DOOSAN,4,3,END,REGULAR,THIRD_PARTY_API,CONFIRMED
schedule_ce2e1f880ae279cf,https://gw.tving.com/bff/sports/v2/kbo/schedule?date=20260812&screenCode=CSSD0100&osCode=CSOD0900,삼성KIA,schedule,2026-09-07 13:48:22,2026 시즌 KBO 경기 일정입니다. 2026-08-12 19:00에 광주구장에서 삼성 원정팀과 KIA 홈팀이 경기를 진행합니다. 경기 상태는 경기 종료입니다. 최종 스코어는 삼성 2 - KIA 7로 KIA가 승리했습니다.,2026-08-12,19:00,GWANGJU,광주,SAMSUNG,KIA,2,7,END,REGULAR,THIRD_PARTY_API,CONFIRMED
schedule_bfc14011ec6efb19,https://gw.tving.com/bff/sports/v2/kbo/schedule?date=20260813&screenCode=CSSD0100&osCode=CSOD0900,한화두산,schedule,2026-09-07 13:48:22,2026 시즌 KBO 경기 일정입니다. 2026-08-13 19:00에 잠실구장에서 한화 원정팀과 두산 홈팀이 경기를 진행합니다. 경기 상태는 경기 종료입니다. 최종 스코어는 한화 6 - 두산 9로 두산이 승리했습니다.,2026-08-13,19:00,JAMSIL,잠실,HANWHA,DOOSAN,6,9,END,REGULAR,THIRD_PARTY_API,CONFIRMED
schedule_961c662481436c50,https://gw.tving.com/bff/sports/v2/kbo/schedule?date=20260813&screenCode=CSSD0100&osCode=CSOD0900,LG키움,schedule,2026-09-07 13:48:22,2026 시즌 KBO 경기 일정입니다. 2026-08-13 19:00에 고척구장에서 LG 원정팀과 키움 홈팀이 경기를 진행합니다. 경기 상태는 경기 종료입니다. 최종 스코어는 LG 13 - 키움 6로 LG가 승리했습니다.,2026-08-13,19:00,GOCHEOK,고척,LG,KIWOOM,13,6,END,REGULAR,THIRD_PARTY_API,CONFIRMED
schedule_f222b3dc71d6d718,https://gw.tving.com/bff/sports/v2/kbo/schedule?date=20260813&screenCode=CSSD0100&osCode=CSOD0900,삼성KIA,schedule,2026-09-07 13:48:22,2026 시즌 KBO 경기 일정입니다. 2026-08-13 19:00에 광주구장에서 삼성 원정팀과 KIA 홈팀이 경기를 진행합니다. 경기 상태는 경기 종료입니다. 최종 스코어는 삼성 9 - KIA 8로 삼성이 승리했습니다.,2026-08-13,19:00,GWANGJU,광주,SAMSUNG,KIA,9,8,END,REGULAR,THIRD_PARTY_API,CONFIRMED
schedule_ce5b4ada2220f75f,https://gw.tving.com/bff/sports/v2/kbo/schedule?date=20260813&screenCode=CSSD0100&osCode=CSOD0900,롯데SSG,schedule,2026-09-07 13:48:22,2026 시즌 KBO 경기 일정입니다. 2026-08-13 19:00에 문학구장에서 롯데 원정팀과 SSG 홈팀이 경기를 진행합니다. 경기 상태는 경기 종료입니다. 최종 스코어는 롯데 11 - SSG 0로 롯데가 승리했습니다.,2026-08-13,19:00,MUNHAK,문학,LOTTE,SSG,11,0,END,REGULAR,THIRD_PARTY_API,CONFIRMED
schedule_da080f7525e42bc7,https://gw.tving.com/bff/sports/v2/kbo/schedule?date=20260813&screenCode=CSSD0100&osCode=CSOD0900,KTNC,schedule,2026-09-07 13:48:22,2026 시즌 KBO 경기 일정입니다. 2026-08-13 19:00에 창원구장에서 KT 원정팀과 NC 홈팀이 경기를 진행합니다. 경기 상태는 경기 종료입니다. 최종 스코어는 KT 5 - NC 6로 NC가 승리했습니다.,2026-08-13,19:00,CHANGWON,창원,KT,NC,5,6,END,REGULAR,THIRD_PARTY_API,CONFIRMED
schedule_9de1fb61cbd9d626,https://gw.tving.com/bff/sports/v2/kbo/schedule?date=20260814&screenCode=CSSD0100&osCode=CSOD0900,한화삼성,schedule,2026-09-07 13:48:22,2026 시즌 KBO 경기 일정입니다. 2026-08-14 19:00에 대구구장에서 한화 원정팀과 삼성 홈팀이 경기를 진행합니다. 경기 상태는 경기 종료입니다. 최종 스코어는 한화 5 - 삼성 8로 삼성이 승리했습니다.,2026-08-14,19:00,DAEGU,대구,HANWHA,SAMSUNG,5,8,END,REGULAR,THIRD_PARTY_API,CONFIRMED
schedule_2daa9019603c3f76,https://gw.tving.com/bff/sports/v2/kbo/schedule?date=20260814&screenCode=CSSD0100&osCode=CSOD0900,두산KIA,schedule,2026-09-07 13:48:22,2026 시즌 KBO 경기 일정입니다. 2026-08-14 19:00에 광주구장에서 두산 원정팀과 KIA 홈팀이 경기를 진행합니다. 경기 상태는 경기 종료입니다. 최종 스코어는 두산 10 - KIA 4로 두산이 승리했습니다.,2026-08-14,19:00,GWANGJU,광주,DOOSAN,KIA,10,4,END,REGULAR,THIRD_PARTY_API,CONFIRMED
schedule_8c7b445c052461ce,https://gw.tving.com/bff/sports/v2/kbo/schedule?date=20260814&screenCode=CSSD0100&osCode=CSOD0900,키움KT,schedule,2026-09-07 13:48:22,2026 시즌 KBO 경기 일정입니다. 2026-08-14 19:00에 수원구장에서 키움 원정팀과 KT 홈팀이 경기를 진행합니다. 경기 상태는 경기 종료입니다. 최종 스코어는 키움 3 - KT 8로 KT가 승리했습니다.,2026-08-14,19:00,SUWON,수원,KIWOOM,KT,3,8,END,REGULAR,THIRD_PARTY_API,CONFIRMED
schedule_6f7c92761e907ef6,https://gw.tving.com/bff/sports/v2/kbo/schedule?date=20260814&screenCode=CSSD0100&osCode=CSOD0900,SSGLG,schedule,2026-09-07 13:48:22,2026 시즌 KBO 경기 일정입니다. 2026-08-14 19:00에 잠실구장에서 SSG 원정팀과 LG 홈팀이 경기를 진행합니다. 경기 상태는 경기 종료입니다. 최종 스코어는 SSG 5 - LG 3로 SSG가 승리했습니다.,2026-08-14,19:00,JAMSIL,잠실,SSG,LG,5,3,END,REGULAR,THIRD_PARTY_API,CONFIRMED
schedule_6c6e901cdb1331d9,https://gw.tving.com/bff/sports/v2/kbo/schedule?date=20260814&screenCode=CSSD0100&osCode=CSOD0900,NC롯데,schedule,2026-09-07 13:48:22,2026 시즌 KBO 경기 일정입니다. 2026-08-14 19:00에 사직구장에서 NC 원정팀과 롯데 홈팀이 경기를 진행합니다. 경기 상태는 경기 종료입니다. 최종 스코어는 NC 9 - 롯데 8로 NC가 승리했습니다.,2026-08-14,19:00,SAJIK,사직,NC,LOTTE,9,8,END,REGULAR,THIRD_PARTY_API,CONFIRMED
schedule_9c96ba33998780cf,https://gw.tving.com/bff/sports/v2/kbo/schedule?date=20260815&screenCode=CSSD0100&osCode=CSOD0900,두산KIA,schedule,2026-09-07 13:48:22,2026 시즌 KBO 경기 일정입니다. 2026-08-15 19:00에 광주구장에서 두산 원정팀과 KIA 홈팀이 경기를 진행합니다. 경기 상태는 경기 종료입니다. 최종 스코어는 두산 1 - KIA 6로 KIA가 승리했습니다.,2026-08-15,19:00,GWANGJU,광주,DOOSAN,KIA,1,6,END,REGULAR,THIRD_PARTY_API,CONFIRMED
schedule_961df6b9dcff4163,https://gw.tving.com/bff/sports/v2/kbo/schedule?date=20260815&screenCode=CSSD0100&osCode=CSOD0900,NC롯데,schedule,2026-09-07 13:48:22,2026 시즌 KBO 경기 일정입니다. 2026-08-15 19:00에 사직구장에서 NC 원정팀과 롯데 홈팀이 경기를 진행합니다. 경기 상태는 경기 종료입니다. 최종 스코어는 NC 5 - 롯데 8로 롯데가 승리했습니다.,2026-08-15,19:00,SAJIK,사직,NC,LOTTE,5,8,END,REGULAR,THIRD_PARTY_API,CONFIRMED
schedule_1c8c0ad3ad501642,https://gw.tving.com/bff/sports/v2/kbo/schedule?date=20260815&screenCode=CSSD0100&osCode=CSOD0900,키움KT,schedule,2026-09-07 13:48:22,2026 시즌 KBO 경기 일정입니다. 2026-08-15 19:00에 수원구장에서 키움 원정팀과 KT 홈팀이 경기를 진행합니다. 경기 상태는 경기 종료입니다. 최종 스코어는 키움 10 - KT 5로 키움이 승리했습니다.,2026-08-15,19:00,SUWON,수원,KIWOOM,KT,10,5,END,REGULAR,THIRD_PARTY_API,CONFIRMED
schedule_4832373e57e88cdd,https://gw.tving.com/bff/sports/v2/kbo/schedule?date=20260815&screenCode=CSSD0100&osCode=CSOD0900,한화삼성,schedule,2026-09-07 13:48:22,2026 시즌 KBO 경기 일정입니다. 2026-08-15 19:00에 대구구장에서 한화 원정팀과 삼성 홈팀이 경기를 진행합니다. 경기 상태는 경기 종료입니다. 최종 스코어는 한화 6 - 삼성 11로 삼성이 승리했습니다.,2026-08-15,19:00,DAEGU,대구,HANWHA,SAMSUNG,6,11,END,REGULAR,THIRD_PARTY_API,CONFIRMED
schedule_168e75cfb7c4b745,https://gw.tving.com/bff/sports/v2/kbo/schedule?date=20260815&screenCode=CSSD0100&osCode=CSOD0900,SSGLG,schedule,2026-09-07 13:48:22,2026 시즌 KBO 경기 일정입니다. 2026-08-15 19:00에 잠실구장에서 SSG 원정팀과 LG 홈팀이 경기를 진행합니다. 경기 상태는 경기 종료입니다. 최종 스코어는 SSG 1 - LG 4로 LG가 승리했습니다.,2026-08-15,19:00,JAMSIL,잠실,SSG,LG,1,4,END,REGULAR,THIRD_PARTY_API,CONFIRMED
schedule_725e4ce6cbe32b16,https://gw.tving.com/bff/sports/v2/kbo/schedule?date=20260816&screenCode=CSSD0100&osCode=CSOD0900,한화삼성,schedule,2026-09-07 13:48:22,2026 시즌 KBO 경기 일정입니다. 2026-08-16 19:00에 대구구장에서 한화 원정팀과 삼성 홈팀의 경기가 예정되어 있었으나 취소되었습니다.,2026-08-16,19:00,DAEGU,대구,HANWHA,SAMSUNG,,,CANCEL,REGULAR,THIRD_PARTY_API,CONFIRMED
schedule_c563cce42d3486aa,https://gw.tving.com/bff/sports/v2/kbo/schedule?date=20260816&screenCode=CSSD0100&osCode=CSOD0900,NC롯데,schedule,2026-09-07 13:48:22,2026 시즌 KBO 경기 일정입니다. 2026-08-16 19:00에 사직구장에서 NC 원정팀과 롯데 홈팀의 경기가 예정되어 있었으나 취소되었습니다.,2026-08-16,19:00,SAJIK,사직,NC,LOTTE,,,CANCEL,REGULAR,THIRD_PARTY_API,CONFIRMED
schedule_8a863d545c955b5a,https://gw.tving.com/bff/sports/v2/kbo/schedule?date=20260816&screenCode=CSSD0100&osCode=CSOD0900,키움KT,schedule,2026-09-07 13:48:22,2026 시즌 KBO 경기 일정입니다. 2026-08-16 19:00에 수원구장에서 키움 원정팀과 KT 홈팀이 경기를 진행합니다. 경기 상태는 경기 종료입니다. 최종 스코어는 키움 2 - KT 6로 KT가 승리했습니다.,2026-08-16,19:00,SUWON,수원,KIWOOM,KT,2,6,END,REGULAR,THIRD_PARTY_API,CONFIRMED
schedule_63f971ac12360b92,https://gw.tving.com/bff/sports/v2/kbo/schedule?date=20260816&screenCode=CSSD0100&osCode=CSOD0900,두산KIA,schedule,2026-09-07 13:48:22,2026 시즌 KBO 경기 일정입니다. 2026-08-16 19:00에 광주구장에서 두산 원정팀과 KIA 홈팀이 경기를 진행합니다. 경기 상태는 경기 종료입니다. 최종 스코어는 두산 1 - KIA 2로 KIA가 승리했습니다.,2026-08-16,19:00,GWANGJU,광주,DOOSAN,KIA,1,2,END,REGULAR,THIRD_PARTY_API,CONFIRMED
schedule_33ee59b007423d29,https://gw.tving.com/bff/sports/v2/kbo/schedule?date=20260816&screenCode=CSSD0100&osCode=CSOD0900,SSGLG,schedule,2026-09-07 13:48:22,2026 시즌 KBO 경기 일정입니다. 2026-08-16 19:00에 잠실구장에서 SSG 원정팀과 LG 홈팀이 경기를 진행합니다. 경기 상태는 경기 종료입니다. 최종 스코어는 SSG 6 - LG 0로 SSG가 승리했습니다.,2026-08-16,19:00,JAMSIL,잠실,SSG,LG,6,0,END,REGULAR,THIRD_PARTY_API,CONFIRMED
schedule_7d6f2b27e2aa975a,https://gw.tving.com/bff/sports/v2/kbo/schedule?date=20260818&screenCode=CSSD0100&osCode=CSOD0900,KIA한화,schedule,2026-09-07 13:48:22,2026 시즌 KBO 경기 일정입니다. 2026-08-18 19:00에 대전구장에서 KIA 원정팀과 한화 홈팀이 경기를 진행합니다. 경기 상태는 경기 종료입니다. 최종 스코어는 KIA 4 - 한화 3로 KIA가 승리했습니다.,2026-08-18,19:00,DAEJEON,대전,KIA,HANWHA,4,3,END,REGULAR,THIRD_PARTY_API,CONFIRMED
schedule_6af2ebd5370852b8,https://gw.tving.com/bff/sports/v2/kbo/schedule?date=20260818&screenCode=CSSD0100&osCode=CSOD0900,두산NC,schedule,2026-09-07 13:48:22,2026 시즌 KBO 경기 일정입니다. 2026-08-18 19:00에 창원구장에서 두산 원정팀과 NC 홈팀이 경기를 진행합니다. 경기 상태는 경기 종료입니다. 최종 스코어는 두산 6 - NC 4로 두산이 승리했습니다.,2026-08-18,19:00,CHANGWON,창원,DOOSAN,NC,6,4,END,REGULAR,THIRD_PARTY_API,CONFIRMED
schedule_5cd5767b593ec756,https://gw.tving.com/bff/sports/v2/kbo/schedule?date=20260818&screenCode=CSSD0100&osCode=CSOD0900,키움롯데,schedule,2026-09-07 13:48:22,2026 시즌 KBO 경기 일정입니다. 2026-08-18 19:00에 사직구장에서 키움 원정팀과 롯데 홈팀이 경기를 진행합니다. 경기 상태는 경기 종료입니다. 최종 스코어는 키움 10 - 롯데 15로 롯데가 승리했습니다.,2026-08-18,19:00,SAJIK,사직,KIWOOM,LOTTE,10,15,END,REGULAR,THIRD_PARTY_API,CONFIRMED
schedule_493959222680aedf,https://gw.tving.com/bff/sports/v2/kbo/schedule?date=20260818&screenCode=CSSD0100&osCode=CSOD0900,SSG삼성,schedule,2026-09-07 13:48:22,2026 시즌 KBO 경기 일정입니다. 2026-08-18 19:00에 대구구장에서 SSG 원정팀과 삼성 홈팀이 경기를 진행합니다. 경기 상태는 경기 종료입니다. 최종 스코어는 SSG 5 - 삼성 4로 SSG가 승리했습니다.,2026-08-18,19:00,DAEGU,대구,SSG,SAMSUNG,5,4,END,REGULAR,THIRD_PARTY_API,CONFIRMED
schedule_d20eb1e5c1d0edfe,https://gw.tving.com/bff/sports/v2/kbo/schedule?date=20260818&screenCode=CSSD0100&osCode=CSOD0900,KTLG,schedule,2026-09-07 13:48:22,2026 시즌 KBO 경기 일정입니다. 2026-08-18 19:00에 잠실구장에서 KT 원정팀과 LG 홈팀이 경기를 진행합니다. 경기 상태는 경기 종료입니다. 최종 스코어는 KT 1 - LG 9로 LG가 승리했습니다.,2026-08-18,19:00,JAMSIL,잠실,KT,LG,1,9,END,REGULAR,THIRD_PARTY_API,CONFIRMED
schedule_bd74f7e0d347d3a3,https://gw.tving.com/bff/sports/v2/kbo/schedule?date=20260819&screenCode=CSSD0100&osCode=CSOD0900,KIA한화,schedule,2026-09-07 13:48:22,2026 시즌 KBO 경기 일정입니다. 2026-08-19 19:00에 대전구장에서 KIA 원정팀과 한화 홈팀이 경기를 진행합니다. 경기 상태는 경기 종료입니다. 최종 스코어는 KIA 6 - 한화 3로 KIA가 승리했습니다.,2026-08-19,19:00,DAEJEON,대전,KIA,HANWHA,6,3,END,REGULAR,THIRD_PARTY_API,CONFIRMED
schedule_02c1df66138d5c3d,https://gw.tving.com/bff/sports/v2/kbo/schedule?date=20260819&screenCode=CSSD0100&osCode=CSOD0900,키움롯데,schedule,2026-09-07 13:48:22,2026 시즌 KBO 경기 일정입니다. 2026-08-19 19:00에 사직구장에서 키움 원정팀과 롯데 홈팀이 경기를 진행합니다. 경기 상태는 경기 종료입니다. 최종 스코어는 키움 4 - 롯데 5로 롯데가 승리했습니다.,2026-08-19,19:00,SAJIK,사직,KIWOOM,LOTTE,4,5,END,REGULAR,THIRD_PARTY_API,CONFIRMED
schedule_88a2df8e68969dd7,https://gw.tving.com/bff/sports/v2/kbo/schedule?date=20260819&screenCode=CSSD0100&osCode=CSOD0900,SSG삼성,schedule,2026-09-07 13:48:22,2026 시즌 KBO 경기 일정입니다. 2026-08-19 19:00에 대구구장에서 SSG 원정팀과 삼성 홈팀이 경기를 진행합니다. 경기 상태는 경기 종료입니다. 최종 스코어는 SSG 4 - 삼성 18로 삼성이 승리했습니다.,2026-08-19,19:00,DAEGU,대구,SSG,SAMSUNG,4,18,END,REGULAR,THIRD_PARTY_API,CONFIRMED
schedule_6f5fdc4ed085271d,https://gw.tving.com/bff/sports/v2/kbo/schedule?date=20260819&screenCode=CSSD0100&osCode=CSOD0900,두산NC,schedule,2026-09-07 13:48:22,2026 시즌 KBO 경기 일정입니다. 2026-08-19 19:00에 창원구장에서 두산 원정팀과 NC 홈팀이 경기를 진행합니다. 경기 상태는 경기 종료입니다. 최종 스코어는 두산 8 - NC 2로 두산이 승리했습니다.,2026-08-19,19:00,CHANGWON,창원,DOOSAN,NC,8,2,END,REGULAR,THIRD_PARTY_API,CONFIRMED
schedule_229e32b30f8a9196,https://gw.tving.com/bff/sports/v2/kbo/schedule?date=20260819&screenCode=CSSD0100&osCode=CSOD0900,KTLG,schedule,2026-09-07 13:48:22,2026 시즌 KBO 경기 일정입니다. 2026-08-19 19:00에 잠실구장에서 KT 원정팀과 LG 홈팀이 경기를 진행합니다. 경기 상태는 경기 종료입니다. 최종 스코어는 KT 0 - LG 1로 LG가 승리했습니다.,2026-08-19,19:00,JAMSIL,잠실,KT,LG,0,1,END,REGULAR,THIRD_PARTY_API,CONFIRMED
schedule_108232a21d47d9cf,https://gw.tving.com/bff/sports/v2/kbo/schedule?date=20260820&screenCode=CSSD0100&osCode=CSOD0900,키움롯데,schedule,2026-09-07 13:48:22,2026 시즌 KBO 경기 일정입니다. 2026-08-20 19:00에 사직구장에서 키움 원정팀과 롯데 홈팀이 경기를 진행합니다. 경기 상태는 경기 종료입니다. 최종 스코어는 키움 1 - 롯데 7로 롯데가 승리했습니다.,2026-08-20,19:00,SAJIK,사직,KIWOOM,LOTTE,1,7,END,REGULAR,THIRD_PARTY_API,CONFIRMED
schedule_55624098519600f6,https://gw.tving.com/bff/sports/v2/kbo/schedule?date=20260820&screenCode=CSSD0100&osCode=CSOD0900,KIA한화,schedule,2026-09-07 13:48:22,2026 시즌 KBO 경기 일정입니다. 2026-08-20 19:00에 대전구장에서 KIA 원정팀과 한화 홈팀이 경기를 진행합니다. 경기 상태는 경기 종료입니다. 최종 스코어는 KIA 10 - 한화 6로 KIA가 승리했습니다.,2026-08-20,19:00,DAEJEON,대전,KIA,HANWHA,10,6,END,REGULAR,THIRD_PARTY_API,CONFIRMED
schedule_ae5d834cc975992b,https://gw.tving.com/bff/sports/v2/kbo/schedule?date=20260820&screenCode=CSSD0100&osCode=CSOD0900,SSG삼성,schedule,2026-09-07 13:48:22,2026 시즌 KBO 경기 일정입니다. 2026-08-20 19:00에 대구구장에서 SSG 원정팀과 삼성 홈팀이 경기를 진행합니다. 경기 상태는 경기 종료입니다. 최종 스코어는 SSG 6 - 삼성 4로 SSG가 승리했습니다.,2026-08-20,19:00,DAEGU,대구,SSG,SAMSUNG,6,4,END,REGULAR,THIRD_PARTY_API,CONFIRMED
schedule_b4ff12f46511f832,https://gw.tving.com/bff/sports/v2/kbo/schedule?date=20260820&screenCode=CSSD0100&osCode=CSOD0900,두산NC,schedule,2026-09-07 13:48:22,2026 시즌 KBO 경기 일정입니다. 2026-08-20 19:00에 창원구장에서 두산 원정팀과 NC 홈팀이 경기를 진행합니다. 경기 상태는 경기 종료입니다. 최종 스코어는 두산 4 - NC 5로 NC가 승리했습니다.,2026-08-20,19:00,CHANGWON,창원,DOOSAN,NC,4,5,END,REGULAR,THIRD_PARTY_API,CONFIRMED
schedule_d59d55ebbf9fc9e6,https://gw.tving.com/bff/sports/v2/kbo/schedule?date=20260820&screenCode=CSSD0100&osCode=CSOD0900,KTLG,schedule,2026-09-07 13:48:22,2026 시즌 KBO 경기 일정입니다. 2026-08-20 19:00에 잠실구장에서 KT 원정팀과 LG 홈팀이 경기를 진행합니다. 경기 상태는 경기 종료입니다. 최종 스코어는 KT 16 - LG 4로 KT가 승리했습니다.,2026-08-20,19:00,JAMSIL,잠실,KT,LG,16,4,END,REGULAR,THIRD_PARTY_API,CONFIRMED
schedule_d8e098d72b2cf2a8,https://gw.tving.com/bff/sports/v2/kbo/schedule?date=20260821&screenCode=CSSD0100&osCode=CSOD0900,LG한화,schedule,2026-09-07 13:48:22,2026 시즌 KBO 경기 일정입니다. 2026-08-21 19:00에 대전구장에서 LG 원정팀과 한화 홈팀이 경기를 진행합니다. 경기 상태는 경기 종료입니다. 최종 스코어는 LG 11 - 한화 15로 한화가 승리했습니다.,2026-08-21,19:00,DAEJEON,대전,LG,HANWHA,11,15,END,REGULAR,THIRD_PARTY_API,CONFIRMED
schedule_205918bfd8587619,https://gw.tving.com/bff/sports/v2/kbo/schedule?date=20260821&screenCode=CSSD0100&osCode=CSOD0900,KIA키움,schedule,2026-09-07 13:48:22,2026 시즌 KBO 경기 일정입니다. 2026-08-21 19:00에 고척구장에서 KIA 원정팀과 키움 홈팀이 경기를 진행합니다. 경기 상태는 경기 종료입니다. 최종 스코어는 KIA 11 - 키움 1로 KIA가 승리했습니다.,2026-08-21,19:00,GOCHEOK,고척,KIA,KIWOOM,11,1,END,REGULAR,THIRD_PARTY_API,CONFIRMED
schedule_0424cf7d711aaa68,https://gw.tving.com/bff/sports/v2/kbo/schedule?date=20260821&screenCode=CSSD0100&osCode=CSOD0900,삼성NC,schedule,2026-09-07 13:48:22,2026 시즌 KBO 경기 일정입니다. 2026-08-21 19:00에 창원구장에서 삼성 원정팀과 NC 홈팀이 경기를 진행합니다. 경기 상태는 경기 종료입니다. 최종 스코어는 삼성 2 - NC 3로 NC가 승리했습니다.,2026-08-21,19:00,CHANGWON,창원,SAMSUNG,NC,2,3,END,REGULAR,THIRD_PARTY_API,CONFIRMED
schedule_9a14573fdda0557c,https://gw.tving.com/bff/sports/v2/kbo/schedule?date=20260821&screenCode=CSSD0100&osCode=CSOD0900,롯데두산,schedule,2026-09-07 13:48:22,2026 시즌 KBO 경기 일정입니다. 2026-08-21 19:00에 잠실구장에서 롯데 원정팀과 두산 홈팀이 경기를 진행합니다. 경기 상태는 경기 종료입니다. 최종 스코어는 롯데 11 - 두산 4로 롯데가 승리했습니다.,2026-08-21,19:00,JAMSIL,잠실,LOTTE,DOOSAN,11,4,END,REGULAR,THIRD_PARTY_API,CONFIRMED
schedule_584803ae1cdf1bd0,https://gw.tving.com/bff/sports/v2/kbo/schedule?date=20260821&screenCode=CSSD0100&osCode=CSOD0900,KTSSG,schedule,2026-09-07 13:48:22,2026 시즌 KBO 경기 일정입니다. 2026-08-21 19:00에 문학구장에서 KT 원정팀과 SSG 홈팀이 경기를 진행합니다. 경기 상태는 경기 종료입니다. 최종 스코어는 KT 3 - SSG 3로 무승부로 종료됐습니다.,2026-08-21,19:00,MUNHAK,문학,KT,SSG,3,3,END,REGULAR,THIRD_PARTY_API,CONFIRMED
schedule_1a574d1a57688eff,https://gw.tving.com/bff/sports/v2/kbo/schedule?date=20260822&screenCode=CSSD0100&osCode=CSOD0900,KIA키움,schedule,2026-09-07 13:48:22,2026 시즌 KBO 경기 일정입니다. 2026-08-22 18:00에 고척구장에서 KIA 원정팀과 키움 홈팀이 경기를 진행합니다. 경기 상태는 경기 종료입니다. 최종 스코어는 KIA 1 - 키움 3로 키움이 승리했습니다.,2026-08-22,18:00,GOCHEOK,고척,KIA,KIWOOM,1,3,END,REGULAR,THIRD_PARTY_API,CONFIRMED
schedule_f8cabef49c7f4441,https://gw.tving.com/bff/sports/v2/kbo/schedule?date=20260822&screenCode=CSSD0100&osCode=CSOD0900,LG한화,schedule,2026-09-07 13:48:22,2026 시즌 KBO 경기 일정입니다. 2026-08-22 19:00에 대전구장에서 LG 원정팀과 한화 홈팀의 경기가 예정되어 있었으나 취소되었습니다.,2026-08-22,19:00,DAEJEON,대전,LG,HANWHA,,,CANCEL,REGULAR,THIRD_PARTY_API,CONFIRMED
schedule_09bbf40002016444,https://gw.tving.com/bff/sports/v2/kbo/schedule?date=20260822&screenCode=CSSD0100&osCode=CSOD0900,롯데두산,schedule,2026-09-07 13:48:22,2026 시즌 KBO 경기 일정입니다. 2026-08-22 19:00에 잠실구장에서 롯데 원정팀과 두산 홈팀의 경기가 예정되어 있었으나 취소되었습니다.,2026-08-22,19:00,JAMSIL,잠실,LOTTE,DOOSAN,,,CANCEL,REGULAR,THIRD_PARTY_API,CONFIRMED
schedule_683448b859095fe5,https://gw.tving.com/bff/sports/v2/kbo/schedule?date=20260822&screenCode=CSSD0100&osCode=CSOD0900,KTSSG,schedule,2026-09-07 13:48:22,2026 시즌 KBO 경기 일정입니다. 2026-08-22 19:00에 문학구장에서 KT 원정팀과 SSG 홈팀의 경기가 예정되어 있었으나 취소되었습니다.,2026-08-22,19:00,MUNHAK,문학,KT,SSG,,,CANCEL,REGULAR,THIRD_PARTY_API,CONFIRMED
schedule_13ce798afb6fc37a,https://gw.tving.com/bff/sports/v2/kbo/schedule?date=20260822&screenCode=CSSD0100&osCode=CSOD0900,삼성NC,schedule,2026-09-07 13:48:22,2026 시즌 KBO 경기 일정입니다. 2026-08-22 19:00에 창원구장에서 삼성 원정팀과 NC 홈팀이 경기를 진행합니다. 경기 상태는 경기 종료입니다. 최종 스코어는 삼성 8 - NC 6로 삼성이 승리했습니다.,2026-08-22,19:00,CHANGWON,창원,SAMSUNG,NC,8,6,END,REGULAR,THIRD_PARTY_API,CONFIRMED
schedule_a55ea8650d6e8940,https://gw.tving.com/bff/sports/v2/kbo/schedule?date=20260823&screenCode=CSSD0100&osCode=CSOD0900,KIA키움,schedule,2026-09-07 13:48:22,2026 시즌 KBO 경기 일정입니다. 2026-08-23 14:00에 고척구장에서 KIA 원정팀과 키움 홈팀이 경기를 진행합니다. 경기 상태는 경기 종료입니다. 최종 스코어는 KIA 7 - 키움 8로 키움이 승리했습니다.,2026-08-23,14:00,GOCHEOK,고척,KIA,KIWOOM,7,8,END,REGULAR,THIRD_PARTY_API,CONFIRMED
schedule_1047e031e62ae9bb,https://gw.tving.com/bff/sports/v2/kbo/schedule?date=20260823&screenCode=CSSD0100&osCode=CSOD0900,삼성NC,schedule,2026-09-07 13:48:22,2026 시즌 KBO 경기 일정입니다. 2026-08-23 19:00에 창원구장에서 삼성 원정팀과 NC 홈팀이 경기를 진행합니다. 경기 상태는 경기 종료입니다. 최종 스코어는 삼성 2 - NC 1로 삼성이 승리했습니다.,2026-08-23,19:00,CHANGWON,창원,SAMSUNG,NC,2,1,END,REGULAR,THIRD_PARTY_API,CONFIRMED
schedule_cd0ba85bec14665e,https://gw.tving.com/bff/sports/v2/kbo/schedule?date=20260823&screenCode=CSSD0100&osCode=CSOD0900,LG한화,schedule,2026-09-07 13:48:22,2026 시즌 KBO 경기 일정입니다. 2026-08-23 19:00에 대전구장에서 LG 원정팀과 한화 홈팀이 경기를 진행합니다. 경기 상태는 경기 종료입니다. 최종 스코어는 LG 12 - 한화 3로 LG가 승리했습니다.,2026-08-23,19:00,DAEJEON,대전,LG,HANWHA,12,3,END,REGULAR,THIRD_PARTY_API,CONFIRMED
schedule_411e741f4f3733d4,https://gw.tving.com/bff/sports/v2/kbo/schedule?date=20260823&screenCode=CSSD0100&osCode=CSOD0900,롯데두산,schedule,2026-09-07 13:48:22,2026 시즌 KBO 경기 일정입니다. 2026-08-23 19:00에 잠실구장에서 롯데 원정팀과 두산 홈팀이 경기를 진행합니다. 경기 상태는 경기 종료입니다. 최종 스코어는 롯데 1 - 두산 3로 두산이 승리했습니다.,2026-08-23,19:00,JAMSIL,잠실,LOTTE,DOOSAN,1,3,END,REGULAR,THIRD_PARTY_API,CONFIRMED
schedule_a3be4a3d68cab8d1,https://gw.tving.com/bff/sports/v2/kbo/schedule?date=20260823&screenCode=CSSD0100&osCode=CSOD0900,KTSSG,schedule,2026-09-07 13:48:22,2026 시즌 KBO 경기 일정입니다. 2026-08-23 19:00에 문학구장에서 KT 원정팀과 SSG 홈팀이 경기를 진행합니다. 경기 상태는 경기 종료입니다. 최종 스코어는 KT 3 - SSG 1로 KT가 승리했습니다.,2026-08-23,19:00,MUNHAK,문학,KT,SSG,3,1,END,REGULAR,THIRD_PARTY_API,CONFIRMED
schedule_439fd080d0cc17a5,https://gw.tving.com/bff/sports/v2/kbo/schedule?date=20260825&screenCode=CSSD0100&osCode=CSOD0900,롯데KIA,schedule,2026-09-07 13:48:22,2026 시즌 KBO 경기 일정입니다. 2026-08-25 18:30에 광주구장에서 롯데 원정팀과 KIA 홈팀이 경기를 진행합니다. 경기 상태는 경기 종료입니다. 최종 스코어는 롯데 5 - KIA 8로 KIA가 승리했습니다.,2026-08-25,18:30,GWANGJU,광주,LOTTE,KIA,5,8,END,REGULAR,THIRD_PARTY_API,CONFIRMED
schedule_884828b28bbbadf7,https://gw.tving.com/bff/sports/v2/kbo/schedule?date=20260825&screenCode=CSSD0100&osCode=CSOD0900,삼성키움,schedule,2026-09-07 13:48:22,2026 시즌 KBO 경기 일정입니다. 2026-08-25 18:30에 고척구장에서 삼성 원정팀과 키움 홈팀이 경기를 진행합니다. 경기 상태는 경기 종료입니다. 최종 스코어는 삼성 3 - 키움 3로 무승부로 종료됐습니다.,2026-08-25,18:30,GOCHEOK,고척,SAMSUNG,KIWOOM,3,3,END,REGULAR,THIRD_PARTY_API,CONFIRMED
schedule_941eed110357523f,https://gw.tving.com/bff/sports/v2/kbo/schedule?date=20260825&screenCode=CSSD0100&osCode=CSOD0900,두산KT,schedule,2026-09-07 13:48:22,2026 시즌 KBO 경기 일정입니다. 2026-08-25 18:30에 수원구장에서 두산 원정팀과 KT 홈팀이 경기를 진행합니다. 경기 상태는 경기 종료입니다. 최종 스코어는 두산 3 - KT 1로 두산이 승리했습니다.,2026-08-25,18:30,SUWON,수원,DOOSAN,KT,3,1,END,REGULAR,THIRD_PARTY_API,CONFIRMED
schedule_a6ccf19ec798be30,https://gw.tving.com/bff/sports/v2/kbo/schedule?date=20260825&screenCode=CSSD0100&osCode=CSOD0900,한화SSG,schedule,2026-09-07 13:48:22,2026 시즌 KBO 경기 일정입니다. 2026-08-25 18:30에 문학구장에서 한화 원정팀과 SSG 홈팀이 경기를 진행합니다. 경기 상태는 경기 종료입니다. 최종 스코어는 한화 1 - SSG 7로 SSG가 승리했습니다.,2026-08-25,18:30,MUNHAK,문학,HANWHA,SSG,1,7,END,REGULAR,THIRD_PARTY_API,CONFIRMED
schedule_39a9d1137fc4570c,https://gw.tving.com/bff/sports/v2/kbo/schedule?date=20260825&screenCode=CSSD0100&osCode=CSOD0900,NCLG,schedule,2026-09-07 13:48:22,2026 시즌 KBO 경기 일정입니다. 2026-08-25 18:30에 잠실구장에서 NC 원정팀과 LG 홈팀이 경기를 진행합니다. 경기 상태는 경기 종료입니다. 최종 스코어는 NC 4 - LG 5로 LG가 승리했습니다.,2026-08-25,18:30,JAMSIL,잠실,NC,LG,4,5,END,REGULAR,THIRD_PARTY_API,CONFIRMED
schedule_f8b477c632088a67,https://gw.tving.com/bff/sports/v2/kbo/schedule?date=20260826&screenCode=CSSD0100&osCode=CSOD0900,삼성키움,schedule,2026-09-07 13:48:22,2026 시즌 KBO 경기 일정입니다. 2026-08-26 18:30에 고척구장에서 삼성 원정팀과 키움 홈팀이 경기를 진행합니다. 경기 상태는 경기 종료입니다. 최종 스코어는 삼성 12 - 키움 2로 삼성이 승리했습니다.,2026-08-26,18:30,GOCHEOK,고척,SAMSUNG,KIWOOM,12,2,END,REGULAR,THIRD_PARTY_API,CONFIRMED
schedule_01e7160197df9de4,https://gw.tving.com/bff/sports/v2/kbo/schedule?date=20260826&screenCode=CSSD0100&osCode=CSOD0900,NCLG,schedule,2026-09-07 13:48:22,2026 시즌 KBO 경기 일정입니다. 2026-08-26 18:30에 잠실구장에서 NC 원정팀과 LG 홈팀이 경기를 진행합니다. 경기 상태는 경기 종료입니다. 최종 스코어는 NC 0 - LG 8로 LG가 승리했습니다.,2026-08-26,18:30,JAMSIL,잠실,NC,LG,0,8,END,REGULAR,THIRD_PARTY_API,CONFIRMED
schedule_c213ab6a2cf6f427,https://gw.tving.com/bff/sports/v2/kbo/schedule?date=20260826&screenCode=CSSD0100&osCode=CSOD0900,롯데KIA,schedule,2026-09-07 13:48:22,2026 시즌 KBO 경기 일정입니다. 2026-08-26 18:30에 광주구장에서 롯데 원정팀과 KIA 홈팀이 경기를 진행합니다. 경기 상태는 경기 종료입니다. 최종 스코어는 롯데 11 - KIA 16로 KIA가 승리했습니다.,2026-08-26,18:30,GWANGJU,광주,LOTTE,KIA,11,16,END,REGULAR,THIRD_PARTY_API,CONFIRMED
schedule_f6a59600ab7710d3,https://gw.tving.com/bff/sports/v2/kbo/schedule?date=20260826&screenCode=CSSD0100&osCode=CSOD0900,한화SSG,schedule,2026-09-07 13:48:22,2026 시즌 KBO 경기 일정입니다. 2026-08-26 18:30에 문학구장에서 한화 원정팀과 SSG 홈팀이 경기를 진행합니다. 경기 상태는 경기 종료입니다. 최종 스코어는 한화 1 - SSG 6로 SSG가 승리했습니다.,2026-08-26,18:30,MUNHAK,문학,HANWHA,SSG,1,6,END,REGULAR,THIRD_PARTY_API,CONFIRMED
schedule_6e0b0f9bec4c15bc,https://gw.tving.com/bff/sports/v2/kbo/schedule?date=20260826&screenCode=CSSD0100&osCode=CSOD0900,두산KT,schedule,2026-09-07 13:48:22,2026 시즌 KBO 경기 일정입니다. 2026-08-26 18:30에 수원구장에서 두산 원정팀과 KT 홈팀이 경기를 진행합니다. 경기 상태는 경기 종료입니다. 최종 스코어는 두산 4 - KT 5로 KT가 승리했습니다.,2026-08-26,18:30,SUWON,수원,DOOSAN,KT,4,5,END,REGULAR,THIRD_PARTY_API,CONFIRMED
schedule_dc73e44461bc95a0,https://gw.tving.com/bff/sports/v2/kbo/schedule?date=20260827&screenCode=CSSD0100&osCode=CSOD0900,롯데KIA,schedule,2026-09-07 13:48:22,2026 시즌 KBO 경기 일정입니다. 2026-08-27 18:30에 광주구장에서 롯데 원정팀과 KIA 홈팀의 경기가 예정되어 있었으나 취소되었습니다.,2026-08-27,18:30,GWANGJU,광주,LOTTE,KIA,,,CANCEL,REGULAR,THIRD_PARTY_API,CONFIRMED
schedule_db901ebf508a2505,https://gw.tving.com/bff/sports/v2/kbo/schedule?date=20260827&screenCode=CSSD0100&osCode=CSOD0900,삼성키움,schedule,2026-09-07 13:48:22,2026 시즌 KBO 경기 일정입니다. 2026-08-27 18:30에 고척구장에서 삼성 원정팀과 키움 홈팀이 경기를 진행합니다. 경기 상태는 경기 종료입니다. 최종 스코어는 삼성 15 - 키움 2로 삼성이 승리했습니다.,2026-08-27,18:30,GOCHEOK,고척,SAMSUNG,KIWOOM,15,2,END,REGULAR,THIRD_PARTY_API,CONFIRMED
schedule_70b48983430d9e82,https://gw.tving.com/bff/sports/v2/kbo/schedule?date=20260827&screenCode=CSSD0100&osCode=CSOD0900,두산KT,schedule,2026-09-07 13:48:22,2026 시즌 KBO 경기 일정입니다. 2026-08-27 18:30에 수원구장에서 두산 원정팀과 KT 홈팀이 경기를 진행합니다. 경기 상태는 경기 종료입니다. 최종 스코어는 두산 4 - KT 5로 KT가 승리했습니다.,2026-08-27,18:30,SUWON,수원,DOOSAN,KT,4,5,END,REGULAR,THIRD_PARTY_API,CONFIRMED
schedule_700a5a22f685928e,https://gw.tving.com/bff/sports/v2/kbo/schedule?date=20260827&screenCode=CSSD0100&osCode=CSOD0900,한화SSG,schedule,2026-09-07 13:48:22,2026 시즌 KBO 경기 일정입니다. 2026-08-27 18:30에 문학구장에서 한화 원정팀과 SSG 홈팀이 경기를 진행합니다. 경기 상태는 경기 종료입니다. 최종 스코어는 한화 6 - SSG 13로 SSG가 승리했습니다.,2026-08-27,18:30,MUNHAK,문학,HANWHA,SSG,6,13,END,REGULAR,THIRD_PARTY_API,CONFIRMED
schedule_17ba57735c676ac2,https://gw.tving.com/bff/sports/v2/kbo/schedule?date=20260827&screenCode=CSSD0100&osCode=CSOD0900,NCLG,schedule,2026-09-07 13:48:22,2026 시즌 KBO 경기 일정입니다. 2026-08-27 18:30에 잠실구장에서 NC 원정팀과 LG 홈팀이 경기를 진행합니다. 경기 상태는 경기 종료입니다. 최종 스코어는 NC 13 - LG 3로 NC가 승리했습니다.,2026-08-27,18:30,JAMSIL,잠실,NC,LG,13,3,END,REGULAR,THIRD_PARTY_API,CONFIRMED
schedule_73a26b4d77852a74,https://gw.tving.com/bff/sports/v2/kbo/schedule?date=20260828&screenCode=CSSD0100&osCode=CSOD0900,KT삼성,schedule,2026-09-07 13:48:22,2026 시즌 KBO 경기 일정입니다. 2026-08-28 18:30에 대구구장에서 KT 원정팀과 삼성 홈팀의 경기가 예정되어 있었으나 취소되었습니다.,2026-08-28,18:30,DAEGU,대구,KT,SAMSUNG,,,CANCEL,REGULAR,THIRD_PARTY_API,CONFIRMED
schedule_533443865d4084aa,https://gw.tving.com/bff/sports/v2/kbo/schedule?date=20260828&screenCode=CSSD0100&osCode=CSOD0900,키움두산,schedule,2026-09-07 13:48:22,2026 시즌 KBO 경기 일정입니다. 2026-08-28 18:30에 잠실구장에서 키움 원정팀과 두산 홈팀의 경기가 예정되어 있었으나 취소되었습니다.,2026-08-28,18:30,JAMSIL,잠실,KIWOOM,DOOSAN,,,CANCEL,REGULAR,THIRD_PARTY_API,CONFIRMED
schedule_5306468599776c36,https://gw.tving.com/bff/sports/v2/kbo/schedule?date=20260828&screenCode=CSSD0100&osCode=CSOD0900,NC한화,schedule,2026-09-07 13:48:22,2026 시즌 KBO 경기 일정입니다. 2026-08-28 18:30에 대전구장에서 NC 원정팀과 한화 홈팀의 경기가 예정되어 있었으나 취소되었습니다.,2026-08-28,18:30,DAEJEON,대전,NC,HANWHA,,,CANCEL,REGULAR,THIRD_PARTY_API,CONFIRMED
schedule_54b9a6b3e7379c3e,https://gw.tving.com/bff/sports/v2/kbo/schedule?date=20260828&screenCode=CSSD0100&osCode=CSOD0900,SSGKIA,schedule,2026-09-07 13:48:22,2026 시즌 KBO 경기 일정입니다. 2026-08-28 18:30에 광주구장에서 SSG 원정팀과 KIA 홈팀의 경기가 예정되어 있었으나 취소되었습니다.,2026-08-28,18:30,GWANGJU,광주,SSG,KIA,,,CANCEL,REGULAR,THIRD_PARTY_API,CONFIRMED
schedule_e582dc0263d8c041,https://gw.tving.com/bff/sports/v2/kbo/schedule?date=20260828&screenCode=CSSD0100&osCode=CSOD0900,LG롯데,schedule,2026-09-07 13:48:22,2026 시즌 KBO 경기 일정입니다. 2026-08-28 18:30에 사직구장에서 LG 원정팀과 롯데 홈팀의 경기가 예정되어 있었으나 취소되었습니다.,2026-08-28,18:30,SAJIK,사직,LG,LOTTE,,,CANCEL,REGULAR,THIRD_PARTY_API,CONFIRMED
schedule_3a9a0cb5e876a425,https://gw.tving.com/bff/sports/v2/kbo/schedule?date=20260829&screenCode=CSSD0100&osCode=CSOD0900,키움두산,schedule,2026-09-07 13:48:22,2026 시즌 KBO 경기 일정입니다. 2026-08-29 18:00에 잠실구장에서 키움 원정팀과 두산 홈팀이 경기를 진행합니다. 경기 상태는 경기 종료입니다. 최종 스코어는 키움 2 - 두산 7로 두산이 승리했습니다.,2026-08-29,18:00,JAMSIL,잠실,KIWOOM,DOOSAN,2,7,END,REGULAR,THIRD_PARTY_API,CONFIRMED
schedule_511deb209546fea0,https://gw.tving.com/bff/sports/v2/kbo/schedule?date=20260829&screenCode=CSSD0100&osCode=CSOD0900,KT삼성,schedule,2026-09-07 13:48:22,2026 시즌 KBO 경기 일정입니다. 2026-08-29 18:00에 대구구장에서 KT 원정팀과 삼성 홈팀이 경기를 진행합니다. 경기 상태는 경기 종료입니다. 최종 스코어는 KT 2 - 삼성 4로 삼성이 승리했습니다.,2026-08-29,18:00,DAEGU,대구,KT,SAMSUNG,2,4,END,REGULAR,THIRD_PARTY_API,CONFIRMED
schedule_2b80ee852fbff15f,https://gw.tving.com/bff/sports/v2/kbo/schedule?date=20260829&screenCode=CSSD0100&osCode=CSOD0900,NC한화,schedule,2026-09-07 13:48:22,2026 시즌 KBO 경기 일정입니다. 2026-08-29 18:00에 대전구장에서 NC 원정팀과 한화 홈팀이 경기를 진행합니다. 경기 상태는 경기 종료입니다. 최종 스코어는 NC 11 - 한화 4로 NC가 승리했습니다.,2026-08-29,18:00,DAEJEON,대전,NC,HANWHA,11,4,END,REGULAR,THIRD_PARTY_API,CONFIRMED
schedule_65d2c974b6cfbb29,https://gw.tving.com/bff/sports/v2/kbo/schedule?date=20260829&screenCode=CSSD0100&osCode=CSOD0900,SSGKIA,schedule,2026-09-07 13:48:22,2026 시즌 KBO 경기 일정입니다. 2026-08-29 18:00에 광주구장에서 SSG 원정팀과 KIA 홈팀이 경기를 진행합니다. 경기 상태는 경기 종료입니다. 최종 스코어는 SSG 1 - KIA 2로 KIA가 승리했습니다.,2026-08-29,18:00,GWANGJU,광주,SSG,KIA,1,2,END,REGULAR,THIRD_PARTY_API,CONFIRMED
schedule_ab4f7fbde12fe4f5,https://gw.tving.com/bff/sports/v2/kbo/schedule?date=20260829&screenCode=CSSD0100&osCode=CSOD0900,LG롯데,schedule,2026-09-07 13:48:22,2026 시즌 KBO 경기 일정입니다. 2026-08-29 18:00에 사직구장에서 LG 원정팀과 롯데 홈팀이 경기를 진행합니다. 경기 상태는 경기 종료입니다. 최종 스코어는 LG 8 - 롯데 3로 LG가 승리했습니다.,2026-08-29,18:00,SAJIK,사직,LG,LOTTE,8,3,END,REGULAR,THIRD_PARTY_API,CONFIRMED
schedule_587ce97fafc18aae,https://gw.tving.com/bff/sports/v2/kbo/schedule?date=20260830&screenCode=CSSD0100&osCode=CSOD0900,LG롯데,schedule,2026-09-07 13:48:22,2026 시즌 KBO 경기 일정입니다. 2026-08-30 18:00에 사직구장에서 LG 원정팀과 롯데 홈팀의 경기가 예정되어 있었으나 취소되었습니다.,2026-08-30,18:00,SAJIK,사직,LG,LOTTE,,,CANCEL,REGULAR,THIRD_PARTY_API,CONFIRMED
schedule_94f31d7f8bac0dde,https://gw.tving.com/bff/sports/v2/kbo/schedule?date=20260830&screenCode=CSSD0100&osCode=CSOD0900,KT삼성,schedule,2026-09-07 13:48:22,2026 시즌 KBO 경기 일정입니다. 2026-08-30 18:00에 대구구장에서 KT 원정팀과 삼성 홈팀의 경기가 예정되어 있었으나 취소되었습니다.,2026-08-30,18:00,DAEGU,대구,KT,SAMSUNG,,,CANCEL,REGULAR,THIRD_PARTY_API,CONFIRMED
schedule_f9c395e348f567ca,https://gw.tving.com/bff/sports/v2/kbo/schedule?date=20260830&screenCode=CSSD0100&osCode=CSOD0900,SSGKIA,schedule,2026-09-07 13:48:22,2026 시즌 KBO 경기 일정입니다. 2026-08-30 18:00에 광주구장에서 SSG 원정팀과 KIA 홈팀의 경기가 예정되어 있었으나 취소되었습니다.,2026-08-30,18:00,GWANGJU,광주,SSG,KIA,,,CANCEL,REGULAR,THIRD_PARTY_API,CONFIRMED
schedule_63cbb0263454b48b,https://gw.tving.com/bff/sports/v2/kbo/schedule?date=20260830&screenCode=CSSD0100&osCode=CSOD0900,NC한화,schedule,2026-09-07 13:48:22,2026 시즌 KBO 경기 일정입니다. 2026-08-30 18:00에 대전구장에서 NC 원정팀과 한화 홈팀이 경기를 진행합니다. 경기 상태는 경기 종료입니다. 최종 스코어는 NC 10 - 한화 7로 NC가 승리했습니다.,2026-08-30,18:00,DAEJEON,대전,NC,HANWHA,10,7,END,REGULAR,THIRD_PARTY_API,CONFIRMED
schedule_e0954906bc48e14a,https://gw.tving.com/bff/sports/v2/kbo/schedule?date=20260830&screenCode=CSSD0100&osCode=CSOD0900,키움두산,schedule,2026-09-07 13:48:22,2026 시즌 KBO 경기 일정입니다. 2026-08-30 18:00에 잠실구장에서 키움 원정팀과 두산 홈팀이 경기를 진행합니다. 경기 상태는 경기 종료입니다. 최종 스코어는 키움 1 - 두산 15로 두산이 승리했습니다.,2026-08-30,18:00,JAMSIL,잠실,KIWOOM,DOOSAN,1,15,END,REGULAR,THIRD_PARTY_API,CONFIRMED
schedule_a1f6ad1256e0a11c,https://gw.tving.com/bff/sports/v2/kbo/schedule?date=20260901&screenCode=CSSD0100&osCode=CSOD0900,롯데삼성,schedule,2026-09-07 13:48:22,2026 시즌 KBO 경기 일정입니다. 2026-09-01 18:30에 대구구장에서 롯데 원정팀과 삼성 홈팀이 경기를 진행합니다. 경기 상태는 경기 종료입니다. 최종 스코어는 롯데 0 - 삼성 3로 삼성이 승리했습니다.,2026-09-01,18:30,DAEGU,대구,LOTTE,SAMSUNG,0,3,END,REGULAR,THIRD_PARTY_API,CONFIRMED
schedule_d143b9681ad1556d,https://gw.tving.com/bff/sports/v2/kbo/schedule?date=20260901&screenCode=CSSD0100&osCode=CSOD0900,KIANC,schedule,2026-09-07 13:48:22,2026 시즌 KBO 경기 일정입니다. 2026-09-01 18:30에 창원구장에서 KIA 원정팀과 NC 홈팀이 경기를 진행합니다. 경기 상태는 경기 종료입니다. 최종 스코어는 KIA 2 - NC 7로 NC가 승리했습니다.,2026-09-01,18:30,CHANGWON,창원,KIA,NC,2,7,END,REGULAR,THIRD_PARTY_API,CONFIRMED
schedule_79926b9953b7878f,https://gw.tving.com/bff/sports/v2/kbo/schedule?date=20260901&screenCode=CSSD0100&osCode=CSOD0900,한화KT,schedule,2026-09-07 13:48:22,2026 시즌 KBO 경기 일정입니다. 2026-09-01 18:30에 수원구장에서 한화 원정팀과 KT 홈팀이 경기를 진행합니다. 경기 상태는 경기 종료입니다. 최종 스코어는 한화 1 - KT 6로 KT가 승리했습니다.,2026-09-01,18:30,SUWON,수원,HANWHA,KT,1,6,END,REGULAR,THIRD_PARTY_API,CONFIRMED
schedule_bcced4829df4a5d6,https://gw.tving.com/bff/sports/v2/kbo/schedule?date=20260901&screenCode=CSSD0100&osCode=CSOD0900,SSG키움,schedule,2026-09-07 13:48:22,2026 시즌 KBO 경기 일정입니다. 2026-09-01 18:30에 고척구장에서 SSG 원정팀과 키움 홈팀이 경기를 진행합니다. 경기 상태는 경기 종료입니다. 최종 스코어는 SSG 4 - 키움 0로 SSG가 승리했습니다.,2026-09-01,18:30,GOCHEOK,고척,SSG,KIWOOM,4,0,END,REGULAR,THIRD_PARTY_API,CONFIRMED
schedule_ec96b960608d6551,https://gw.tving.com/bff/sports/v2/kbo/schedule?date=20260901&screenCode=CSSD0100&osCode=CSOD0900,LG두산,schedule,2026-09-07 13:48:22,2026 시즌 KBO 경기 일정입니다. 2026-09-01 18:30에 잠실구장에서 LG 원정팀과 두산 홈팀이 경기를 진행합니다. 경기 상태는 경기 종료입니다. 최종 스코어는 LG 3 - 두산 1로 LG가 승리했습니다.,2026-09-01,18:30,JAMSIL,잠실,LG,DOOSAN,3,1,END,REGULAR,THIRD_PARTY_API,CONFIRMED
schedule_fd91970a64ef8956,https://gw.tving.com/bff/sports/v2/kbo/schedule?date=20260902&screenCode=CSSD0100&osCode=CSOD0900,KIANC,schedule,2026-09-07 13:48:22,2026 시즌 KBO 경기 일정입니다. 2026-09-02 18:30에 창원구장에서 KIA 원정팀과 NC 홈팀이 경기를 진행합니다. 경기 상태는 경기 종료입니다. 최종 스코어는 KIA 2 - NC 3로 NC가 승리했습니다.,2026-09-02,18:30,CHANGWON,창원,KIA,NC,2,3,END,REGULAR,THIRD_PARTY_API,CONFIRMED
schedule_fab5dd5d033c94de,https://gw.tving.com/bff/sports/v2/kbo/schedule?date=20260902&screenCode=CSSD0100&osCode=CSOD0900,LG두산,schedule,2026-09-07 13:48:22,2026 시즌 KBO 경기 일정입니다. 2026-09-02 18:30에 잠실구장에서 LG 원정팀과 두산 홈팀이 경기를 진행합니다. 경기 상태는 경기 종료입니다. 최종 스코어는 LG 5 - 두산 1로 LG가 승리했습니다.,2026-09-02,18:30,JAMSIL,잠실,LG,DOOSAN,5,1,END,REGULAR,THIRD_PARTY_API,CONFIRMED
schedule_3565285707c25c51,https://gw.tving.com/bff/sports/v2/kbo/schedule?date=20260902&screenCode=CSSD0100&osCode=CSOD0900,한화KT,schedule,2026-09-07 13:48:22,2026 시즌 KBO 경기 일정입니다. 2026-09-02 18:30에 수원구장에서 한화 원정팀과 KT 홈팀이 경기를 진행합니다. 경기 상태는 경기 종료입니다. 최종 스코어는 한화 6 - KT 9로 KT가 승리했습니다.,2026-09-02,18:30,SUWON,수원,HANWHA,KT,6,9,END,REGULAR,THIRD_PARTY_API,CONFIRMED
schedule_8911965cefae3e8e,https://gw.tving.com/bff/sports/v2/kbo/schedule?date=20260902&screenCode=CSSD0100&osCode=CSOD0900,SSG키움,schedule,2026-09-07 13:48:22,2026 시즌 KBO 경기 일정입니다. 2026-09-02 18:30에 고척구장에서 SSG 원정팀과 키움 홈팀이 경기를 진행합니다. 경기 상태는 경기 종료입니다. 최종 스코어는 SSG 9 - 키움 6로 SSG가 승리했습니다.,2026-09-02,18:30,GOCHEOK,고척,SSG,KIWOOM,9,6,END,REGULAR,THIRD_PARTY_API,CONFIRMED
schedule_b0e7e3f7e4d073d5,https://gw.tving.com/bff/sports/v2/kbo/schedule?date=20260902&screenCode=CSSD0100&osCode=CSOD0900,롯데삼성,schedule,2026-09-07 13:48:22,2026 시즌 KBO 경기 일정입니다. 2026-09-02 18:30에 대구구장에서 롯데 원정팀과 삼성 홈팀이 경기를 진행합니다. 경기 상태는 경기 종료입니다. 최종 스코어는 롯데 5 - 삼성 8로 삼성이 승리했습니다.,2026-09-02,18:30,DAEGU,대구,LOTTE,SAMSUNG,5,8,END,REGULAR,THIRD_PARTY_API,CONFIRMED
schedule_9e8bc2a130f94bb3,https://gw.tving.com/bff/sports/v2/kbo/schedule?date=20260903&screenCode=CSSD0100&osCode=CSOD0900,KIANC,schedule,2026-09-07 13:48:22,2026 시즌 KBO 경기 일정입니다. 2026-09-03 18:30에 창원구장에서 KIA 원정팀과 NC 홈팀의 경기가 예정되어 있었으나 취소되었습니다.,2026-09-03,18:30,CHANGWON,창원,KIA,NC,,,CANCEL,REGULAR,THIRD_PARTY_API,CONFIRMED
schedule_b4d5a821885093a4,https://gw.tving.com/bff/sports/v2/kbo/schedule?date=20260903&screenCode=CSSD0100&osCode=CSOD0900,한화KT,schedule,2026-09-07 13:48:22,2026 시즌 KBO 경기 일정입니다. 2026-09-03 18:30에 수원구장에서 한화 원정팀과 KT 홈팀이 경기를 진행합니다. 경기 상태는 경기 종료입니다. 최종 스코어는 한화 11 - KT 13로 KT가 승리했습니다.,2026-09-03,18:30,SUWON,수원,HANWHA,KT,11,13,END,REGULAR,THIRD_PARTY_API,CONFIRMED
schedule_d80ce49a756ba4a7,https://gw.tving.com/bff/sports/v2/kbo/schedule?date=20260903&screenCode=CSSD0100&osCode=CSOD0900,SSG키움,schedule,2026-09-07 13:48:22,2026 시즌 KBO 경기 일정입니다. 2026-09-03 18:30에 고척구장에서 SSG 원정팀과 키움 홈팀이 경기를 진행합니다. 경기 상태는 경기 종료입니다. 최종 스코어는 SSG 2 - 키움 3로 키움이 승리했습니다.,2026-09-03,18:30,GOCHEOK,고척,SSG,KIWOOM,2,3,END,REGULAR,THIRD_PARTY_API,CONFIRMED
schedule_db4429a66e4a526d,https://gw.tving.com/bff/sports/v2/kbo/schedule?date=20260903&screenCode=CSSD0100&osCode=CSOD0900,롯데삼성,schedule,2026-09-07 13:48:22,2026 시즌 KBO 경기 일정입니다. 2026-09-03 18:30에 대구구장에서 롯데 원정팀과 삼성 홈팀이 경기를 진행합니다. 경기 상태는 경기 종료입니다. 최종 스코어는 롯데 3 - 삼성 2로 롯데가 승리했습니다.,2026-09-03,18:30,DAEGU,대구,LOTTE,SAMSUNG,3,2,END,REGULAR,THIRD_PARTY_API,CONFIRMED
schedule_27e164c3a1e72bb3,https://gw.tving.com/bff/sports/v2/kbo/schedule?date=20260903&screenCode=CSSD0100&osCode=CSOD0900,LG두산,schedule,2026-09-07 13:48:22,2026 시즌 KBO 경기 일정입니다. 2026-09-03 18:30에 잠실구장에서 LG 원정팀과 두산 홈팀이 경기를 진행합니다. 경기 상태는 경기 종료입니다. 최종 스코어는 LG 1 - 두산 0로 LG가 승리했습니다.,2026-09-03,18:30,JAMSIL,잠실,LG,DOOSAN,1,0,END,REGULAR,THIRD_PARTY_API,CONFIRMED
schedule_7374478c37c45432,https://gw.tving.com/bff/sports/v2/kbo/schedule?date=20260904&screenCode=CSSD0100&osCode=CSOD0900,한화롯데,schedule,2026-09-07 13:48:22,2026 시즌 KBO 경기 일정입니다. 2026-09-04 18:30에 사직구장에서 한화 원정팀과 롯데 홈팀이 경기를 진행합니다. 경기 상태는 경기 종료입니다. 최종 스코어는 한화 14 - 롯데 4로 한화가 승리했습니다.,2026-09-04,18:30,SAJIK,사직,HANWHA,LOTTE,14,4,END,REGULAR,THIRD_PARTY_API,CONFIRMED
schedule_b1d37c96c37d14c3,https://gw.tving.com/bff/sports/v2/kbo/schedule?date=20260904&screenCode=CSSD0100&osCode=CSOD0900,NC키움,schedule,2026-09-07 13:48:22,2026 시즌 KBO 경기 일정입니다. 2026-09-04 18:30에 고척구장에서 NC 원정팀과 키움 홈팀이 경기를 진행합니다. 경기 상태는 경기 종료입니다. 최종 스코어는 NC 6 - 키움 1로 NC가 승리했습니다.,2026-09-04,18:30,GOCHEOK,고척,NC,KIWOOM,6,1,END,REGULAR,THIRD_PARTY_API,CONFIRMED
schedule_458ca7502cfc564e,https://gw.tving.com/bff/sports/v2/kbo/schedule?date=20260904&screenCode=CSSD0100&osCode=CSOD0900,KTKIA,schedule,2026-09-07 13:48:22,2026 시즌 KBO 경기 일정입니다. 2026-09-04 18:30에 광주구장에서 KT 원정팀과 KIA 홈팀이 경기를 진행합니다. 경기 상태는 경기 종료입니다. 최종 스코어는 KT 3 - KIA 4로 KIA가 승리했습니다.,2026-09-04,18:30,GWANGJU,광주,KT,KIA,3,4,END,REGULAR,THIRD_PARTY_API,CONFIRMED
schedule_f03f2b3451901cbb,https://gw.tving.com/bff/sports/v2/kbo/schedule?date=20260904&screenCode=CSSD0100&osCode=CSOD0900,두산SSG,schedule,2026-09-07 13:48:22,2026 시즌 KBO 경기 일정입니다. 2026-09-04 18:30에 문학구장에서 두산 원정팀과 SSG 홈팀이 경기를 진행합니다. 경기 상태는 경기 종료입니다. 최종 스코어는 두산 0 - SSG 4로 SSG가 승리했습니다.,2026-09-04,18:30,MUNHAK,문학,DOOSAN,SSG,0,4,END,REGULAR,THIRD_PARTY_API,CONFIRMED
schedule_22c6c6c8f09e8938,https://gw.tving.com/bff/sports/v2/kbo/schedule?date=20260904&screenCode=CSSD0100&osCode=CSOD0900,삼성LG,schedule,2026-09-07 13:48:22,2026 시즌 KBO 경기 일정입니다. 2026-09-04 18:30에 잠실구장에서 삼성 원정팀과 LG 홈팀이 경기를 진행합니다. 경기 상태는 경기 종료입니다. 최종 스코어는 삼성 3 - LG 4로 LG가 승리했습니다.,2026-09-04,18:30,JAMSIL,잠실,SAMSUNG,LG,3,4,END,REGULAR,THIRD_PARTY_API,CONFIRMED
schedule_3f72ed74ae961dec,https://gw.tving.com/bff/sports/v2/kbo/schedule?date=20260905&screenCode=CSSD0100&osCode=CSOD0900,KTKIA,schedule,2026-09-07 13:48:22,2026 시즌 KBO 경기 일정입니다. 2026-09-05 17:00에 광주구장에서 KT 원정팀과 KIA 홈팀이 경기를 진행합니다. 경기 상태는 경기 종료입니다. 최종 스코어는 KT 3 - KIA 6로 KIA가 승리했습니다.,2026-09-05,17:00,GWANGJU,광주,KT,KIA,3,6,END,REGULAR,THIRD_PARTY_API,CONFIRMED
schedule_932dbe827d1ea3f0,https://gw.tving.com/bff/sports/v2/kbo/schedule?date=20260905&screenCode=CSSD0100&osCode=CSOD0900,한화롯데,schedule,2026-09-07 13:48:22,2026 시즌 KBO 경기 일정입니다. 2026-09-05 17:00에 사직구장에서 한화 원정팀과 롯데 홈팀이 경기를 진행합니다. 경기 상태는 경기 종료입니다. 최종 스코어는 한화 11 - 롯데 6로 한화가 승리했습니다.,2026-09-05,17:00,SAJIK,사직,HANWHA,LOTTE,11,6,END,REGULAR,THIRD_PARTY_API,CONFIRMED
schedule_3227e31ee0a499c0,https://gw.tving.com/bff/sports/v2/kbo/schedule?date=20260905&screenCode=CSSD0100&osCode=CSOD0900,삼성LG,schedule,2026-09-07 13:48:22,2026 시즌 KBO 경기 일정입니다. 2026-09-05 17:00에 잠실구장에서 삼성 원정팀과 LG 홈팀이 경기를 진행합니다. 경기 상태는 경기 종료입니다. 최종 스코어는 삼성 4 - LG 3로 삼성이 승리했습니다.,2026-09-05,17:00,JAMSIL,잠실,SAMSUNG,LG,4,3,END,REGULAR,THIRD_PARTY_API,CONFIRMED
schedule_e1c43b5da47f9367,https://gw.tving.com/bff/sports/v2/kbo/schedule?date=20260905&screenCode=CSSD0100&osCode=CSOD0900,NC키움,schedule,2026-09-07 13:48:22,2026 시즌 KBO 경기 일정입니다. 2026-09-05 17:00에 고척구장에서 NC 원정팀과 키움 홈팀이 경기를 진행합니다. 경기 상태는 경기 종료입니다. 최종 스코어는 NC 2 - 키움 1로 NC가 승리했습니다.,2026-09-05,17:00,GOCHEOK,고척,NC,KIWOOM,2,1,END,REGULAR,THIRD_PARTY_API,CONFIRMED
schedule_888294e9689f708e,https://gw.tving.com/bff/sports/v2/kbo/schedule?date=20260905&screenCode=CSSD0100&osCode=CSOD0900,두산SSG,schedule,2026-09-07 13:48:22,2026 시즌 KBO 경기 일정입니다. 2026-09-05 17:00에 문학구장에서 두산 원정팀과 SSG 홈팀이 경기를 진행합니다. 경기 상태는 경기 종료입니다. 최종 스코어는 두산 2 - SSG 3로 SSG가 승리했습니다.,2026-09-05,17:00,MUNHAK,문학,DOOSAN,SSG,2,3,END,REGULAR,THIRD_PARTY_API,CONFIRMED
schedule_f0dca367a3020e77,https://gw.tving.com/bff/sports/v2/kbo/schedule?date=20260906&screenCode=CSSD0100&osCode=CSOD0900,NC키움,schedule,2026-09-07 13:48:22,2026 시즌 KBO 경기 일정입니다. 2026-09-06 14:00에 고척구장에서 NC 원정팀과 키움 홈팀이 경기를 진행합니다. 경기 상태는 경기 종료입니다. 최종 스코어는 NC 2 - 키움 4로 키움이 승리했습니다.,2026-09-06,14:00,GOCHEOK,고척,NC,KIWOOM,2,4,END,REGULAR,THIRD_PARTY_API,CONFIRMED
schedule_275cc680d68b4903,https://gw.tving.com/bff/sports/v2/kbo/schedule?date=20260906&screenCode=CSSD0100&osCode=CSOD0900,삼성LG,schedule,2026-09-07 13:48:22,2026 시즌 KBO 경기 일정입니다. 2026-09-06 17:00에 잠실구장에서 삼성 원정팀과 LG 홈팀이 경기를 진행합니다. 경기 상태는 경기 종료입니다. 최종 스코어는 삼성 10 - LG 4로 삼성이 승리했습니다.,2026-09-06,17:00,JAMSIL,잠실,SAMSUNG,LG,10,4,END,REGULAR,THIRD_PARTY_API,CONFIRMED
schedule_a6c50a3cea73cc48,https://gw.tving.com/bff/sports/v2/kbo/schedule?date=20260906&screenCode=CSSD0100&osCode=CSOD0900,한화롯데,schedule,2026-09-07 13:48:22,2026 시즌 KBO 경기 일정입니다. 2026-09-06 17:00에 사직구장에서 한화 원정팀과 롯데 홈팀이 경기를 진행합니다. 경기 상태는 경기 종료입니다. 최종 스코어는 한화 8 - 롯데 2로 한화가 승리했습니다.,2026-09-06,17:00,SAJIK,사직,HANWHA,LOTTE,8,2,END,REGULAR,THIRD_PARTY_API,CONFIRMED
schedule_62601f282f7b2a7b,https://gw.tving.com/bff/sports/v2/kbo/schedule?date=20260906&screenCode=CSSD0100&osCode=CSOD0900,KTKIA,schedule,2026-09-07 13:48:22,2026 시즌 KBO 경기 일정입니다. 2026-09-06 17:00에 광주구장에서 KT 원정팀과 KIA 홈팀이 경기를 진행합니다. 경기 상태는 경기 종료입니다. 최종 스코어는 KT 3 - KIA 8로 KIA가 승리했습니다.,2026-09-06,17:00,GWANGJU,광주,KT,KIA,3,8,END,REGULAR,THIRD_PARTY_API,CONFIRMED
schedule_3a00d702238e4aab,https://gw.tving.com/bff/sports/v2/kbo/schedule?date=20260906&screenCode=CSSD0100&osCode=CSOD0900,두산SSG,schedule,2026-09-07 13:48:22,2026 시즌 KBO 경기 일정입니다. 2026-09-06 17:00에 문학구장에서 두산 원정팀과 SSG 홈팀이 경기를 진행합니다. 경기 상태는 경기 종료입니다. 최종 스코어는 두산 16 - SSG 9로 두산이 승리했습니다.,2026-09-06,17:00,MUNHAK,문학,DOOSAN,SSG,16,9,END,REGULAR,THIRD_PARTY_API,CONFIRMED
schedule_56ea63868b602cdd,https://gw.tving.com/bff/sports/v2/kbo/schedule?date=20260908&screenCode=CSSD0100&osCode=CSOD0900,KIA삼성,schedule,2026-09-07 13:48:22,2026 시즌 KBO 경기 일정입니다. 2026-09-08 18:30에 대구구장에서 KIA 원정팀과 삼성 홈팀이 경기를 진행합니다. 경기 상태는 경기 전입니다.,2026-09-08,18:30,DAEGU,대구,KIA,SAMSUNG,,,PREV,REGULAR,THIRD_PARTY_API,CONFIRMED
schedule_ea3241718252150f,https://gw.tving.com/bff/sports/v2/kbo/schedule?date=20260908&screenCode=CSSD0100&osCode=CSOD0900,두산한화,schedule,2026-09-07 13:48:22,2026 시즌 KBO 경기 일정입니다. 2026-09-08 18:30에 대전구장에서 두산 원정팀과 한화 홈팀이 경기를 진행합니다. 경기 상태는 경기 전입니다.,2026-09-08,18:30,DAEJEON,대전,DOOSAN,HANWHA,,,PREV,REGULAR,THIRD_PARTY_API,CONFIRMED
schedule_25e1be4d38ce4c61,https://gw.tving.com/bff/sports/v2/kbo/schedule?date=20260908&screenCode=CSSD0100&osCode=CSOD0900,롯데NC,schedule,2026-09-07 13:48:22,2026 시즌 KBO 경기 일정입니다. 2026-09-08 18:30에 창원구장에서 롯데 원정팀과 NC 홈팀이 경기를 진행합니다. 경기 상태는 경기 전입니다.,2026-09-08,18:30,CHANGWON,창원,LOTTE,NC,,,PREV,REGULAR,THIRD_PARTY_API,CONFIRMED
schedule_a73cf8fc536429c9,https://gw.tving.com/bff/sports/v2/kbo/schedule?date=20260908&screenCode=CSSD0100&osCode=CSOD0900,SSGKT,schedule,2026-09-07 13:48:22,2026 시즌 KBO 경기 일정입니다. 2026-09-08 18:30에 수원구장에서 SSG 원정팀과 KT 홈팀이 경기를 진행합니다. 경기 상태는 경기 전입니다.,2026-09-08,18:30,SUWON,수원,SSG,KT,,,PREV,REGULAR,THIRD_PARTY_API,CONFIRMED
schedule_2f1ade0d56f1cd78,https://gw.tving.com/bff/sports/v2/kbo/schedule?date=20260908&screenCode=CSSD0100&osCode=CSOD0900,키움LG,schedule,2026-09-07 13:48:22,2026 시즌 KBO 경기 일정입니다. 2026-09-08 18:30에 잠실구장에서 키움 원정팀과 LG 홈팀이 경기를 진행합니다. 경기 상태는 경기 전입니다.,2026-09-08,18:30,JAMSIL,잠실,KIWOOM,LG,,,PREV,REGULAR,THIRD_PARTY_API,CONFIRMED
schedule_5e4920c02d4b98e4,https://gw.tving.com/bff/sports/v2/kbo/schedule?date=20260909&screenCode=CSSD0100&osCode=CSOD0900,KT삼성,schedule,2026-09-07 13:48:22,2026 시즌 KBO 경기 일정입니다. 2026-09-09 18:30에 대구구장에서 KT 원정팀과 삼성 홈팀이 경기를 진행합니다. 경기 상태는 경기 전입니다.,2026-09-09,18:30,DAEGU,대구,KT,SAMSUNG,,,PREV,REGULAR,THIRD_PARTY_API,CONFIRMED
schedule_468d943934e4fe6d,https://gw.tving.com/bff/sports/v2/kbo/schedule?date=20260909&screenCode=CSSD0100&osCode=CSOD0900,LG한화,schedule,2026-09-07 13:48:22,2026 시즌 KBO 경기 일정입니다. 2026-09-09 18:30에 대전구장에서 LG 원정팀과 한화 홈팀이 경기를 진행합니다. 경기 상태는 경기 전입니다.,2026-09-09,18:30,DAEJEON,대전,LG,HANWHA,,,PREV,REGULAR,THIRD_PARTY_API,CONFIRMED
schedule_ad7c41164a1b3b7e,https://gw.tving.com/bff/sports/v2/kbo/schedule?date=20260909&screenCode=CSSD0100&osCode=CSOD0900,NCKIA,schedule,2026-09-07 13:48:22,2026 시즌 KBO 경기 일정입니다. 2026-09-09 18:30에 광주구장에서 NC 원정팀과 KIA 홈팀이 경기를 진행합니다. 경기 상태는 경기 전입니다.,2026-09-09,18:30,GWANGJU,광주,NC,KIA,,,PREV,REGULAR,THIRD_PARTY_API,CONFIRMED
schedule_1162b5739aa5fcdd,https://gw.tving.com/bff/sports/v2/kbo/schedule?date=20260909&screenCode=CSSD0100&osCode=CSOD0900,SSG두산,schedule,2026-09-07 13:48:22,2026 시즌 KBO 경기 일정입니다. 2026-09-09 18:30에 잠실구장에서 SSG 원정팀과 두산 홈팀이 경기를 진행합니다. 경기 상태는 경기 전입니다.,2026-09-09,18:30,JAMSIL,잠실,SSG,DOOSAN,,,PREV,REGULAR,THIRD_PARTY_API,CONFIRMED
schedule_1292f89599dd2455,https://gw.tving.com/bff/sports/v2/kbo/schedule?date=20260910&screenCode=CSSD0100&osCode=CSOD0900,키움두산,schedule,2026-09-07 13:48:22,2026 시즌 KBO 경기 일정입니다. 2026-09-10 18:30에 잠실구장에서 키움 원정팀과 두산 홈팀이 경기를 진행합니다. 경기 상태는 경기 전입니다.,2026-09-10,18:30,JAMSIL,잠실,KIWOOM,DOOSAN,,,PREV,REGULAR,THIRD_PARTY_API,CONFIRMED
schedule_7d97ea3a4e69def4,https://gw.tving.com/bff/sports/v2/kbo/schedule?date=20260910&screenCode=CSSD0100&osCode=CSOD0900,한화SSG,schedule,2026-09-07 13:48:22,2026 시즌 KBO 경기 일정입니다. 2026-09-10 18:30에 문학구장에서 한화 원정팀과 SSG 홈팀이 경기를 진행합니다. 경기 상태는 경기 전입니다.,2026-09-10,18:30,MUNHAK,문학,HANWHA,SSG,,,PREV,REGULAR,THIRD_PARTY_API,CONFIRMED
schedule_dd17e170da979b69,https://gw.tving.com/bff/sports/v2/kbo/schedule?date=20260910&screenCode=CSSD0100&osCode=CSOD0900,KT롯데,schedule,2026-09-07 13:48:22,2026 시즌 KBO 경기 일정입니다. 2026-09-10 18:30에 사직구장에서 KT 원정팀과 롯데 홈팀이 경기를 진행합니다. 경기 상태는 경기 전입니다.,2026-09-10,18:30,SAJIK,사직,KT,LOTTE,,,PREV,REGULAR,THIRD_PARTY_API,CONFIRMED
schedule_bb0567d37e7b8db9,https://gw.tving.com/bff/sports/v2/kbo/schedule?date=20260910&screenCode=CSSD0100&osCode=CSOD0900,NCKIA,schedule,2026-09-07 13:48:22,2026 시즌 KBO 경기 일정입니다. 2026-09-10 18:30에 광주구장에서 NC 원정팀과 KIA 홈팀이 경기를 진행합니다. 경기 상태는 경기 전입니다.,2026-09-10,18:30,GWANGJU,광주,NC,KIA,,,PREV,REGULAR,THIRD_PARTY_API,CONFIRMED
schedule_ae4b87642c500097,https://gw.tving.com/bff/sports/v2/kbo/schedule?date=20260911&screenCode=CSSD0100&osCode=CSOD0900,키움삼성,schedule,2026-09-07 13:48:22,2026 시즌 KBO 경기 일정입니다. 2026-09-11 18:30에 대구구장에서 키움 원정팀과 삼성 홈팀이 경기를 진행합니다. 경기 상태는 경기 전입니다.,2026-09-11,18:30,DAEGU,대구,KIWOOM,SAMSUNG,,,PREV,REGULAR,THIRD_PARTY_API,CONFIRMED
schedule_e5c49f42af855b82,https://gw.tving.com/bff/sports/v2/kbo/schedule?date=20260911&screenCode=CSSD0100&osCode=CSOD0900,SSGKIA,schedule,2026-09-07 13:48:22,2026 시즌 KBO 경기 일정입니다. 2026-09-11 18:30에 광주구장에서 SSG 원정팀과 KIA 홈팀이 경기를 진행합니다. 경기 상태는 경기 전입니다.,2026-09-11,18:30,GWANGJU,광주,SSG,KIA,,,PREV,REGULAR,THIRD_PARTY_API,CONFIRMED
schedule_1306f485a7803e97,https://gw.tving.com/bff/sports/v2/kbo/schedule?date=20260911&screenCode=CSSD0100&osCode=CSOD0900,KT롯데,schedule,2026-09-07 13:48:22,2026 시즌 KBO 경기 일정입니다. 2026-09-11 18:30에 사직구장에서 KT 원정팀과 롯데 홈팀이 경기를 진행합니다. 경기 상태는 경기 전입니다.,2026-09-11,18:30,SAJIK,사직,KT,LOTTE,,,PREV,REGULAR,THIRD_PARTY_API,CONFIRMED
schedule_2060892d060a8fa1,https://gw.tving.com/bff/sports/v2/kbo/schedule?date=20260911&screenCode=CSSD0100&osCode=CSOD0900,NC한화,schedule,2026-09-07 13:48:22,2026 시즌 KBO 경기 일정입니다. 2026-09-11 18:30에 대전구장에서 NC 원정팀과 한화 홈팀이 경기를 진행합니다. 경기 상태는 경기 전입니다.,2026-09-11,18:30,DAEJEON,대전,NC,HANWHA,,,PREV,REGULAR,THIRD_PARTY_API,CONFIRMED
schedule_6facaf73548c971b,https://gw.tving.com/bff/sports/v2/kbo/schedule?date=20260912&screenCode=CSSD0100&osCode=CSOD0900,KIAKT,schedule,2026-09-07 13:48:22,2026 시즌 KBO 경기 일정입니다. 2026-09-12 17:00에 수원구장에서 KIA 원정팀과 KT 홈팀이 경기를 진행합니다. 경기 상태는 경기 전입니다.,2026-09-12,17:00,SUWON,수원,KIA,KT,,,PREV,REGULAR,THIRD_PARTY_API,CONFIRMED
schedule_65d305ac289f082a,https://gw.tving.com/bff/sports/v2/kbo/schedule?date=20260912&screenCode=CSSD0100&osCode=CSOD0900,LG삼성,schedule,2026-09-07 13:48:22,2026 시즌 KBO 경기 일정입니다. 2026-09-12 17:00에 대구구장에서 LG 원정팀과 삼성 홈팀이 경기를 진행합니다. 경기 상태는 경기 전입니다.,2026-09-12,17:00,DAEGU,대구,LG,SAMSUNG,,,PREV,REGULAR,THIRD_PARTY_API,CONFIRMED
schedule_f960c130b7966e57,https://gw.tving.com/bff/sports/v2/kbo/schedule?date=20260912&screenCode=CSSD0100&osCode=CSOD0900,롯데키움,schedule,2026-09-07 13:48:22,2026 시즌 KBO 경기 일정입니다. 2026-09-12 17:00에 고척구장에서 롯데 원정팀과 키움 홈팀이 경기를 진행합니다. 경기 상태는 경기 전입니다.,2026-09-12,17:00,GOCHEOK,고척,LOTTE,KIWOOM,,,PREV,REGULAR,THIRD_PARTY_API,CONFIRMED
schedule_9ea6926b2aeef7d3,https://gw.tving.com/bff/sports/v2/kbo/schedule?date=20260912&screenCode=CSSD0100&osCode=CSOD0900,NC두산,schedule,2026-09-07 13:48:22,2026 시즌 KBO 경기 일정입니다. 2026-09-12 17:00에 잠실구장에서 NC 원정팀과 두산 홈팀이 경기를 진행합니다. 경기 상태는 경기 전입니다.,2026-09-12,17:00,JAMSIL,잠실,NC,DOOSAN,,,PREV,REGULAR,THIRD_PARTY_API,CONFIRMED
schedule_7f2849119460033a,https://gw.tving.com/bff/sports/v2/kbo/schedule?date=20260913&screenCode=CSSD0100&osCode=CSOD0900,한화KIA,schedule,2026-09-07 13:48:22,2026 시즌 KBO 경기 일정입니다. 2026-09-13 17:00에 광주구장에서 한화 원정팀과 KIA 홈팀이 경기를 진행합니다. 경기 상태는 경기 전입니다.,2026-09-13,17:00,GWANGJU,광주,HANWHA,KIA,,,PREV,REGULAR,THIRD_PARTY_API,CONFIRMED
schedule_721b6278b6e28e81,https://gw.tving.com/bff/sports/v2/kbo/schedule?date=20260913&screenCode=CSSD0100&osCode=CSOD0900,LG삼성,schedule,2026-09-07 13:48:22,2026 시즌 KBO 경기 일정입니다. 2026-09-13 17:00에 대구구장에서 LG 원정팀과 삼성 홈팀이 경기를 진행합니다. 경기 상태는 경기 전입니다.,2026-09-13,17:00,DAEGU,대구,LG,SAMSUNG,,,PREV,REGULAR,THIRD_PARTY_API,CONFIRMED
schedule_cb37827e9feb7bf5,https://gw.tving.com/bff/sports/v2/kbo/schedule?date=20260913&screenCode=CSSD0100&osCode=CSOD0900,롯데KT,schedule,2026-09-07 13:48:22,2026 시즌 KBO 경기 일정입니다. 2026-09-13 17:00에 수원구장에서 롯데 원정팀과 KT 홈팀이 경기를 진행합니다. 경기 상태는 경기 전입니다.,2026-09-13,17:00,SUWON,수원,LOTTE,KT,,,PREV,REGULAR,THIRD_PARTY_API,CONFIRMED
schedule_7e198e29eede66d1,https://gw.tving.com/bff/sports/v2/kbo/schedule?date=20260913&screenCode=CSSD0100&osCode=CSOD0900,NC두산,schedule,2026-09-07 13:48:22,2026 시즌 KBO 경기 일정입니다. 2026-09-13 17:00에 잠실구장에서 NC 원정팀과 두산 홈팀이 경기를 진행합니다. 경기 상태는 경기 전입니다.,2026-09-13,17:00,JAMSIL,잠실,NC,DOOSAN,,,PREV,REGULAR,THIRD_PARTY_API,CONFIRMED
schedule_8168f987f22be62b,https://gw.tving.com/bff/sports/v2/kbo/schedule?date=20260915&screenCode=CSSD0100&osCode=CSOD0900,KIASSG,schedule,2026-09-07 13:48:22,2026 시즌 KBO 경기 일정입니다. 2026-09-15 18:30에 문학구장에서 KIA 원정팀과 SSG 홈팀이 경기를 진행합니다. 경기 상태는 경기 전입니다.,2026-09-15,18:30,MUNHAK,문학,KIA,SSG,,,PREV,REGULAR,THIRD_PARTY_API,CONFIRMED
schedule_42349c81883a58fd,https://gw.tving.com/bff/sports/v2/kbo/schedule?date=20260915&screenCode=CSSD0100&osCode=CSOD0900,KT한화,schedule,2026-09-07 13:48:22,2026 시즌 KBO 경기 일정입니다. 2026-09-15 18:30에 대전구장에서 KT 원정팀과 한화 홈팀이 경기를 진행합니다. 경기 상태는 경기 전입니다.,2026-09-15,18:30,DAEJEON,대전,KT,HANWHA,,,PREV,REGULAR,THIRD_PARTY_API,CONFIRMED
schedule_c2793ee0a04e656e,https://gw.tving.com/bff/sports/v2/kbo/schedule?date=20260915&screenCode=CSSD0100&osCode=CSOD0900,LGNC,schedule,2026-09-07 13:48:22,2026 시즌 KBO 경기 일정입니다. 2026-09-15 18:30에 창원구장에서 LG 원정팀과 NC 홈팀이 경기를 진행합니다. 경기 상태는 경기 전입니다.,2026-09-15,18:30,CHANGWON,창원,LG,NC,,,PREV,REGULAR,THIRD_PARTY_API,CONFIRMED
schedule_d76b1775bf86e6dc,https://gw.tving.com/bff/sports/v2/kbo/schedule?date=20260915&screenCode=CSSD0100&osCode=CSOD0900,롯데삼성,schedule,2026-09-07 13:48:22,2026 시즌 KBO 경기 일정입니다. 2026-09-15 18:30에 대구구장에서 롯데 원정팀과 삼성 홈팀이 경기를 진행합니다. 경기 상태는 경기 전입니다.,2026-09-15,18:30,DAEGU,대구,LOTTE,SAMSUNG,,,PREV,REGULAR,THIRD_PARTY_API,CONFIRMED
schedule_b9646660c9f2483f,https://gw.tving.com/bff/sports/v2/kbo/schedule?date=20260916&screenCode=CSSD0100&osCode=CSOD0900,KT한화,schedule,2026-09-07 13:48:22,2026 시즌 KBO 경기 일정입니다. 2026-09-16 18:30에 대전구장에서 KT 원정팀과 한화 홈팀이 경기를 진행합니다. 경기 상태는 경기 전입니다.,2026-09-16,18:30,DAEJEON,대전,KT,HANWHA,,,PREV,REGULAR,THIRD_PARTY_API,CONFIRMED
schedule_270ca6f2e7519785,https://gw.tving.com/bff/sports/v2/kbo/schedule?date=20260916&screenCode=CSSD0100&osCode=CSOD0900,LGNC,schedule,2026-09-07 13:48:22,2026 시즌 KBO 경기 일정입니다. 2026-09-16 18:30에 창원구장에서 LG 원정팀과 NC 홈팀이 경기를 진행합니다. 경기 상태는 경기 전입니다.,2026-09-16,18:30,CHANGWON,창원,LG,NC,,,PREV,REGULAR,THIRD_PARTY_API,CONFIRMED
schedule_7867d6c298c942db,https://gw.tving.com/bff/sports/v2/kbo/schedule?date=20260916&screenCode=CSSD0100&osCode=CSOD0900,SSG롯데,schedule,2026-09-07 13:48:22,2026 시즌 KBO 경기 일정입니다. 2026-09-16 18:30에 사직구장에서 SSG 원정팀과 롯데 홈팀이 경기를 진행합니다. 경기 상태는 경기 전입니다.,2026-09-16,18:30,SAJIK,사직,SSG,LOTTE,,,PREV,REGULAR,THIRD_PARTY_API,CONFIRMED
schedule_8735db77bc3170e9,https://gw.tving.com/bff/sports/v2/kbo/schedule?date=20260916&screenCode=CSSD0100&osCode=CSOD0900,삼성두산,schedule,2026-09-07 13:48:22,2026 시즌 KBO 경기 일정입니다. 2026-09-16 18:30에 잠실구장에서 삼성 원정팀과 두산 홈팀이 경기를 진행합니다. 경기 상태는 경기 전입니다.,2026-09-16,18:30,JAMSIL,잠실,SAMSUNG,DOOSAN,,,PREV,REGULAR,THIRD_PARTY_API,CONFIRMED
schedule_78269d5d2a60e57a,https://gw.tving.com/bff/sports/v2/kbo/schedule?date=20260917&screenCode=CSSD0100&osCode=CSOD0900,SSGNC,schedule,2026-09-07 13:48:22,2026 시즌 KBO 경기 일정입니다. 2026-09-17 18:30에 창원구장에서 SSG 원정팀과 NC 홈팀이 경기를 진행합니다. 경기 상태는 경기 전입니다.,2026-09-17,18:30,CHANGWON,창원,SSG,NC,,,PREV,REGULAR,THIRD_PARTY_API,CONFIRMED
schedule_02fda1f36d5977c3,https://gw.tving.com/bff/sports/v2/kbo/schedule?date=20260917&screenCode=CSSD0100&osCode=CSOD0900,키움KIA,schedule,2026-09-07 13:48:22,2026 시즌 KBO 경기 일정입니다. 2026-09-17 18:30에 광주구장에서 키움 원정팀과 KIA 홈팀이 경기를 진행합니다. 경기 상태는 경기 전입니다.,2026-09-17,18:30,GWANGJU,광주,KIWOOM,KIA,,,PREV,REGULAR,THIRD_PARTY_API,CONFIRMED
schedule_bf9b32b55071f561,https://gw.tving.com/bff/sports/v2/kbo/schedule?date=20260918&screenCode=CSSD0100&osCode=CSOD0900,LGKT,schedule,2026-09-07 13:48:22,2026 시즌 KBO 경기 일정입니다. 2026-09-18 18:30에 수원구장에서 LG 원정팀과 KT 홈팀이 경기를 진행합니다. 경기 상태는 경기 전입니다.,2026-09-18,18:30,SUWON,수원,LG,KT,,,PREV,REGULAR,THIRD_PARTY_API,CONFIRMED
schedule_9b9b23130f0a8e46,https://gw.tving.com/bff/sports/v2/kbo/schedule?date=20260918&screenCode=CSSD0100&osCode=CSOD0900,NC롯데,schedule,2026-09-07 13:48:22,2026 시즌 KBO 경기 일정입니다. 2026-09-18 18:30에 사직구장에서 NC 원정팀과 롯데 홈팀이 경기를 진행합니다. 경기 상태는 경기 전입니다.,2026-09-18,18:30,SAJIK,사직,NC,LOTTE,,,PREV,REGULAR,THIRD_PARTY_API,CONFIRMED
schedule_d1859e0aab88035b,https://gw.tving.com/bff/sports/v2/kbo/schedule?date=20260918&screenCode=CSSD0100&osCode=CSOD0900,삼성한화,schedule,2026-09-07 13:48:22,2026 시즌 KBO 경기 일정입니다. 2026-09-18 18:30에 대전구장에서 삼성 원정팀과 한화 홈팀이 경기를 진행합니다. 경기 상태는 경기 전입니다.,2026-09-18,18:30,DAEJEON,대전,SAMSUNG,HANWHA,,,PREV,REGULAR,THIRD_PARTY_API,CONFIRMED
schedule_7ab2711d9b7b95e0,https://gw.tving.com/bff/sports/v2/kbo/schedule?date=20260918&screenCode=CSSD0100&osCode=CSOD0900,키움두산,schedule,2026-09-07 13:48:22,2026 시즌 KBO 경기 일정입니다. 2026-09-18 18:30에 잠실구장에서 키움 원정팀과 두산 홈팀이 경기를 진행합니다. 경기 상태는 경기 전입니다.,2026-09-18,18:30,JAMSIL,잠실,KIWOOM,DOOSAN,,,PREV,REGULAR,THIRD_PARTY_API,CONFIRMED
schedule_5b44412902da5b73,https://gw.tving.com/bff/sports/v2/kbo/schedule?date=20260919&screenCode=CSSD0100&osCode=CSOD0900,한화LG,schedule,2026-09-07 13:48:22,2026 시즌 KBO 경기 일정입니다. 2026-09-19 17:00에 잠실구장에서 한화 원정팀과 LG 홈팀이 경기를 진행합니다. 경기 상태는 경기 전입니다.,2026-09-19,17:00,JAMSIL,잠실,HANWHA,LG,,,PREV,REGULAR,THIRD_PARTY_API,CONFIRMED
schedule_0b057d3d21e7de22,https://gw.tving.com/bff/sports/v2/kbo/schedule?date=20260919&screenCode=CSSD0100&osCode=CSOD0900,KIANC,schedule,2026-09-07 13:48:22,2026 시즌 KBO 경기 일정입니다. 2026-09-19 17:00에 창원구장에서 KIA 원정팀과 NC 홈팀이 경기를 진행합니다. 경기 상태는 경기 전입니다.,2026-09-19,17:00,CHANGWON,창원,KIA,NC,,,PREV,REGULAR,THIRD_PARTY_API,CONFIRMED
schedule_20e3c76d8bf25907,https://gw.tving.com/bff/sports/v2/kbo/schedule?date=20260919&screenCode=CSSD0100&osCode=CSOD0900,두산KT,schedule,2026-09-07 13:48:22,2026 시즌 KBO 경기 일정입니다. 2026-09-19 17:00에 수원구장에서 두산 원정팀과 KT 홈팀이 경기를 진행합니다. 경기 상태는 경기 전입니다.,2026-09-19,17:00,SUWON,수원,DOOSAN,KT,,,PREV,REGULAR,THIRD_PARTY_API,CONFIRMED
schedule_a93cdc36aeb8eb4b,https://gw.tving.com/bff/sports/v2/kbo/schedule?date=20260919&screenCode=CSSD0100&osCode=CSOD0900,삼성롯데,schedule,2026-09-07 13:48:22,2026 시즌 KBO 경기 일정입니다. 2026-09-19 17:00에 사직구장에서 삼성 원정팀과 롯데 홈팀이 경기를 진행합니다. 경기 상태는 경기 전입니다.,2026-09-19,17:00,SAJIK,사직,SAMSUNG,LOTTE,,,PREV,REGULAR,THIRD_PARTY_API,CONFIRMED
schedule_abcfbc1e1a921944,https://gw.tving.com/bff/sports/v2/kbo/schedule?date=20260920&screenCode=CSSD0100&osCode=CSOD0900,한화LG,schedule,2026-09-07 13:48:22,2026 시즌 KBO 경기 일정입니다. 2026-09-20 14:00에 잠실구장에서 한화 원정팀과 LG 홈팀이 경기를 진행합니다. 경기 상태는 경기 전입니다.,2026-09-20,14:00,JAMSIL,잠실,HANWHA,LG,,,PREV,REGULAR,THIRD_PARTY_API,CONFIRMED
schedule_3cb98e812c8323be,https://gw.tving.com/bff/sports/v2/kbo/schedule?date=20260920&screenCode=CSSD0100&osCode=CSOD0900,KIANC,schedule,2026-09-07 13:48:22,2026 시즌 KBO 경기 일정입니다. 2026-09-20 14:00에 창원구장에서 KIA 원정팀과 NC 홈팀이 경기를 진행합니다. 경기 상태는 경기 전입니다.,2026-09-20,14:00,CHANGWON,창원,KIA,NC,,,PREV,REGULAR,THIRD_PARTY_API,CONFIRMED
schedule_a092217379bd7413,https://gw.tving.com/bff/sports/v2/kbo/schedule?date=20260920&screenCode=CSSD0100&osCode=CSOD0900,두산KT,schedule,2026-09-07 13:48:22,2026 시즌 KBO 경기 일정입니다. 2026-09-20 14:00에 수원구장에서 두산 원정팀과 KT 홈팀이 경기를 진행합니다. 경기 상태는 경기 전입니다.,2026-09-20,14:00,SUWON,수원,DOOSAN,KT,,,PREV,REGULAR,THIRD_PARTY_API,CONFIRMED
schedule_02eb70f44cc770ef,https://gw.tving.com/bff/sports/v2/kbo/schedule?date=20260920&screenCode=CSSD0100&osCode=CSOD0900,삼성롯데,schedule,2026-09-07 13:48:22,2026 시즌 KBO 경기 일정입니다. 2026-09-20 14:00에 사직구장에서 삼성 원정팀과 롯데 홈팀이 경기를 진행합니다. 경기 상태는 경기 전입니다.,2026-09-20,14:00,SAJIK,사직,SAMSUNG,LOTTE,,,PREV,REGULAR,THIRD_PARTY_API,CONFIRMED
schedule_470362a8d3282f63,https://gw.tving.com/bff/sports/v2/kbo/schedule?date=20260920&screenCode=CSSD0100&osCode=CSOD0900,키움SSG,schedule,2026-09-07 13:48:22,2026 시즌 KBO 경기 일정입니다. 2026-09-20 14:00에 문학구장에서 키움 원정팀과 SSG 홈팀이 경기를 진행합니다. 경기 상태는 경기 전입니다.,2026-09-20,14:00,MUNHAK,문학,KIWOOM,SSG,,,PREV,REGULAR,THIRD_PARTY_API,CONFIRMED
schedule_445bd4dd526ea40d,https://gw.tving.com/bff/sports/v2/kbo/schedule?date=20260922&screenCode=CSSD0100&osCode=CSOD0900,KTSSG,schedule,2026-09-07 13:48:22,2026 시즌 KBO 경기 일정입니다. 2026-09-22 18:30에 문학구장에서 KT 원정팀과 SSG 홈팀이 경기를 진행합니다. 경기 상태는 경기 전입니다.,2026-09-22,18:30,MUNHAK,문학,KT,SSG,,,PREV,REGULAR,THIRD_PARTY_API,CONFIRMED
schedule_255a6c1ac8d87edf,https://gw.tving.com/bff/sports/v2/kbo/schedule?date=20260922&screenCode=CSSD0100&osCode=CSOD0900,롯데한화,schedule,2026-09-07 13:48:22,2026 시즌 KBO 경기 일정입니다. 2026-09-22 18:30에 대전구장에서 롯데 원정팀과 한화 홈팀이 경기를 진행합니다. 경기 상태는 경기 전입니다.,2026-09-22,18:30,DAEJEON,대전,LOTTE,HANWHA,,,PREV,REGULAR,THIRD_PARTY_API,CONFIRMED
schedule_8b42fe58faa1baa6,https://gw.tving.com/bff/sports/v2/kbo/schedule?date=20260922&screenCode=CSSD0100&osCode=CSOD0900,NC삼성,schedule,2026-09-07 13:48:22,2026 시즌 KBO 경기 일정입니다. 2026-09-22 18:30에 대구구장에서 NC 원정팀과 삼성 홈팀이 경기를 진행합니다. 경기 상태는 경기 전입니다.,2026-09-22,18:30,DAEGU,대구,NC,SAMSUNG,,,PREV,REGULAR,THIRD_PARTY_API,CONFIRMED
schedule_d9b7d4f47b42c44d,https://gw.tving.com/bff/sports/v2/kbo/schedule?date=20260922&screenCode=CSSD0100&osCode=CSOD0900,두산키움,schedule,2026-09-07 13:48:22,2026 시즌 KBO 경기 일정입니다. 2026-09-22 18:30에 고척구장에서 두산 원정팀과 키움 홈팀이 경기를 진행합니다. 경기 상태는 경기 전입니다.,2026-09-22,18:30,GOCHEOK,고척,DOOSAN,KIWOOM,,,PREV,REGULAR,THIRD_PARTY_API,CONFIRMED
schedule_93b398596382102e,https://gw.tving.com/bff/sports/v2/kbo/schedule?date=20260923&screenCode=CSSD0100&osCode=CSOD0900,KIA두산,schedule,2026-09-07 13:48:22,2026 시즌 KBO 경기 일정입니다. 2026-09-23 18:30에 잠실구장에서 KIA 원정팀과 두산 홈팀이 경기를 진행합니다. 경기 상태는 경기 전입니다.,2026-09-23,18:30,JAMSIL,잠실,KIA,DOOSAN,,,PREV,REGULAR,THIRD_PARTY_API,CONFIRMED
schedule_41e7849a003c2603,https://gw.tving.com/bff/sports/v2/kbo/schedule?date=20260923&screenCode=CSSD0100&osCode=CSOD0900,롯데한화,schedule,2026-09-07 13:48:22,2026 시즌 KBO 경기 일정입니다. 2026-09-23 18:30에 대전구장에서 롯데 원정팀과 한화 홈팀이 경기를 진행합니다. 경기 상태는 경기 전입니다.,2026-09-23,18:30,DAEJEON,대전,LOTTE,HANWHA,,,PREV,REGULAR,THIRD_PARTY_API,CONFIRMED
schedule_9e62c24f8d806190,https://gw.tving.com/bff/sports/v2/kbo/schedule?date=20260923&screenCode=CSSD0100&osCode=CSOD0900,NCKT,schedule,2026-09-07 13:48:22,2026 시즌 KBO 경기 일정입니다. 2026-09-23 18:30에 수원구장에서 NC 원정팀과 KT 홈팀이 경기를 진행합니다. 경기 상태는 경기 전입니다.,2026-09-23,18:30,SUWON,수원,NC,KT,,,PREV,REGULAR,THIRD_PARTY_API,CONFIRMED
schedule_4540f1d277232d98,https://gw.tving.com/bff/sports/v2/kbo/schedule?date=20260924&screenCode=CSSD0100&osCode=CSOD0900,롯데LG,schedule,2026-09-07 13:48:22,2026 시즌 KBO 경기 일정입니다. 2026-09-24 17:00에 잠실구장에서 롯데 원정팀과 LG 홈팀이 경기를 진행합니다. 경기 상태는 경기 전입니다.,2026-09-24,17:00,JAMSIL,잠실,LOTTE,LG,,,PREV,REGULAR,THIRD_PARTY_API,CONFIRMED
schedule_eef8ba016aeeaa8b,https://gw.tving.com/bff/sports/v2/kbo/schedule?date=20260924&screenCode=CSSD0100&osCode=CSOD0900,NCKT,schedule,2026-09-07 13:48:22,2026 시즌 KBO 경기 일정입니다. 2026-09-24 17:00에 수원구장에서 NC 원정팀과 KT 홈팀이 경기를 진행합니다. 경기 상태는 경기 전입니다.,2026-09-24,17:00,SUWON,수원,NC,KT,,,PREV,REGULAR,THIRD_PARTY_API,CONFIRMED
schedule_558868550256a4da,https://gw.tving.com/bff/sports/v2/kbo/schedule?date=20260924&screenCode=CSSD0100&osCode=CSOD0900,삼성SSG,schedule,2026-09-07 13:48:22,2026 시즌 KBO 경기 일정입니다. 2026-09-24 17:00에 문학구장에서 삼성 원정팀과 SSG 홈팀이 경기를 진행합니다. 경기 상태는 경기 전입니다.,2026-09-24,17:00,MUNHAK,문학,SAMSUNG,SSG,,,PREV,REGULAR,THIRD_PARTY_API,CONFIRMED
schedule_8260d5046ee00be3,https://gw.tving.com/bff/sports/v2/kbo/schedule?date=20260925&screenCode=CSSD0100&osCode=CSOD0900,한화NC,schedule,2026-09-07 13:48:22,2026 시즌 KBO 경기 일정입니다. 2026-09-25 17:00에 창원구장에서 한화 원정팀과 NC 홈팀이 경기를 진행합니다. 경기 상태는 경기 전입니다.,2026-09-25,17:00,CHANGWON,창원,HANWHA,NC,,,PREV,REGULAR,THIRD_PARTY_API,CONFIRMED
schedule_6249c859cce5928a,https://gw.tving.com/bff/sports/v2/kbo/schedule?date=20260925&screenCode=CSSD0100&osCode=CSOD0900,롯데두산,schedule,2026-09-07 13:48:22,2026 시즌 KBO 경기 일정입니다. 2026-09-25 17:00에 잠실구장에서 롯데 원정팀과 두산 홈팀이 경기를 진행합니다. 경기 상태는 경기 전입니다.,2026-09-25,17:00,JAMSIL,잠실,LOTTE,DOOSAN,,,PREV,REGULAR,THIRD_PARTY_API,CONFIRMED
schedule_3d3197a676d3de9a,https://gw.tving.com/bff/sports/v2/kbo/schedule?date=20260925&screenCode=CSSD0100&osCode=CSOD0900,삼성SSG,schedule,2026-09-07 13:48:22,2026 시즌 KBO 경기 일정입니다. 2026-09-25 17:00에 문학구장에서 삼성 원정팀과 SSG 홈팀이 경기를 진행합니다. 경기 상태는 경기 전입니다.,2026-09-25,17:00,MUNHAK,문학,SAMSUNG,SSG,,,PREV,REGULAR,THIRD_PARTY_API,CONFIRMED
schedule_ce11edacb457bb8a,https://gw.tving.com/bff/sports/v2/kbo/schedule?date=20260926&screenCode=CSSD0100&osCode=CSOD0900,한화NC,schedule,2026-09-07 13:48:22,2026 시즌 KBO 경기 일정입니다. 2026-09-26 17:00에 창원구장에서 한화 원정팀과 NC 홈팀이 경기를 진행합니다. 경기 상태는 경기 전입니다.,2026-09-26,17:00,CHANGWON,창원,HANWHA,NC,,,PREV,REGULAR,THIRD_PARTY_API,CONFIRMED
schedule_51ccf0fba2c820fe,https://gw.tving.com/bff/sports/v2/kbo/schedule?date=20260926&screenCode=CSSD0100&osCode=CSOD0900,LGKIA,schedule,2026-09-07 13:48:22,2026 시즌 KBO 경기 일정입니다. 2026-09-26 17:00에 광주구장에서 LG 원정팀과 KIA 홈팀이 경기를 진행합니다. 경기 상태는 경기 전입니다.,2026-09-26,17:00,GWANGJU,광주,LG,KIA,,,PREV,REGULAR,THIRD_PARTY_API,CONFIRMED
schedule_4a76916f1ceec662,https://gw.tving.com/bff/sports/v2/kbo/schedule?date=20260926&screenCode=CSSD0100&osCode=CSOD0900,키움KT,schedule,2026-09-07 13:48:22,2026 시즌 KBO 경기 일정입니다. 2026-09-26 17:00에 수원구장에서 키움 원정팀과 KT 홈팀이 경기를 진행합니다. 경기 상태는 경기 전입니다.,2026-09-26,17:00,SUWON,수원,KIWOOM,KT,,,PREV,REGULAR,THIRD_PARTY_API,CONFIRMED
schedule_213fe3cfdf9621a3,https://gw.tving.com/bff/sports/v2/kbo/schedule?date=20260927&screenCode=CSSD0100&osCode=CSOD0900,한화롯데,schedule,2026-09-07 13:48:22,2026 시즌 KBO 경기 일정입니다. 2026-09-27 17:00에 사직구장에서 한화 원정팀과 롯데 홈팀이 경기를 진행합니다. 경기 상태는 경기 전입니다.,2026-09-27,17:00,SAJIK,사직,HANWHA,LOTTE,,,PREV,REGULAR,THIRD_PARTY_API,CONFIRMED
schedule_dac723c588c1c84f,https://gw.tving.com/bff/sports/v2/kbo/schedule?date=20260927&screenCode=CSSD0100&osCode=CSOD0900,KT두산,schedule,2026-09-07 13:48:22,2026 시즌 KBO 경기 일정입니다. 2026-09-27 17:00에 잠실구장에서 KT 원정팀과 두산 홈팀이 경기를 진행합니다. 경기 상태는 경기 전입니다.,2026-09-27,17:00,JAMSIL,잠실,KT,DOOSAN,,,PREV,REGULAR,THIRD_PARTY_API,CONFIRMED
schedule_1e8b79d7018b5802,https://gw.tving.com/bff/sports/v2/kbo/schedule?date=20260927&screenCode=CSSD0100&osCode=CSOD0900,LGKIA,schedule,2026-09-07 13:48:22,2026 시즌 KBO 경기 일정입니다. 2026-09-27 17:00에 광주구장에서 LG 원정팀과 KIA 홈팀이 경기를 진행합니다. 경기 상태는 경기 전입니다.,2026-09-27,17:00,GWANGJU,광주,LG,KIA,,,PREV,REGULAR,THIRD_PARTY_API,CONFIRMED
schedule_31297c483b3b4eaf,https://gw.tving.com/bff/sports/v2/kbo/schedule?date=20260927&screenCode=CSSD0100&osCode=CSOD0900,키움NC,schedule,2026-09-07 13:48:22,2026 시즌 KBO 경기 일정입니다. 2026-09-27 17:00에 창원구장에서 키움 원정팀과 NC 홈팀이 경기를 진행합니다. 경기 상태는 경기 전입니다.,2026-09-27,17:00,CHANGWON,창원,KIWOOM,NC,,,PREV,REGULAR,THIRD_PARTY_API,CONFIRMED
schedule_4ed02b95c18b2912,https://gw.tving.com/bff/sports/v2/kbo/schedule?date=20260929&screenCode=CSSD0100&osCode=CSOD0900,한화삼성,schedule,2026-09-07 13:48:22,2026 시즌 KBO 경기 일정입니다. 2026-09-29 18:30에 대구구장에서 한화 원정팀과 삼성 홈팀이 경기를 진행합니다. 경기 상태는 경기 전입니다.,2026-09-29,18:30,DAEGU,대구,HANWHA,SAMSUNG,,,PREV,REGULAR,THIRD_PARTY_API,CONFIRMED
schedule_ce4af8472fbee9d0,https://gw.tving.com/bff/sports/v2/kbo/schedule?date=20260929&screenCode=CSSD0100&osCode=CSOD0900,KTKIA,schedule,2026-09-07 13:48:22,2026 시즌 KBO 경기 일정입니다. 2026-09-29 18:30에 광주구장에서 KT 원정팀과 KIA 홈팀이 경기를 진행합니다. 경기 상태는 경기 전입니다.,2026-09-29,18:30,GWANGJU,광주,KT,KIA,,,PREV,REGULAR,THIRD_PARTY_API,CONFIRMED
schedule_b880fee24a17f096,https://gw.tving.com/bff/sports/v2/kbo/schedule?date=20260929&screenCode=CSSD0100&osCode=CSOD0900,LGSSG,schedule,2026-09-07 13:48:22,2026 시즌 KBO 경기 일정입니다. 2026-09-29 18:30에 문학구장에서 LG 원정팀과 SSG 홈팀이 경기를 진행합니다. 경기 상태는 경기 전입니다.,2026-09-29,18:30,MUNHAK,문학,LG,SSG,,,PREV,REGULAR,THIRD_PARTY_API,CONFIRMED
schedule_84546fedb532b110,https://gw.tving.com/bff/sports/v2/kbo/schedule?date=20260929&screenCode=CSSD0100&osCode=CSOD0900,NC두산,schedule,2026-09-07 13:48:22,2026 시즌 KBO 경기 일정입니다. 2026-09-29 18:30에 잠실구장에서 NC 원정팀과 두산 홈팀이 경기를 진행합니다. 경기 상태는 경기 전입니다.,2026-09-29,18:30,JAMSIL,잠실,NC,DOOSAN,,,PREV,REGULAR,THIRD_PARTY_API,CONFIRMED
schedule_cb9192b42cf29760,https://gw.tving.com/bff/sports/v2/kbo/schedule?date=20260929&screenCode=CSSD0100&osCode=CSOD0900,키움롯데,schedule,2026-09-07 13:48:22,2026 시즌 KBO 경기 일정입니다. 2026-09-29 18:30에 사직구장에서 키움 원정팀과 롯데 홈팀이 경기를 진행합니다. 경기 상태는 경기 전입니다.,2026-09-29,18:30,SAJIK,사직,KIWOOM,LOTTE,,,PREV,REGULAR,THIRD_PARTY_API,CONFIRMED
schedule_50e070e28b776e25,https://gw.tving.com/bff/sports/v2/kbo/schedule?date=20260930&screenCode=CSSD0100&osCode=CSOD0900,한화삼성,schedule,2026-09-07 13:48:22,2026 시즌 KBO 경기 일정입니다. 2026-09-30 18:30에 대구구장에서 한화 원정팀과 삼성 홈팀이 경기를 진행합니다. 경기 상태는 경기 전입니다.,2026-09-30,18:30,DAEGU,대구,HANWHA,SAMSUNG,,,PREV,REGULAR,THIRD_PARTY_API,CONFIRMED
schedule_2179fdff1cd227cf,https://gw.tving.com/bff/sports/v2/kbo/schedule?date=20260930&screenCode=CSSD0100&osCode=CSOD0900,KTKIA,schedule,2026-09-07 13:48:22,2026 시즌 KBO 경기 일정입니다. 2026-09-30 18:30에 광주구장에서 KT 원정팀과 KIA 홈팀이 경기를 진행합니다. 경기 상태는 경기 전입니다.,2026-09-30,18:30,GWANGJU,광주,KT,KIA,,,PREV,REGULAR,THIRD_PARTY_API,CONFIRMED
schedule_27b7c8d7d50ca558,https://gw.tving.com/bff/sports/v2/kbo/schedule?date=20260930&screenCode=CSSD0100&osCode=CSOD0900,LGSSG,schedule,2026-09-07 13:48:22,2026 시즌 KBO 경기 일정입니다. 2026-09-30 18:30에 문학구장에서 LG 원정팀과 SSG 홈팀이 경기를 진행합니다. 경기 상태는 경기 전입니다.,2026-09-30,18:30,MUNHAK,문학,LG,SSG,,,PREV,REGULAR,THIRD_PARTY_API,CONFIRMED
schedule_4baa4cea5b3f95ee,https://gw.tving.com/bff/sports/v2/kbo/schedule?date=20260930&screenCode=CSSD0100&osCode=CSOD0900,NC두산,schedule,2026-09-07 13:48:22,2026 시즌 KBO 경기 일정입니다. 2026-09-30 18:30에 잠실구장에서 NC 원정팀과 두산 홈팀이 경기를 진행합니다. 경기 상태는 경기 전입니다.,2026-09-30,18:30,JAMSIL,잠실,NC,DOOSAN,,,PREV,REGULAR,THIRD_PARTY_API,CONFIRMED
schedule_1e48e167efe00d4d,https://gw.tving.com/bff/sports/v2/kbo/schedule?date=20260930&screenCode=CSSD0100&osCode=CSOD0900,키움롯데,schedule,2026-09-07 13:48:22,2026 시즌 KBO 경기 일정입니다. 2026-09-30 18:30에 사직구장에서 키움 원정팀과 롯데 홈팀이 경기를 진행합니다. 경기 상태는 경기 전입니다.,2026-09-30,18:30,SAJIK,사직,KIWOOM,LOTTE,,,PREV,REGULAR,THIRD_PARTY_API,CONFIRMED
schedule_286a557d0430ad55,https://gw.tving.com/bff/sports/v2/kbo/schedule?date=20261001&screenCode=CSSD0100&osCode=CSOD0900,한화삼성,schedule,2026-09-07 13:48:22,2026 시즌 KBO 경기 일정입니다. 2026-10-01 18:30에 대구구장에서 한화 원정팀과 삼성 홈팀이 경기를 진행합니다. 경기 상태는 경기 전입니다.,2026-10-01,18:30,DAEGU,대구,HANWHA,SAMSUNG,,,PREV,REGULAR,THIRD_PARTY_API,CONFIRMED
schedule_833a6b139bb52f7b,https://gw.tving.com/bff/sports/v2/kbo/schedule?date=20261001&screenCode=CSSD0100&osCode=CSOD0900,KTKIA,schedule,2026-09-07 13:48:22,2026 시즌 KBO 경기 일정입니다. 2026-10-01 18:30에 광주구장에서 KT 원정팀과 KIA 홈팀이 경기를 진행합니다. 경기 상태는 경기 전입니다.,2026-10-01,18:30,GWANGJU,광주,KT,KIA,,,PREV,REGULAR,THIRD_PARTY_API,CONFIRMED
schedule_a47cc8d7f36fb174,https://gw.tving.com/bff/sports/v2/kbo/schedule?date=20261001&screenCode=CSSD0100&osCode=CSOD0900,LGSSG,schedule,2026-09-07 13:48:22,2026 시즌 KBO 경기 일정입니다. 2026-10-01 18:30에 문학구장에서 LG 원정팀과 SSG 홈팀이 경기를 진행합니다. 경기 상태는 경기 전입니다.,2026-10-01,18:30,MUNHAK,문학,LG,SSG,,,PREV,REGULAR,THIRD_PARTY_API,CONFIRMED
schedule_87ca7c735c9918ab,https://gw.tving.com/bff/sports/v2/kbo/schedule?date=20261001&screenCode=CSSD0100&osCode=CSOD0900,NC두산,schedule,2026-09-07 13:48:22,2026 시즌 KBO 경기 일정입니다. 2026-10-01 18:30에 잠실구장에서 NC 원정팀과 두산 홈팀이 경기를 진행합니다. 경기 상태는 경기 전입니다.,2026-10-01,18:30,JAMSIL,잠실,NC,DOOSAN,,,PREV,REGULAR,THIRD_PARTY_API,CONFIRMED
schedule_922b46e9695de346,https://gw.tving.com/bff/sports/v2/kbo/schedule?date=20261003&screenCode=CSSD0100&osCode=CSOD0900,키움한화,schedule,2026-09-07 13:48:22,2026 시즌 KBO 경기 일정입니다. 2026-10-03 14:00에 대전구장에서 키움 원정팀과 한화 홈팀이 경기를 진행합니다. 경기 상태는 경기 전입니다.,2026-10-03,14:00,DAEJEON,대전,KIWOOM,HANWHA,,,PREV,REGULAR,THIRD_PARTY_API,CONFIRMED
schedule_c69b128133d60f07,https://gw.tving.com/bff/sports/v2/kbo/schedule?date=20261003&screenCode=CSSD0100&osCode=CSOD0900,SSGNC,schedule,2026-09-07 13:48:22,2026 시즌 KBO 경기 일정입니다. 2026-10-03 14:00에 창원구장에서 SSG 원정팀과 NC 홈팀이 경기를 진행합니다. 경기 상태는 경기 전입니다.,2026-10-03,14:00,CHANGWON,창원,SSG,NC,,,PREV,REGULAR,THIRD_PARTY_API,CONFIRMED
schedule_424fa0ba8429c674,https://gw.tving.com/bff/sports/v2/kbo/schedule?date=20261003&screenCode=CSSD0100&osCode=CSOD0900,두산삼성,schedule,2026-09-07 13:48:22,2026 시즌 KBO 경기 일정입니다. 2026-10-03 14:00에 대구구장에서 두산 원정팀과 삼성 홈팀이 경기를 진행합니다. 경기 상태는 경기 전입니다.,2026-10-03,14:00,DAEGU,대구,DOOSAN,SAMSUNG,,,PREV,REGULAR,THIRD_PARTY_API,CONFIRMED
schedule_c05dda914b8e24c3,https://gw.tving.com/bff/sports/v2/kbo/schedule?date=20261003&screenCode=CSSD0100&osCode=CSOD0900,롯데KT,schedule,2026-09-07 13:48:22,2026 시즌 KBO 경기 일정입니다. 2026-10-03 14:00에 수원구장에서 롯데 원정팀과 KT 홈팀이 경기를 진행합니다. 경기 상태는 경기 전입니다.,2026-10-03,14:00,SUWON,수원,LOTTE,KT,,,PREV,REGULAR,THIRD_PARTY_API,CONFIRMED
schedule_513682ffd10c7e7b,https://gw.tving.com/bff/sports/v2/kbo/schedule?date=20261003&screenCode=CSSD0100&osCode=CSOD0900,KIALG,schedule,2026-09-07 13:48:22,2026 시즌 KBO 경기 일정입니다. 2026-10-03 14:00에 잠실구장에서 KIA 원정팀과 LG 홈팀이 경기를 진행합니다. 경기 상태는 경기 전입니다.,2026-10-03,14:00,JAMSIL,잠실,KIA,LG,,,PREV,REGULAR,THIRD_PARTY_API,CONFIRMED
schedule_6f3a65bb0a20a815,https://gw.tving.com/bff/sports/v2/kbo/schedule?date=20261004&screenCode=CSSD0100&osCode=CSOD0900,KIALG,schedule,2026-09-07 13:48:22,2026 시즌 KBO 경기 일정입니다. 2026-10-04 14:00에 잠실구장에서 KIA 원정팀과 LG 홈팀이 경기를 진행합니다. 경기 상태는 경기 전입니다.,2026-10-04,14:00,JAMSIL,잠실,KIA,LG,,,PREV,REGULAR,THIRD_PARTY_API,CONFIRMED
schedule_8a9e68aec5e9e511,https://gw.tving.com/bff/sports/v2/kbo/schedule?date=20261004&screenCode=CSSD0100&osCode=CSOD0900,롯데KT,schedule,2026-09-07 13:48:22,2026 시즌 KBO 경기 일정입니다. 2026-10-04 14:00에 수원구장에서 롯데 원정팀과 KT 홈팀이 경기를 진행합니다. 경기 상태는 경기 전입니다.,2026-10-04,14:00,SUWON,수원,LOTTE,KT,,,PREV,REGULAR,THIRD_PARTY_API,CONFIRMED
schedule_7cf9b8b7dc3a8649,https://gw.tving.com/bff/sports/v2/kbo/schedule?date=20261004&screenCode=CSSD0100&osCode=CSOD0900,두산삼성,schedule,2026-09-07 13:48:22,2026 시즌 KBO 경기 일정입니다. 2026-10-04 14:00에 대구구장에서 두산 원정팀과 삼성 홈팀이 경기를 진행합니다. 경기 상태는 경기 전입니다.,2026-10-04,14:00,DAEGU,대구,DOOSAN,SAMSUNG,,,PREV,REGULAR,THIRD_PARTY_API,CONFIRMED
schedule_74085b1aeb53532b,https://gw.tving.com/bff/sports/v2/kbo/schedule?date=20261004&screenCode=CSSD0100&osCode=CSOD0900,SSGNC,schedule,2026-09-07 13:48:22,2026 시즌 KBO 경기 일정입니다. 2026-10-04 14:00에 창원구장에서 SSG 원정팀과 NC 홈팀이 경기를 진행합니다. 경기 상태는 경기 전입니다.,2026-10-04,14:00,CHANGWON,창원,SSG,NC,,,PREV,REGULAR,THIRD_PARTY_API,CONFIRMED
schedule_5f46ebb4cee953fd,https://gw.tving.com/bff/sports/v2/kbo/schedule?date=20261004&screenCode=CSSD0100&osCode=CSOD0900,키움한화,schedule,2026-09-07 13:48:22,2026 시즌 KBO 경기 일정입니다. 2026-10-04 14:00에 대전구장에서 키움 원정팀과 한화 홈팀이 경기를 진행합니다. 경기 상태는 경기 전입니다.,2026-10-04,14:00,DAEJEON,대전,KIWOOM,HANWHA,,,PREV,REGULAR,THIRD_PARTY_API,CONFIRMED
schedule_6b20b820900ef169,https://gw.tving.com/bff/sports/v2/kbo/schedule?date=20261005&screenCode=CSSD0100&osCode=CSOD0900,KIALG,schedule,2026-09-07 13:48:22,2026 시즌 KBO 경기 일정입니다. 2026-10-05 14:00에 잠실구장에서 KIA 원정팀과 LG 홈팀이 경기를 진행합니다. 경기 상태는 경기 전입니다.,2026-10-05,14:00,JAMSIL,잠실,KIA,LG,,,PREV,REGULAR,THIRD_PARTY_API,CONFIRMED
schedule_f8d3262e4c9b3012,https://gw.tving.com/bff/sports/v2/kbo/schedule?date=20261005&screenCode=CSSD0100&osCode=CSOD0900,롯데KT,schedule,2026-09-07 13:48:22,2026 시즌 KBO 경기 일정입니다. 2026-10-05 14:00에 수원구장에서 롯데 원정팀과 KT 홈팀이 경기를 진행합니다. 경기 상태는 경기 전입니다.,2026-10-05,14:00,SUWON,수원,LOTTE,KT,,,PREV,REGULAR,THIRD_PARTY_API,CONFIRMED
schedule_a3a017e46f39f804,https://gw.tving.com/bff/sports/v2/kbo/schedule?date=20261005&screenCode=CSSD0100&osCode=CSOD0900,두산삼성,schedule,2026-09-07 13:48:22,2026 시즌 KBO 경기 일정입니다. 2026-10-05 14:00에 대구구장에서 두산 원정팀과 삼성 홈팀이 경기를 진행합니다. 경기 상태는 경기 전입니다.,2026-10-05,14:00,DAEGU,대구,DOOSAN,SAMSUNG,,,PREV,REGULAR,THIRD_PARTY_API,CONFIRMED
schedule_99f7790dd4fc6cbf,https://gw.tving.com/bff/sports/v2/kbo/schedule?date=20261005&screenCode=CSSD0100&osCode=CSOD0900,SSGNC,schedule,2026-09-07 13:48:22,2026 시즌 KBO 경기 일정입니다. 2026-10-05 14:00에 창원구장에서 SSG 원정팀과 NC 홈팀이 경기를 진행합니다. 경기 상태는 경기 전입니다.,2026-10-05,14:00,CHANGWON,창원,SSG,NC,,,PREV,REGULAR,THIRD_PARTY_API,CONFIRMED
schedule_76bb30d6acb4342c,https://gw.tving.com/bff/sports/v2/kbo/schedule?date=20261005&screenCode=CSSD0100&osCode=CSOD0900,키움한화,schedule,2026-09-07 13:48:22,2026 시즌 KBO 경기 일정입니다. 2026-10-05 14:00에 대전구장에서 키움 원정팀과 한화 홈팀이 경기를 진행합니다. 경기 상태는 경기 전입니다.,2026-10-05,14:00,DAEJEON,대전,KIWOOM,HANWHA,,,PREV,REGULAR,THIRD_PARTY_API,CONFIRMED
schedule_3486f43b5ec36082,https://gw.tving.com/bff/sports/v2/kbo/schedule?date=20261006&screenCode=CSSD0100&osCode=CSOD0900,KT키움,schedule,2026-09-07 13:48:22,2026 시즌 KBO 경기 일정입니다. 2026-10-06 18:30에 고척구장에서 KT 원정팀과 키움 홈팀이 경기를 진행합니다. 경기 상태는 경기 전입니다.,2026-10-06,18:30,GOCHEOK,고척,KT,KIWOOM,,,PREV,REGULAR,THIRD_PARTY_API,CONFIRMED
schedule_58f6d2de4b011df9,https://gw.tving.com/bff/sports/v2/kbo/schedule?date=20261006&screenCode=CSSD0100&osCode=CSOD0900,NCLG,schedule,2026-09-07 13:48:22,2026 시즌 KBO 경기 일정입니다. 2026-10-06 18:30에 잠실구장에서 NC 원정팀과 LG 홈팀이 경기를 진행합니다. 경기 상태는 경기 전입니다.,2026-10-06,18:30,JAMSIL,잠실,NC,LG,,,PREV,REGULAR,THIRD_PARTY_API,CONFIRMED
schedule_8a562f669a87d276,https://gw.tving.com/bff/sports/v2/kbo/schedule?date=20261006&screenCode=CSSD0100&osCode=CSOD0900,두산롯데,schedule,2026-09-07 13:48:22,2026 시즌 KBO 경기 일정입니다. 2026-10-06 18:30에 사직구장에서 두산 원정팀과 롯데 홈팀이 경기를 진행합니다. 경기 상태는 경기 전입니다.,2026-10-06,18:30,SAJIK,사직,DOOSAN,LOTTE,,,PREV,REGULAR,THIRD_PARTY_API,CONFIRMED
schedule_a2d8a0d79616dade,https://gw.tving.com/bff/sports/v2/kbo/schedule?date=20261006&screenCode=CSSD0100&osCode=CSOD0900,SSG한화,schedule,2026-09-07 13:48:22,2026 시즌 KBO 경기 일정입니다. 2026-10-06 18:30에 대전구장에서 SSG 원정팀과 한화 홈팀이 경기를 진행합니다. 경기 상태는 경기 전입니다.,2026-10-06,18:30,DAEJEON,대전,SSG,HANWHA,,,PREV,REGULAR,THIRD_PARTY_API,CONFIRMED
schedule_0813795a9950e280,https://gw.tving.com/bff/sports/v2/kbo/schedule?date=20261006&screenCode=CSSD0100&osCode=CSOD0900,삼성KIA,schedule,2026-09-07 13:48:22,2026 시즌 KBO 경기 일정입니다. 2026-10-06 18:30에 광주구장에서 삼성 원정팀과 KIA 홈팀이 경기를 진행합니다. 경기 상태는 경기 전입니다.,2026-10-06,18:30,GWANGJU,광주,SAMSUNG,KIA,,,PREV,REGULAR,THIRD_PARTY_API,CONFIRMED
schedule_7d867fe9e2098f54,https://gw.tving.com/bff/sports/v2/kbo/schedule?date=20261007&screenCode=CSSD0100&osCode=CSOD0900,한화키움,schedule,2026-09-07 13:48:22,2026 시즌 KBO 경기 일정입니다. 2026-10-07 18:30에 고척구장에서 한화 원정팀과 키움 홈팀이 경기를 진행합니다. 경기 상태는 경기 전입니다.,2026-10-07,18:30,GOCHEOK,고척,HANWHA,KIWOOM,,,PREV,REGULAR,THIRD_PARTY_API,CONFIRMED
schedule_22d00c77dce8ec1a,https://gw.tving.com/bff/sports/v2/kbo/schedule?date=20261007&screenCode=CSSD0100&osCode=CSOD0900,KIA롯데,schedule,2026-09-07 13:48:22,2026 시즌 KBO 경기 일정입니다. 2026-10-07 18:30에 사직구장에서 KIA 원정팀과 롯데 홈팀이 경기를 진행합니다. 경기 상태는 경기 전입니다.,2026-10-07,18:30,SAJIK,사직,KIA,LOTTE,,,PREV,REGULAR,THIRD_PARTY_API,CONFIRMED
schedule_1a297ea45aee9848,https://gw.tving.com/bff/sports/v2/kbo/schedule?date=20261007&screenCode=CSSD0100&osCode=CSOD0900,NCSSG,schedule,2026-09-07 13:48:22,2026 시즌 KBO 경기 일정입니다. 2026-10-07 18:30에 문학구장에서 NC 원정팀과 SSG 홈팀이 경기를 진행합니다. 경기 상태는 경기 전입니다.,2026-10-07,18:30,MUNHAK,문학,NC,SSG,,,PREV,REGULAR,THIRD_PARTY_API,CONFIRMED
schedule_e72449e6bfcaaa2e,https://gw.tving.com/bff/sports/v2/kbo/schedule?date=20261007&screenCode=CSSD0100&osCode=CSOD0900,두산LG,schedule,2026-09-07 13:48:22,2026 시즌 KBO 경기 일정입니다. 2026-10-07 18:30에 잠실구장에서 두산 원정팀과 LG 홈팀이 경기를 진행합니다. 경기 상태는 경기 전입니다.,2026-10-07,18:30,JAMSIL,잠실,DOOSAN,LG,,,PREV,REGULAR,THIRD_PARTY_API,CONFIRMED
schedule_213e57768b542305,https://gw.tving.com/bff/sports/v2/kbo/schedule?date=20261007&screenCode=CSSD0100&osCode=CSOD0900,삼성KT,schedule,2026-09-07 13:48:22,2026 시즌 KBO 경기 일정입니다. 2026-10-07 18:30에 수원구장에서 삼성 원정팀과 KT 홈팀이 경기를 진행합니다. 경기 상태는 경기 전입니다.,2026-10-07,18:30,SUWON,수원,SAMSUNG,KT,,,PREV,REGULAR,THIRD_PARTY_API,CONFIRMED
